filename,num_aisles,num_cells,alpha,articles,seed,objective,DP time [ms],NF time [ms],TSP time [ms]
unit_F1_m5_C30_a3_0.txt,5,30,1,3,0,60,0.0874,6.4596,1.25
unit_F1_m5_C30_a3_1.txt,5,30,1,3,1,62,0.0926,1.9562,0.63
unit_F1_m5_C30_a3_2.txt,5,30,1,3,2,68,0.1351,2.1632,0.78
unit_F1_m5_C30_a3_3.txt,5,30,1,3,3,60,0.1245,4.0694,0.94
unit_F1_m5_C30_a3_4.txt,5,30,1,3,4,88,0.1296,4.2052,0.78
unit_F1_m5_C30_a3_5.txt,5,30,1,3,5,54,0.1327,5.5875,0.47
unit_F1_m5_C30_a3_6.txt,5,30,1,3,6,94,0.1415,5.389,0.47
unit_F1_m5_C30_a3_7.txt,5,30,1,3,7,88,0.1367,4.2682,0.47
unit_F1_m5_C30_a3_8.txt,5,30,1,3,8,78,0.1371,1.4238,0.47
unit_F1_m5_C30_a3_9.txt,5,30,1,3,9,98,0.1451,1.9465,0.63
unit_F1_m5_C30_a3_10.txt,5,30,1,3,10,46,0.0716,1.2584,0.78
unit_F1_m5_C30_a3_11.txt,5,30,1,3,11,88,0.1287,1.9771,1.09
unit_F1_m5_C30_a3_12.txt,5,30,1,3,12,76,0.168,1.9375,0
unit_F1_m5_C30_a3_13.txt,5,30,1,3,13,68,0.116,1.6211,1.09
unit_F1_m5_C30_a3_14.txt,5,30,1,3,14,50,0.0597,1.39,0.31
unit_F1_m5_C30_a3_15.txt,5,30,1,3,15,68,0.1108,1.2979,0.31
unit_F1_m5_C30_a3_16.txt,5,30,1,3,16,68,0.107,1.598,0.63
unit_F1_m5_C30_a3_17.txt,5,30,1,3,17,88,0.0688,1.0383,0.16
unit_F1_m5_C30_a3_18.txt,5,30,1,3,18,64,0.0913,1.1613,0.47
unit_F1_m5_C30_a3_19.txt,5,30,1,3,19,88,0.1354,5.2743,0.16
unit_F1_m5_C30_a3_20.txt,5,30,1,3,20,54,0.0891,3.8513,0.47
unit_F1_m5_C30_a3_21.txt,5,30,1,3,21,70,0.0721,2.9003,0.16
unit_F1_m5_C30_a3_22.txt,5,30,1,3,22,46,0.0555,4.2052,0.47
unit_F1_m5_C30_a3_23.txt,5,30,1,3,23,58,0.0619,1.5475,0.63
unit_F1_m5_C30_a3_24.txt,5,30,1,3,24,56,0.0757,1.1631,0.47
unit_F1_m5_C30_a3_25.txt,5,30,1,3,25,44,0.0616,1.2223,0.16
unit_F1_m5_C30_a3_26.txt,5,30,1,3,26,76,0.1018,1.4345,0.16
unit_F1_m5_C30_a3_27.txt,5,30,1,3,27,68,0.1053,1.4364,0.16
unit_F1_m5_C30_a3_28.txt,5,30,1,3,28,76,0.0881,1.0959,0.63
unit_F1_m5_C30_a3_29.txt,5,30,1,3,29,68,0.0955,1.5013,0
unit_F1_m5_C30_a3_30.txt,5,30,1,3,30,62,0.1233,1.5029,0.78
unit_F1_m5_C30_a3_31.txt,5,30,1,3,31,70,0.0829,1.0586,0.31
unit_F1_m5_C30_a3_32.txt,5,30,1,3,32,82,0.1465,1.4772,0.63
unit_F1_m5_C30_a3_33.txt,5,30,1,3,33,82,0.1314,1.8678,0.63
unit_F1_m5_C30_a3_34.txt,5,30,1,3,34,66,0.0693,1.0528,0.31
unit_F1_m5_C30_a3_35.txt,5,30,1,3,35,84,0.1046,1.3188,0.47
unit_F1_m5_C30_a3_36.txt,5,30,1,3,36,38,0.0733,3.6251,0.47
unit_F1_m5_C30_a3_37.txt,5,30,1,3,37,86,0.2003,1.6807,0.31
unit_F1_m5_C30_a3_38.txt,5,30,1,3,38,70,0.1261,1.6555,0.31
unit_F1_m5_C30_a3_39.txt,5,30,1,3,39,98,0.0666,3.9208,0.78
unit_F1_m5_C30_a3_40.txt,5,30,1,3,40,68,0.1002,3.562,0.47
unit_F1_m5_C30_a3_41.txt,5,30,1,3,41,60,0.0844,1.3269,1.09
unit_F1_m5_C30_a3_42.txt,5,30,1,3,42,66,0.1012,1.6978,1.09
unit_F1_m5_C30_a3_43.txt,5,30,1,3,43,48,0.0625,1.0931,0.47
unit_F1_m5_C30_a3_44.txt,5,30,1,3,44,68,0.1067,1.5599,1.09
unit_F1_m5_C30_a3_45.txt,5,30,1,3,45,82,0.1121,4.3552,0.63
unit_F1_m5_C30_a3_46.txt,5,30,1,3,46,78,0.0852,3.6467,0.31
unit_F1_m5_C30_a3_47.txt,5,30,1,3,47,84,0.1475,4.7522,0.16
unit_F1_m5_C30_a3_48.txt,5,30,1,3,48,56,0.074,3.2384,0.47
unit_F1_m5_C30_a3_49.txt,5,30,1,3,49,70,0.112,3.798,1.41
unit_F1_m5_C30_a7_0.txt,5,30,1,7,0,92,0.1529,3.6461,0.94
unit_F1_m5_C30_a7_1.txt,5,30,1,7,1,78,0.1703,8.711,0.63
unit_F1_m5_C30_a7_2.txt,5,30,1,7,2,114,0.158,2.7591,0.63
unit_F1_m5_C30_a7_3.txt,5,30,1,7,3,98,0.1548,2.0886,0.78
unit_F1_m5_C30_a7_4.txt,5,30,1,7,4,88,0.1491,2.3585,0.16
unit_F1_m5_C30_a7_5.txt,5,30,1,7,5,92,0.1467,2.6777,0.63
unit_F1_m5_C30_a7_6.txt,5,30,1,7,6,114,0.1612,4.0662,0.63
unit_F1_m5_C30_a7_7.txt,5,30,1,7,7,96,0.1669,2.4775,0.78
unit_F1_m5_C30_a7_8.txt,5,30,1,7,8,84,0.1695,2.6579,0.31
unit_F1_m5_C30_a7_9.txt,5,30,1,7,9,102,0.1743,2.7887,0.31
unit_F1_m5_C30_a7_10.txt,5,30,1,7,10,84,0.0949,1.9786,0.63
unit_F1_m5_C30_a7_11.txt,5,30,1,7,11,100,0.1766,3.7324,0.94
unit_F1_m5_C30_a7_12.txt,5,30,1,7,12,88,0.1737,3.4426,0.94
unit_F1_m5_C30_a7_13.txt,5,30,1,7,13,88,0.172,2.9104,0.31
unit_F1_m5_C30_a7_14.txt,5,30,1,7,14,88,0.0803,1.9742,0.31
unit_F1_m5_C30_a7_15.txt,5,30,1,7,15,94,0.1299,2.2044,0.78
unit_F1_m5_C30_a7_16.txt,5,30,1,7,16,88,0.1189,4.7814,1.25
unit_F1_m5_C30_a7_17.txt,5,30,1,7,17,108,0.0764,1.5257,0.47
unit_F1_m5_C30_a7_18.txt,5,30,1,7,18,86,0.1247,2.3854,0.31
unit_F1_m5_C30_a7_19.txt,5,30,1,7,19,118,0.189,4.8413,0.78
unit_F1_m5_C30_a7_20.txt,5,30,1,7,20,90,0.171,2.6379,0.94
unit_F1_m5_C30_a7_21.txt,5,30,1,7,21,90,0.1472,7.8662,0.47
unit_F1_m5_C30_a7_22.txt,5,30,1,7,22,86,0.1533,6.3584,0.78
unit_F1_m5_C30_a7_23.txt,5,30,1,7,23,98,0.18,2.3043,0.94
unit_F1_m5_C30_a7_24.txt,5,30,1,7,24,98,0.1724,3.345,0.47
unit_F1_m5_C30_a7_25.txt,5,30,1,7,25,96,0.1655,2.5687,0.31
unit_F1_m5_C30_a7_26.txt,5,30,1,7,26,88,0.118,2.2677,0.47
unit_F1_m5_C30_a7_27.txt,5,30,1,7,27,88,0.1285,2.1058,0.78
unit_F1_m5_C30_a7_28.txt,5,30,1,7,28,96,0.1079,2.0664,0.78
unit_F1_m5_C30_a7_29.txt,5,30,1,7,29,88,0.1523,3.3008,0.94
unit_F1_m5_C30_a7_30.txt,5,30,1,7,30,82,0.1502,7.8401,1.09
unit_F1_m5_C30_a7_31.txt,5,30,1,7,31,88,0.1272,6.9368,0.94
unit_F1_m5_C30_a7_32.txt,5,30,1,7,32,98,0.182,3.2555,1.09
unit_F1_m5_C30_a7_33.txt,5,30,1,7,33,96,0.1581,8.6442,0.63
unit_F1_m5_C30_a7_34.txt,5,30,1,7,34,98,0.1059,2.2074,0.78
unit_F1_m5_C30_a7_35.txt,5,30,1,7,35,88,0.1526,4.6105,0.47
unit_F1_m5_C30_a7_36.txt,5,30,1,7,36,104,0.1734,6.65,0.31
unit_F1_m5_C30_a7_37.txt,5,30,1,7,37,100,0.1587,7.63,0.94
unit_F1_m5_C30_a7_38.txt,5,30,1,7,38,88,0.1439,2.625,0.78
unit_F1_m5_C30_a7_39.txt,5,30,1,7,39,102,0.164,7.4646,1.41
unit_F1_m5_C30_a7_40.txt,5,30,1,7,40,86,0.1235,2.3004,0.63
unit_F1_m5_C30_a7_41.txt,5,30,1,7,41,86,0.1192,2.0951,0.94
unit_F1_m5_C30_a7_42.txt,5,30,1,7,42,86,0.1512,2.8781,0.47
unit_F1_m5_C30_a7_43.txt,5,30,1,7,43,88,0.1347,5.1197,0.63
unit_F1_m5_C30_a7_44.txt,5,30,1,7,44,88,0.1384,1.8622,0.78
unit_F1_m5_C30_a7_45.txt,5,30,1,7,45,108,0.1457,9.1629,0.31
unit_F1_m5_C30_a7_46.txt,5,30,1,7,46,86,0.1026,1.5024,0.16
unit_F1_m5_C30_a7_47.txt,5,30,1,7,47,104,0.1844,4.6866,0.47
unit_F1_m5_C30_a7_48.txt,5,30,1,7,48,88,0.1453,2.4701,0.78
unit_F1_m5_C30_a7_49.txt,5,30,1,7,49,96,0.1511,2.5433,0.78
unit_F1_m5_C30_a15_0.txt,5,30,1,15,0,150,0.2071,5.8784,3.91
unit_F1_m5_C30_a15_1.txt,5,30,1,15,1,144,0.2376,5.8255,14.38
unit_F1_m5_C30_a15_2.txt,5,30,1,15,2,134,0.1784,4.0634,6.56
unit_F1_m5_C30_a15_3.txt,5,30,1,15,3,128,0.1853,4.9256,11.88
unit_F1_m5_C30_a15_4.txt,5,30,1,15,4,136,0.2047,5.5497,5.94
unit_F1_m5_C30_a15_5.txt,5,30,1,15,5,134,0.2031,5.593,2.97
unit_F1_m5_C30_a15_6.txt,5,30,1,15,6,138,0.2075,17.753,10
unit_F1_m5_C30_a15_7.txt,5,30,1,15,7,124,0.1868,11.5115,7.03
unit_F1_m5_C30_a15_8.txt,5,30,1,15,8,138,0.1962,12.4678,10.16
unit_F1_m5_C30_a15_9.txt,5,30,1,15,9,140,0.2142,6.1921,5.31
unit_F1_m5_C30_a15_10.txt,5,30,1,15,10,136,0.2004,4.9059,5.16
unit_F1_m5_C30_a15_11.txt,5,30,1,15,11,112,0.2118,14.5885,4.22
unit_F1_m5_C30_a15_12.txt,5,30,1,15,12,130,0.2036,12.5146,4.38
unit_F1_m5_C30_a15_13.txt,5,30,1,15,13,120,0.194,4.0745,5.63
unit_F1_m5_C30_a15_14.txt,5,30,1,15,14,132,0.2086,4.8999,5.16
unit_F1_m5_C30_a15_15.txt,5,30,1,15,15,138,0.2223,7.0012,3.75
unit_F1_m5_C30_a15_16.txt,5,30,1,15,16,108,0.1697,3.5353,4.69
unit_F1_m5_C30_a15_17.txt,5,30,1,15,17,144,0.205,5.3184,4.53
unit_F1_m5_C30_a15_18.txt,5,30,1,15,18,150,0.2186,6.9237,3.44
unit_F1_m5_C30_a15_19.txt,5,30,1,15,19,148,0.2101,6.3526,5
unit_F1_m5_C30_a15_20.txt,5,30,1,15,20,138,0.2127,6.068,7.81
unit_F1_m5_C30_a15_21.txt,5,30,1,15,21,130,0.1818,4.521,5.31
unit_F1_m5_C30_a15_22.txt,5,30,1,15,22,130,0.1979,10.6999,4.22
unit_F1_m5_C30_a15_23.txt,5,30,1,15,23,132,0.1965,3.9194,7.66
unit_F1_m5_C30_a15_24.txt,5,30,1,15,24,108,0.1902,3.7799,5.31
unit_F1_m5_C30_a15_25.txt,5,30,1,15,25,126,0.1891,3.713,4.22
unit_F1_m5_C30_a15_26.txt,5,30,1,15,26,142,0.161,4.3846,5.16
unit_F1_m5_C30_a15_27.txt,5,30,1,15,27,136,0.2004,3.932,4.38
unit_F1_m5_C30_a15_28.txt,5,30,1,15,28,124,0.1774,4.1736,5.16
unit_F1_m5_C30_a15_29.txt,5,30,1,15,29,122,0.2163,5.6705,4.38
unit_F1_m5_C30_a15_30.txt,5,30,1,15,30,98,0.1963,4.9068,5.78
unit_F1_m5_C30_a15_31.txt,5,30,1,15,31,122,0.1818,5.1812,4.06
unit_F1_m5_C30_a15_32.txt,5,30,1,15,32,136,0.2025,5.2002,3.59
unit_F1_m5_C30_a15_33.txt,5,30,1,15,33,120,0.2181,5.0202,5.31
unit_F1_m5_C30_a15_34.txt,5,30,1,15,34,128,0.2013,5.7142,6.25
unit_F1_m5_C30_a15_35.txt,5,30,1,15,35,138,0.2139,5.9467,5.47
unit_F1_m5_C30_a15_36.txt,5,30,1,15,36,142,0.2078,4.9168,4.22
unit_F1_m5_C30_a15_37.txt,5,30,1,15,37,130,0.1765,4.5027,3.44
unit_F1_m5_C30_a15_38.txt,5,30,1,15,38,122,0.1659,3.8823,6.88
unit_F1_m5_C30_a15_39.txt,5,30,1,15,39,132,0.2012,5.8969,5
unit_F1_m5_C30_a15_40.txt,5,30,1,15,40,118,0.1462,3.57,5.78
unit_F1_m5_C30_a15_41.txt,5,30,1,15,41,104,0.1663,3.6525,3.75
unit_F1_m5_C30_a15_42.txt,5,30,1,15,42,106,0.1647,3.5603,7.97
unit_F1_m5_C30_a15_43.txt,5,30,1,15,43,116,0.1964,4.2772,6.72
unit_F1_m5_C30_a15_44.txt,5,30,1,15,44,110,0.1648,3.2235,8.28
unit_F1_m5_C30_a15_45.txt,5,30,1,15,45,118,0.1498,3.7821,7.03
unit_F1_m5_C30_a15_46.txt,5,30,1,15,46,120,0.1811,3.7758,5.63
unit_F1_m5_C30_a15_47.txt,5,30,1,15,47,134,0.2069,5.6672,7.5
unit_F1_m5_C30_a15_48.txt,5,30,1,15,48,132,0.1842,4.67,4.06
unit_F1_m5_C30_a15_49.txt,5,30,1,15,49,116,0.1746,4.1871,4.84
unit_F1_m5_C30_a30_0.txt,5,30,1,30,0,178,0.2283,6.6883,20.31
unit_F1_m5_C30_a30_1.txt,5,30,1,30,1,178,0.226,6.9315,20.78
unit_F1_m5_C30_a30_2.txt,5,30,1,30,2,180,0.2254,6.6192,9.84
unit_F1_m5_C30_a30_3.txt,5,30,1,30,3,156,0.2204,6.6787,12.5
unit_F1_m5_C30_a30_4.txt,5,30,1,30,4,164,0.2268,6.7966,25.94
unit_F1_m5_C30_a30_5.txt,5,30,1,30,5,176,0.2295,7.0856,44.53
unit_F1_m5_C30_a30_6.txt,5,30,1,30,6,164,0.2255,6.6438,23.59
unit_F1_m5_C30_a30_7.txt,5,30,1,30,7,148,0.2183,6.1071,13.75
unit_F1_m5_C30_a30_8.txt,5,30,1,30,8,170,0.2239,6.4299,19.53
unit_F1_m5_C30_a30_9.txt,5,30,1,30,9,160,0.2287,6.214,34.53
unit_F1_m5_C30_a30_10.txt,5,30,1,30,10,170,0.2361,6.4446,18.13
unit_F1_m5_C30_a30_11.txt,5,30,1,30,11,156,0.2305,6.8897,8.13
unit_F1_m5_C30_a30_12.txt,5,30,1,30,12,168,0.2258,6.2494,27.03
unit_F1_m5_C30_a30_13.txt,5,30,1,30,13,158,0.2342,14.7394,8.13
unit_F1_m5_C30_a30_14.txt,5,30,1,30,14,154,0.2218,6.0478,8.59
unit_F1_m5_C30_a30_15.txt,5,30,1,30,15,176,0.2359,6.6215,7.66
unit_F1_m5_C30_a30_16.txt,5,30,1,30,16,156,0.2065,5.964,8.13
unit_F1_m5_C30_a30_17.txt,5,30,1,30,17,168,0.2295,6.3971,409.06
unit_F1_m5_C30_a30_18.txt,5,30,1,30,18,178,0.2363,13.5403,17.97
unit_F1_m5_C30_a30_19.txt,5,30,1,30,19,182,0.231,6.5223,28.13
unit_F1_m5_C30_a30_20.txt,5,30,1,30,20,170,0.2391,6.595,11.72
unit_F1_m5_C30_a30_21.txt,5,30,1,30,21,162,0.2424,18.2164,25
unit_F1_m5_C30_a30_22.txt,5,30,1,30,22,176,0.2262,6.6146,12.66
unit_F1_m5_C30_a30_23.txt,5,30,1,30,23,162,0.227,5.4147,16.72
unit_F1_m5_C30_a30_24.txt,5,30,1,30,24,154,0.2172,5.7603,25.94
unit_F1_m5_C30_a30_25.txt,5,30,1,30,25,142,0.2073,5.5103,12.97
unit_F1_m5_C30_a30_26.txt,5,30,1,30,26,164,0.2204,5.5139,17.66
unit_F1_m5_C30_a30_27.txt,5,30,1,30,27,168,0.2266,6.2408,11.88
unit_F1_m5_C30_a30_28.txt,5,30,1,30,28,172,0.2402,6.6011,29.69
unit_F1_m5_C30_a30_29.txt,5,30,1,30,29,156,0.2224,6.1107,12.5
unit_F1_m5_C30_a30_30.txt,5,30,1,30,30,160,0.2306,19.6416,12.97
unit_F1_m5_C30_a30_31.txt,5,30,1,30,31,164,0.2267,18.5734,39.38
unit_F1_m5_C30_a30_32.txt,5,30,1,30,32,184,0.2292,6.5316,73.13
unit_F1_m5_C30_a30_33.txt,5,30,1,30,33,152,0.2197,5.5982,9.84
unit_F1_m5_C30_a30_34.txt,5,30,1,30,34,180,0.2316,14.8666,47.34
unit_F1_m5_C30_a30_35.txt,5,30,1,30,35,174,0.2352,18.8859,27.03
unit_F1_m5_C30_a30_36.txt,5,30,1,30,36,180,0.2376,6.0318,13.44
unit_F1_m5_C30_a30_37.txt,5,30,1,30,37,178,0.2321,14.1032,20.31
unit_F1_m5_C30_a30_38.txt,5,30,1,30,38,174,0.2287,15.5646,17.66
unit_F1_m5_C30_a30_39.txt,5,30,1,30,39,160,0.2352,6.5288,6.72
unit_F1_m5_C30_a30_40.txt,5,30,1,30,40,166,0.1917,16.7992,23.13
unit_F1_m5_C30_a30_41.txt,5,30,1,30,41,132,0.1903,4.9986,14.53
unit_F1_m5_C30_a30_42.txt,5,30,1,30,42,154,0.2037,5.9039,18.13
unit_F1_m5_C30_a30_43.txt,5,30,1,30,43,154,0.2272,6.1365,12.19
unit_F1_m5_C30_a30_44.txt,5,30,1,30,44,166,0.2155,5.688,11.88
unit_F1_m5_C30_a30_45.txt,5,30,1,30,45,162,0.2313,6.807,11.56
unit_F1_m5_C30_a30_46.txt,5,30,1,30,46,170,0.2174,6.2805,255.47
unit_F1_m5_C30_a30_47.txt,5,30,1,30,47,170,0.2254,6.6916,25.94
unit_F1_m5_C30_a30_48.txt,5,30,1,30,48,168,0.2265,6.6142,19.22
unit_F1_m5_C30_a30_49.txt,5,30,1,30,49,176,0.2319,6.5077,14.84
unit_F1_m5_C60_a3_0.txt,5,60,1,3,0,98,0.0824,1.0554,0.63
unit_F1_m5_C60_a3_1.txt,5,60,1,3,1,138,0.1119,1.2044,0.94
unit_F1_m5_C60_a3_2.txt,5,60,1,3,2,142,0.0852,1.24,0.78
unit_F1_m5_C60_a3_3.txt,5,60,1,3,3,148,0.1478,1.6065,0
unit_F1_m5_C60_a3_4.txt,5,60,1,3,4,110,0.1423,1.6172,0.78
unit_F1_m5_C60_a3_5.txt,5,60,1,3,5,122,0.1213,1.1285,0.47
unit_F1_m5_C60_a3_6.txt,5,60,1,3,6,118,0.1308,1.574,0.63
unit_F1_m5_C60_a3_7.txt,5,60,1,3,7,148,0.1256,3.4255,0.16
unit_F1_m5_C60_a3_8.txt,5,60,1,3,8,66,0.0549,3.072,0.47
unit_F1_m5_C60_a3_9.txt,5,60,1,3,9,62,0.0635,3.4672,0.31
unit_F1_m5_C60_a3_10.txt,5,60,1,3,10,112,0.1089,3.2606,0.31
unit_F1_m5_C60_a3_11.txt,5,60,1,3,11,134,0.0875,2.9417,0.47
unit_F1_m5_C60_a3_12.txt,5,60,1,3,12,88,0.1231,3.3638,0.78
unit_F1_m5_C60_a3_13.txt,5,60,1,3,13,136,0.0927,3.2207,0.63
unit_F1_m5_C60_a3_14.txt,5,60,1,3,14,130,0.1304,3.5806,0.47
unit_F1_m5_C60_a3_15.txt,5,60,1,3,15,142,0.098,2.8334,0.47
unit_F1_m5_C60_a3_16.txt,5,60,1,3,16,82,0.0728,3.1051,0.47
unit_F1_m5_C60_a3_17.txt,5,60,1,3,17,90,0.1299,3.962,0.47
unit_F1_m5_C60_a3_18.txt,5,60,1,3,18,144,0.0829,2.3654,1.09
unit_F1_m5_C60_a3_19.txt,5,60,1,3,19,106,0.0717,4.2161,0.31
unit_F1_m5_C60_a3_20.txt,5,60,1,3,20,106,0.107,1.2171,0.47
unit_F1_m5_C60_a3_21.txt,5,60,1,3,21,112,0.083,2.5307,0.16
unit_F1_m5_C60_a3_22.txt,5,60,1,3,22,136,0.0965,2.84,0.78
unit_F1_m5_C60_a3_23.txt,5,60,1,3,23,132,0.1175,3.4368,0.31
unit_F1_m5_C60_a3_24.txt,5,60,1,3,24,108,0.0602,0.7401,0.63
unit_F1_m5_C60_a3_25.txt,5,60,1,3,25,148,0.1135,1.4798,0.16
unit_F1_m5_C60_a3_26.txt,5,60,1,3,26,118,0.0477,0.8162,0.31
unit_F1_m5_C60_a3_27.txt,5,60,1,3,27,146,0.0954,1.348,0.47
unit_F1_m5_C60_a3_28.txt,5,60,1,3,28,124,0.0633,0.9308,0.47
unit_F1_m5_C60_a3_29.txt,5,60,1,3,29,160,0.1427,1.7745,0
unit_F1_m5_C60_a3_30.txt,5,60,1,3,30,102,0.1283,4.2947,0.16
unit_F1_m5_C60_a3_31.txt,5,60,1,3,31,136,0.1247,1.4222,0.16
unit_F1_m5_C60_a3_32.txt,5,60,1,3,32,136,0.1571,3.8183,0.78
unit_F1_m5_C60_a3_33.txt,5,60,1,3,33,142,0.0841,3.2757,0.16
unit_F1_m5_C60_a3_34.txt,5,60,1,3,34,126,0.123,1.3114,0.47
unit_F1_m5_C60_a3_35.txt,5,60,1,3,35,142,0.1095,3.7517,0.63
unit_F1_m5_C60_a3_36.txt,5,60,1,3,36,154,0.1465,4.6604,0.63
unit_F1_m5_C60_a3_37.txt,5,60,1,3,37,62,0.1653,3.9851,0.16
unit_F1_m5_C60_a3_38.txt,5,60,1,3,38,144,0.1062,3.6481,0.94
unit_F1_m5_C60_a3_39.txt,5,60,1,3,39,86,0.063,2.3222,0.47
unit_F1_m5_C60_a3_40.txt,5,60,1,3,40,134,0.1028,1.1067,0.63
unit_F1_m5_C60_a3_41.txt,5,60,1,3,41,136,0.1461,1.4989,0.94
unit_F1_m5_C60_a3_42.txt,5,60,1,3,42,130,0.108,3.3268,0.47
unit_F1_m5_C60_a3_43.txt,5,60,1,3,43,136,0.138,4.421,0.63
unit_F1_m5_C60_a3_44.txt,5,60,1,3,44,136,0.0818,3.1821,0.31
unit_F1_m5_C60_a3_45.txt,5,60,1,3,45,136,0.0979,1.069,0.16
unit_F1_m5_C60_a3_46.txt,5,60,1,3,46,116,0.1136,3.2016,0.63
unit_F1_m5_C60_a3_47.txt,5,60,1,3,47,126,0.142,3.9119,0.31
unit_F1_m5_C60_a3_48.txt,5,60,1,3,48,136,0.0837,3.4404,0.47
unit_F1_m5_C60_a3_49.txt,5,60,1,3,49,96,0.0779,1.1468,0.63
unit_F1_m5_C60_a7_0.txt,5,60,1,7,0,156,0.1543,7.6882,1.72
unit_F1_m5_C60_a7_1.txt,5,60,1,7,1,152,0.1753,1.9521,1.41
unit_F1_m5_C60_a7_2.txt,5,60,1,7,2,172,0.1001,2.0846,1.09
unit_F1_m5_C60_a7_3.txt,5,60,1,7,3,178,0.1806,10.1311,0.78
unit_F1_m5_C60_a7_4.txt,5,60,1,7,4,162,0.1629,3.2015,0.94
unit_F1_m5_C60_a7_5.txt,5,60,1,7,5,154,0.1501,2.4132,0.63
unit_F1_m5_C60_a7_6.txt,5,60,1,7,6,152,0.1758,2.6165,0.47
unit_F1_m5_C60_a7_7.txt,5,60,1,7,7,190,0.1859,3.3239,0.78
unit_F1_m5_C60_a7_8.txt,5,60,1,7,8,74,0.0566,1.2312,1.09
unit_F1_m5_C60_a7_9.txt,5,60,1,7,9,162,0.1892,3.1388,0.63
unit_F1_m5_C60_a7_10.txt,5,60,1,7,10,142,0.1111,4.0018,0.78
unit_F1_m5_C60_a7_11.txt,5,60,1,7,11,152,0.1374,2.5082,0.94
unit_F1_m5_C60_a7_12.txt,5,60,1,7,12,130,0.1633,8.0153,1.09
unit_F1_m5_C60_a7_13.txt,5,60,1,7,13,156,0.1568,8.2701,0.78
unit_F1_m5_C60_a7_14.txt,5,60,1,7,14,180,0.174,3.1011,0.31
unit_F1_m5_C60_a7_15.txt,5,60,1,7,15,154,0.1307,2.7142,1.09
unit_F1_m5_C60_a7_16.txt,5,60,1,7,16,158,0.1505,2.5101,1.56
unit_F1_m5_C60_a7_17.txt,5,60,1,7,17,172,0.1783,10.6141,1.25
unit_F1_m5_C60_a7_18.txt,5,60,1,7,18,148,0.1255,5.5621,0.94
unit_F1_m5_C60_a7_19.txt,5,60,1,7,19,194,0.185,10.6922,1.41
unit_F1_m5_C60_a7_20.txt,5,60,1,7,20,152,0.1203,1.7625,0.94
unit_F1_m5_C60_a7_21.txt,5,60,1,7,21,152,0.091,3.8124,1.41
unit_F1_m5_C60_a7_22.txt,5,60,1,7,22,152,0.1529,7.3734,0.78
unit_F1_m5_C60_a7_23.txt,5,60,1,7,23,142,0.1315,4.9076,0.47
unit_F1_m5_C60_a7_24.txt,5,60,1,7,24,146,0.0632,3.6028,0.78
unit_F1_m5_C60_a7_25.txt,5,60,1,7,25,168,0.1717,8.5071,0.47
unit_F1_m5_C60_a7_26.txt,5,60,1,7,26,160,0.1477,6.2494,0.94
unit_F1_m5_C60_a7_27.txt,5,60,1,7,27,182,0.1835,9.2756,0.78
unit_F1_m5_C60_a7_28.txt,5,60,1,7,28,152,0.1128,4.7884,0.94
unit_F1_m5_C60_a7_29.txt,5,60,1,7,29,172,0.1682,8.562,0.94
unit_F1_m5_C60_a7_30.txt,5,60,1,7,30,164,0.1555,2.5956,0.63
unit_F1_m5_C60_a7_31.txt,5,60,1,7,31,216,0.1743,11.1317,0.16
unit_F1_m5_C60_a7_32.txt,5,60,1,7,32,140,0.1776,6.6319,0.47
unit_F1_m5_C60_a7_33.txt,5,60,1,7,33,156,0.1261,2.9672,0.63
unit_F1_m5_C60_a7_34.txt,5,60,1,7,34,180,0.153,7.6711,0.31
unit_F1_m5_C60_a7_35.txt,5,60,1,7,35,144,0.1386,2.7468,0.78
unit_F1_m5_C60_a7_36.txt,5,60,1,7,36,184,0.1757,10.6255,1.25
unit_F1_m5_C60_a7_37.txt,5,60,1,7,37,176,0.181,10.1287,0.47
unit_F1_m5_C60_a7_38.txt,5,60,1,7,38,160,0.1545,9.3495,0.31
unit_F1_m5_C60_a7_39.txt,5,60,1,7,39,144,0.0775,3.3328,1.25
unit_F1_m5_C60_a7_40.txt,5,60,1,7,40,158,0.1343,4.9564,1.09
unit_F1_m5_C60_a7_41.txt,5,60,1,7,41,162,0.1837,2.099,0.47
unit_F1_m5_C60_a7_42.txt,5,60,1,7,42,154,0.1288,2.2375,0.47
unit_F1_m5_C60_a7_43.txt,5,60,1,7,43,154,0.1834,2.4206,0.63
unit_F1_m5_C60_a7_44.txt,5,60,1,7,44,164,0.1482,2.9244,1.09
unit_F1_m5_C60_a7_45.txt,5,60,1,7,45,148,0.1155,1.585,0.63
unit_F1_m5_C60_a7_46.txt,5,60,1,7,46,154,0.1468,2.3029,0.47
unit_F1_m5_C60_a7_47.txt,5,60,1,7,47,170,0.1667,4.7874,0.78
unit_F1_m5_C60_a7_48.txt,5,60,1,7,48,144,0.1521,6.4087,1.72
unit_F1_m5_C60_a7_49.txt,5,60,1,7,49,126,0.0962,1.8607,0.94
unit_F1_m5_C60_a15_0.txt,5,60,1,15,0,220,0.1827,4.5808,4.22
unit_F1_m5_C60_a15_1.txt,5,60,1,15,1,234,0.2192,17.4106,3.91
unit_F1_m5_C60_a15_2.txt,5,60,1,15,2,204,0.2656,12.4568,7.03
unit_F1_m5_C60_a15_3.txt,5,60,1,15,3,260,0.2192,16.9015,5.16
unit_F1_m5_C60_a15_4.txt,5,60,1,15,4,248,0.2027,6.2172,9.06
unit_F1_m5_C60_a15_5.txt,5,60,1,15,5,236,0.2115,5.7819,4.84
unit_F1_m5_C60_a15_6.txt,5,60,1,15,6,212,0.169,4.1124,4.69
unit_F1_m5_C60_a15_7.txt,5,60,1,15,7,218,0.2078,5.4358,5.63
unit_F1_m5_C60_a15_8.txt,5,60,1,15,8,204,0.1912,3.0736,6.25
unit_F1_m5_C60_a15_9.txt,5,60,1,15,9,210,0.2015,4.8403,2.66
unit_F1_m5_C60_a15_10.txt,5,60,1,15,10,188,0.1824,3.7354,3.59
unit_F1_m5_C60_a15_11.txt,5,60,1,15,11,208,0.1892,5.6266,6.09
unit_F1_m5_C60_a15_12.txt,5,60,1,15,12,182,0.1821,4.6447,4.06
unit_F1_m5_C60_a15_13.txt,5,60,1,15,13,190,0.2005,4.5569,4.69
unit_F1_m5_C60_a15_14.txt,5,60,1,15,14,234,0.1776,4.3289,5.31
unit_F1_m5_C60_a15_15.txt,5,60,1,15,15,222,0.1741,3.337,7.5
unit_F1_m5_C60_a15_16.txt,5,60,1,15,16,222,0.2212,5.6936,4.22
unit_F1_m5_C60_a15_17.txt,5,60,1,15,17,220,0.202,4.8719,4.38
unit_F1_m5_C60_a15_18.txt,5,60,1,15,18,210,0.2056,5.6359,5.16
unit_F1_m5_C60_a15_19.txt,5,60,1,15,19,230,0.2039,5.414,6.88
unit_F1_m5_C60_a15_20.txt,5,60,1,15,20,212,0.2506,4.4256,6.09
unit_F1_m5_C60_a15_21.txt,5,60,1,15,21,186,0.1057,1.7909,12.34
unit_F1_m5_C60_a15_22.txt,5,60,1,15,22,200,0.1755,4.1955,2.97
unit_F1_m5_C60_a15_23.txt,5,60,1,15,23,194,0.1716,4.0733,3.91
unit_F1_m5_C60_a15_24.txt,5,60,1,15,24,194,0.1404,3.2855,8.28
unit_F1_m5_C60_a15_25.txt,5,60,1,15,25,230,0.2131,5.583,3.44
unit_F1_m5_C60_a15_26.txt,5,60,1,15,26,192,0.17,4.0911,5
unit_F1_m5_C60_a15_27.txt,5,60,1,15,27,218,0.2018,4.6617,7.34
unit_F1_m5_C60_a15_28.txt,5,60,1,15,28,208,0.2085,5.6555,5.78
unit_F1_m5_C60_a15_29.txt,5,60,1,15,29,200,0.1973,4.6342,3.28
unit_F1_m5_C60_a15_30.txt,5,60,1,15,30,210,0.1985,4.0785,5.31
unit_F1_m5_C60_a15_31.txt,5,60,1,15,31,252,0.2017,5.182,7.81
unit_F1_m5_C60_a15_32.txt,5,60,1,15,32,234,0.2008,4.7611,12.81
unit_F1_m5_C60_a15_33.txt,5,60,1,15,33,212,0.1658,3.6698,8.28
unit_F1_m5_C60_a15_34.txt,5,60,1,15,34,238,0.2052,6.2163,8.59
unit_F1_m5_C60_a15_35.txt,5,60,1,15,35,198,0.1733,3.7424,5
unit_F1_m5_C60_a15_36.txt,5,60,1,15,36,228,0.2041,5.3103,5.63
unit_F1_m5_C60_a15_37.txt,5,60,1,15,37,228,0.1881,4.0564,6.88
unit_F1_m5_C60_a15_38.txt,5,60,1,15,38,222,0.207,4.903,6.88
unit_F1_m5_C60_a15_39.txt,5,60,1,15,39,220,0.1849,4.6663,6.25
unit_F1_m5_C60_a15_40.txt,5,60,1,15,40,224,0.2024,4.7621,4.84
unit_F1_m5_C60_a15_41.txt,5,60,1,15,41,222,0.2013,4.4826,4.84
unit_F1_m5_C60_a15_42.txt,5,60,1,15,42,226,0.2029,4.9345,5.94
unit_F1_m5_C60_a15_43.txt,5,60,1,15,43,236,0.1948,4.5899,5.47
unit_F1_m5_C60_a15_44.txt,5,60,1,15,44,188,0.1653,10.4113,6.56
unit_F1_m5_C60_a15_45.txt,5,60,1,15,45,204,0.1965,4.5237,6.56
unit_F1_m5_C60_a15_46.txt,5,60,1,15,46,200,0.1994,4.2901,3.75
unit_F1_m5_C60_a15_47.txt,5,60,1,15,47,230,0.2027,14.9134,5
unit_F1_m5_C60_a15_48.txt,5,60,1,15,48,208,0.1715,3.9168,7.34
unit_F1_m5_C60_a15_49.txt,5,60,1,15,49,198,0.1246,8.418,6.41
unit_F1_m5_C60_a30_0.txt,5,60,1,30,0,308,0.2304,19.1454,24.53
unit_F1_m5_C60_a30_1.txt,5,60,1,30,1,274,0.2234,16.5816,9.22
unit_F1_m5_C60_a30_2.txt,5,60,1,30,2,270,0.2372,6.4454,27.19
unit_F1_m5_C60_a30_3.txt,5,60,1,30,3,292,0.2215,16.1311,27.66
unit_F1_m5_C60_a30_4.txt,5,60,1,30,4,304,0.2312,6.6245,537.66
unit_F1_m5_C60_a30_5.txt,5,60,1,30,5,292,0.2232,6.2005,14.38
unit_F1_m5_C60_a30_6.txt,5,60,1,30,6,296,0.2262,6.6989,43.75
unit_F1_m5_C60_a30_7.txt,5,60,1,30,7,272,0.2303,18.0786,23.13
unit_F1_m5_C60_a30_8.txt,5,60,1,30,8,314,0.2289,6.7929,38.59
unit_F1_m5_C60_a30_9.txt,5,60,1,30,9,302,0.2181,5.8134,24.84
unit_F1_m5_C60_a30_10.txt,5,60,1,30,10,272,0.2196,6.0088,19.38
unit_F1_m5_C60_a30_11.txt,5,60,1,30,11,278,0.223,6.5008,29.53
unit_F1_m5_C60_a30_12.txt,5,60,1,30,12,298,0.1952,5.7571,32.34
unit_F1_m5_C60_a30_13.txt,5,60,1,30,13,282,0.2275,6.1644,11.56
unit_F1_m5_C60_a30_14.txt,5,60,1,30,14,282,0.2259,5.9467,23.28
unit_F1_m5_C60_a30_15.txt,5,60,1,30,15,300,0.2166,5.9919,22.19
unit_F1_m5_C60_a30_16.txt,5,60,1,30,16,276,0.2279,6.5611,31.56
unit_F1_m5_C60_a30_17.txt,5,60,1,30,17,290,0.2339,19.2438,13.91
unit_F1_m5_C60_a30_18.txt,5,60,1,30,18,312,0.238,6.6926,19.06
unit_F1_m5_C60_a30_19.txt,5,60,1,30,19,288,0.2344,19.1329,13.13
unit_F1_m5_C60_a30_20.txt,5,60,1,30,20,302,0.2309,6.7257,20
unit_F1_m5_C60_a30_21.txt,5,60,1,30,21,272,0.2213,7.1277,13.75
unit_F1_m5_C60_a30_22.txt,5,60,1,30,22,322,0.2347,6.7493,13.59
unit_F1_m5_C60_a30_23.txt,5,60,1,30,23,276,0.2261,5.752,18.75
unit_F1_m5_C60_a30_24.txt,5,60,1,30,24,294,0.2369,6.3087,9.38
unit_F1_m5_C60_a30_25.txt,5,60,1,30,25,284,0.2229,6.1403,13.28
unit_F1_m5_C60_a30_26.txt,5,60,1,30,26,304,0.2583,6.3908,31.72
unit_F1_m5_C60_a30_27.txt,5,60,1,30,27,292,0.2284,6.4897,10.47
unit_F1_m5_C60_a30_28.txt,5,60,1,30,28,308,0.2306,6.5818,14.84
unit_F1_m5_C60_a30_29.txt,5,60,1,30,29,306,0.2287,6.0634,49.38
unit_F1_m5_C60_a30_30.txt,5,60,1,30,30,272,0.2194,13.5921,17.5
unit_F1_m5_C60_a30_31.txt,5,60,1,30,31,312,0.2257,18.6297,16.41
unit_F1_m5_C60_a30_32.txt,5,60,1,30,32,322,0.23,6.44,21.41
unit_F1_m5_C60_a30_33.txt,5,60,1,30,33,272,0.216,6.082,16.88
unit_F1_m5_C60_a30_34.txt,5,60,1,30,34,274,0.2279,6.6063,19.84
unit_F1_m5_C60_a30_35.txt,5,60,1,30,35,280,0.1981,5.6629,40.31
unit_F1_m5_C60_a30_36.txt,5,60,1,30,36,266,0.2208,5.864,13.28
unit_F1_m5_C60_a30_37.txt,5,60,1,30,37,286,0.1991,5.665,17.81
unit_F1_m5_C60_a30_38.txt,5,60,1,30,38,294,0.2273,19.1287,19.06
unit_F1_m5_C60_a30_39.txt,5,60,1,30,39,304,0.2374,6.8743,16.09
unit_F1_m5_C60_a30_40.txt,5,60,1,30,40,306,0.2316,6.4182,9.53
unit_F1_m5_C60_a30_41.txt,5,60,1,30,41,282,0.2283,6.6557,15.47
unit_F1_m5_C60_a30_42.txt,5,60,1,30,42,290,0.226,6.5804,24.22
unit_F1_m5_C60_a30_43.txt,5,60,1,30,43,294,0.2252,6.2949,39.06
unit_F1_m5_C60_a30_44.txt,5,60,1,30,44,260,0.2254,6.6312,12.5
unit_F1_m5_C60_a30_45.txt,5,60,1,30,45,300,0.2279,6.3646,13.28
unit_F1_m5_C60_a30_46.txt,5,60,1,30,46,278,0.2335,6.2508,12.97
unit_F1_m5_C60_a30_47.txt,5,60,1,30,47,274,0.2294,6.6566,14.06
unit_F1_m5_C60_a30_48.txt,5,60,1,30,48,288,0.2257,6.522,33.28
unit_F1_m5_C60_a30_49.txt,5,60,1,30,49,262,0.1919,5.5292,13.44
unit_F1_m5_C180_a3_0.txt,5,180,1,3,0,260,0.1186,1.1622,0.16
unit_F1_m5_C180_a3_1.txt,5,180,1,3,1,200,0.0753,3.1336,0.47
unit_F1_m5_C180_a3_2.txt,5,180,1,3,2,284,0.1007,3.2377,0.78
unit_F1_m5_C180_a3_3.txt,5,180,1,3,3,284,0.1217,7.4667,0.94
unit_F1_m5_C180_a3_4.txt,5,180,1,3,4,388,0.1471,1.27,0.47
unit_F1_m5_C180_a3_5.txt,5,180,1,3,5,290,0.0616,1.9012,0
unit_F1_m5_C180_a3_6.txt,5,180,1,3,6,338,0.1488,1.4608,0.47
unit_F1_m5_C180_a3_7.txt,5,180,1,3,7,370,0.1479,1.7003,0.47
unit_F1_m5_C180_a3_8.txt,5,180,1,3,8,222,0.1121,1.1037,0.47
unit_F1_m5_C180_a3_9.txt,5,180,1,3,9,376,0.1371,1.4456,0.78
unit_F1_m5_C180_a3_10.txt,5,180,1,3,10,378,0.1122,1.47,0.16
unit_F1_m5_C180_a3_11.txt,5,180,1,3,11,350,0.1224,1.32,0.47
unit_F1_m5_C180_a3_12.txt,5,180,1,3,12,430,0.0846,1.1823,0.78
unit_F1_m5_C180_a3_13.txt,5,180,1,3,13,382,0.1416,1.6215,0
unit_F1_m5_C180_a3_14.txt,5,180,1,3,14,272,0.1373,1.2847,0.63
unit_F1_m5_C180_a3_15.txt,5,180,1,3,15,324,0.0629,0.8199,0.63
unit_F1_m5_C180_a3_16.txt,5,180,1,3,16,358,0.1271,1.3983,0.63
unit_F1_m5_C180_a3_17.txt,5,180,1,3,17,264,0.0536,0.6579,0.31
unit_F1_m5_C180_a3_18.txt,5,180,1,3,18,370,0.123,1.2537,0.16
unit_F1_m5_C180_a3_19.txt,5,180,1,3,19,382,0.146,1.2517,0.63
unit_F1_m5_C180_a3_20.txt,5,180,1,3,20,410,0.1402,1.4965,0.31
unit_F1_m5_C180_a3_21.txt,5,180,1,3,21,376,0.086,1.094,0.78
unit_F1_m5_C180_a3_22.txt,5,180,1,3,22,254,0.1105,2.9962,0.16
unit_F1_m5_C180_a3_23.txt,5,180,1,3,23,402,0.1313,1.5442,0.31
unit_F1_m5_C180_a3_24.txt,5,180,1,3,24,310,0.092,3.2969,0.31
unit_F1_m5_C180_a3_25.txt,5,180,1,3,25,378,0.1141,1.4683,0.16
unit_F1_m5_C180_a3_26.txt,5,180,1,3,26,220,0.0623,1.3555,0.16
unit_F1_m5_C180_a3_27.txt,5,180,1,3,27,318,0.1256,1.5328,0.63
unit_F1_m5_C180_a3_28.txt,5,180,1,3,28,208,0.1476,1.6789,0.47
unit_F1_m5_C180_a3_29.txt,5,180,1,3,29,296,0.1484,1.6726,0.16
unit_F1_m5_C180_a3_30.txt,5,180,1,3,30,212,0.1079,3.9213,0.63
unit_F1_m5_C180_a3_31.txt,5,180,1,3,31,290,0.124,1.3867,0.31
unit_F1_m5_C180_a3_32.txt,5,180,1,3,32,382,0.1484,4.661,0.47
unit_F1_m5_C180_a3_33.txt,5,180,1,3,33,374,0.0792,0.8286,0.63
unit_F1_m5_C180_a3_34.txt,5,180,1,3,34,366,0.1142,1.255,0.47
unit_F1_m5_C180_a3_35.txt,5,180,1,3,35,416,0.1051,3.7034,0.63
unit_F1_m5_C180_a3_36.txt,5,180,1,3,36,220,0.1488,1.6709,0.78
unit_F1_m5_C180_a3_37.txt,5,180,1,3,37,376,0.1214,1.5002,0.78
unit_F1_m5_C180_a3_38.txt,5,180,1,3,38,382,0.0991,1.0706,0.78
unit_F1_m5_C180_a3_39.txt,5,180,1,3,39,308,0.0696,2.4859,0.31
unit_F1_m5_C180_a3_40.txt,5,180,1,3,40,266,0.1,1.1522,0.47
unit_F1_m5_C180_a3_41.txt,5,180,1,3,41,378,0.082,2.8828,0.31
unit_F1_m5_C180_a3_42.txt,5,180,1,3,42,200,0.0732,1.0471,0.78
unit_F1_m5_C180_a3_43.txt,5,180,1,3,43,354,0.0936,1.077,0.78
unit_F1_m5_C180_a3_44.txt,5,180,1,3,44,424,0.1007,1.3102,0.31
unit_F1_m5_C180_a3_45.txt,5,180,1,3,45,222,0.0632,1.2367,0.63
unit_F1_m5_C180_a3_46.txt,5,180,1,3,46,340,0.1476,1.6057,0.47
unit_F1_m5_C180_a3_47.txt,5,180,1,3,47,306,0.1477,1.7014,0
unit_F1_m5_C180_a3_48.txt,5,180,1,3,48,154,0.0702,1.1013,0.47
unit_F1_m5_C180_a3_49.txt,5,180,1,3,49,322,0.0973,1.4216,0.47
unit_F1_m5_C180_a7_0.txt,5,180,1,7,0,414,0.1704,9.0994,0.78
unit_F1_m5_C180_a7_1.txt,5,180,1,7,1,400,0.1123,2.073,0.63
unit_F1_m5_C180_a7_2.txt,5,180,1,7,2,308,0.1153,3.4867,0.63
unit_F1_m5_C180_a7_3.txt,5,180,1,7,3,348,0.1578,3.6725,0.47
unit_F1_m5_C180_a7_4.txt,5,180,1,7,4,420,0.1726,9.4482,0.31
unit_F1_m5_C180_a7_5.txt,5,180,1,7,5,470,0.1576,5.355,0.63
unit_F1_m5_C180_a7_6.txt,5,180,1,7,6,452,0.1756,11.0327,1.09
unit_F1_m5_C180_a7_7.txt,5,180,1,7,7,450,0.1847,3.6841,0.47
unit_F1_m5_C180_a7_8.txt,5,180,1,7,8,374,0.1437,2.8656,0.47
unit_F1_m5_C180_a7_9.txt,5,180,1,7,9,404,0.1819,2.4098,0.78
unit_F1_m5_C180_a7_10.txt,5,180,1,7,10,408,0.1345,7.4432,0.63
unit_F1_m5_C180_a7_11.txt,5,180,1,7,11,406,0.1502,5.6245,1.56
unit_F1_m5_C180_a7_12.txt,5,180,1,7,12,464,0.1712,8.9601,0.31
unit_F1_m5_C180_a7_13.txt,5,180,1,7,13,456,0.1774,3.3246,0.94
unit_F1_m5_C180_a7_14.txt,5,180,1,7,14,470,0.1774,2.0769,0.63
unit_F1_m5_C180_a7_15.txt,5,180,1,7,15,400,0.0702,1.3197,0.31
unit_F1_m5_C180_a7_16.txt,5,180,1,7,16,418,0.1494,5.9453,0.63
unit_F1_m5_C180_a7_17.txt,5,180,1,7,17,478,0.1304,2.3619,1.09
unit_F1_m5_C180_a7_18.txt,5,180,1,7,18,430,0.1452,2.9109,0.94
unit_F1_m5_C180_a7_19.txt,5,180,1,7,19,440,0.1782,3.1464,0.94
unit_F1_m5_C180_a7_20.txt,5,180,1,7,20,422,0.148,6.1266,1.25
unit_F1_m5_C180_a7_21.txt,5,180,1,7,21,424,0.1105,2.0848,1.09
unit_F1_m5_C180_a7_22.txt,5,180,1,7,22,382,0.1266,1.9517,0.78
unit_F1_m5_C180_a7_23.txt,5,180,1,7,23,466,0.14,1.93,0.78
unit_F1_m5_C180_a7_24.txt,5,180,1,7,24,462,0.1157,2.1618,0.31
unit_F1_m5_C180_a7_25.txt,5,180,1,7,25,406,0.1996,3.3588,0.63
unit_F1_m5_C180_a7_26.txt,5,180,1,7,26,234,0.1161,1.9892,0.63
unit_F1_m5_C180_a7_27.txt,5,180,1,7,27,424,0.1716,3.6419,0.78
unit_F1_m5_C180_a7_28.txt,5,180,1,7,28,396,0.183,2.5703,0.63
unit_F1_m5_C180_a7_29.txt,5,180,1,7,29,462,0.1716,2.6371,0.63
unit_F1_m5_C180_a7_30.txt,5,180,1,7,30,436,0.1862,3.4244,0.47
unit_F1_m5_C180_a7_31.txt,5,180,1,7,31,448,0.1587,3.4433,0.31
unit_F1_m5_C180_a7_32.txt,5,180,1,7,32,436,0.1769,3.8167,1.25
unit_F1_m5_C180_a7_33.txt,5,180,1,7,33,458,0.1006,1.7442,0.78
unit_F1_m5_C180_a7_34.txt,5,180,1,7,34,392,0.1442,2.1065,0.94
unit_F1_m5_C180_a7_35.txt,5,180,1,7,35,434,0.1794,3.4602,0.47
unit_F1_m5_C180_a7_36.txt,5,180,1,7,36,428,0.1825,2.6909,0.78
unit_F1_m5_C180_a7_37.txt,5,180,1,7,37,430,0.1498,2.5429,0.47
unit_F1_m5_C180_a7_38.txt,5,180,1,7,38,414,0.1451,2.8645,1.25
unit_F1_m5_C180_a7_39.txt,5,180,1,7,39,436,0.1136,4.8653,1.56
unit_F1_m5_C180_a7_40.txt,5,180,1,7,40,312,0.1357,4.545,1.41
unit_F1_m5_C180_a7_41.txt,5,180,1,7,41,396,0.1396,2.2411,0.47
unit_F1_m5_C180_a7_42.txt,5,180,1,7,42,388,0.1448,2.1421,0.94
unit_F1_m5_C180_a7_43.txt,5,180,1,7,43,382,0.1316,1.5914,1.25
unit_F1_m5_C180_a7_44.txt,5,180,1,7,44,546,0.1631,3.5649,0.78
unit_F1_m5_C180_a7_45.txt,5,180,1,7,45,404,0.1666,2.0962,0.78
unit_F1_m5_C180_a7_46.txt,5,180,1,7,46,460,0.1667,2.2826,0.47
unit_F1_m5_C180_a7_47.txt,5,180,1,7,47,416,0.1684,2.2721,0.31
unit_F1_m5_C180_a7_48.txt,5,180,1,7,48,414,0.1532,2.9331,0.31
unit_F1_m5_C180_a7_49.txt,5,180,1,7,49,412,0.1528,3.5051,0.31
unit_F1_m5_C180_a15_0.txt,5,180,1,15,0,652,0.2114,6.0743,5.47
unit_F1_m5_C180_a15_1.txt,5,180,1,15,1,576,0.2385,6.6907,7.81
unit_F1_m5_C180_a15_2.txt,5,180,1,15,2,552,0.1921,3.179,6.88
unit_F1_m5_C180_a15_3.txt,5,180,1,15,3,532,0.2084,4.0482,11.56
unit_F1_m5_C180_a15_4.txt,5,180,1,15,4,666,0.2331,5.7151,9.53
unit_F1_m5_C180_a15_5.txt,5,180,1,15,5,624,0.2169,5.6283,6.41
unit_F1_m5_C180_a15_6.txt,5,180,1,15,6,524,0.216,4.8454,3.13
unit_F1_m5_C180_a15_7.txt,5,180,1,15,7,572,0.1983,4.1253,10.47
unit_F1_m5_C180_a15_8.txt,5,180,1,15,8,488,0.1729,4.2483,7.5
unit_F1_m5_C180_a15_9.txt,5,180,1,15,9,630,0.2039,4.7238,10.94
unit_F1_m5_C180_a15_10.txt,5,180,1,15,10,590,0.1871,5.5546,6.72
unit_F1_m5_C180_a15_11.txt,5,180,1,15,11,548,0.2004,4.2475,8.28
unit_F1_m5_C180_a15_12.txt,5,180,1,15,12,544,0.2038,4.654,6.41
unit_F1_m5_C180_a15_13.txt,5,180,1,15,13,620,0.2156,5.5149,6.25
unit_F1_m5_C180_a15_14.txt,5,180,1,15,14,626,0.2001,4.7331,8.91
unit_F1_m5_C180_a15_15.txt,5,180,1,15,15,484,0.1762,4.228,8.44
unit_F1_m5_C180_a15_16.txt,5,180,1,15,16,560,0.1715,3.6189,4.22
unit_F1_m5_C180_a15_17.txt,5,180,1,15,17,538,0.2173,5.9869,5.78
unit_F1_m5_C180_a15_18.txt,5,180,1,15,18,558,0.214,5.084,5.16
unit_F1_m5_C180_a15_19.txt,5,180,1,15,19,588,0.2043,13.8865,6.41
unit_F1_m5_C180_a15_20.txt,5,180,1,15,20,618,0.2134,16.5473,9.22
unit_F1_m5_C180_a15_21.txt,5,180,1,15,21,692,0.215,16.8941,9.84
unit_F1_m5_C180_a15_22.txt,5,180,1,15,22,522,0.2133,15.7697,4.84
unit_F1_m5_C180_a15_23.txt,5,180,1,15,23,616,0.1913,5.4855,4.53
unit_F1_m5_C180_a15_24.txt,5,180,1,15,24,580,0.1994,10.9988,10.94
unit_F1_m5_C180_a15_25.txt,5,180,1,15,25,604,0.2111,15.5081,17.81
unit_F1_m5_C180_a15_26.txt,5,180,1,15,26,538,0.1987,9.949,12.66
unit_F1_m5_C180_a15_27.txt,5,180,1,15,27,532,0.2362,5.6414,4.69
unit_F1_m5_C180_a15_28.txt,5,180,1,15,28,566,0.2129,14.2269,7.34
unit_F1_m5_C180_a15_29.txt,5,180,1,15,29,542,0.2037,13.5844,9.69
unit_F1_m5_C180_a15_30.txt,5,180,1,15,30,636,0.2172,5.4466,17.03
unit_F1_m5_C180_a15_31.txt,5,180,1,15,31,714,0.2172,6.4671,7.03
unit_F1_m5_C180_a15_32.txt,5,180,1,15,32,582,0.2147,5.4075,8.75
unit_F1_m5_C180_a15_33.txt,5,180,1,15,33,688,0.2141,5.3176,8.44
unit_F1_m5_C180_a15_34.txt,5,180,1,15,34,470,0.2164,5.216,16.56
unit_F1_m5_C180_a15_35.txt,5,180,1,15,35,568,0.209,5.6769,7.81
unit_F1_m5_C180_a15_36.txt,5,180,1,15,36,580,0.2124,6.356,7.5
unit_F1_m5_C180_a15_37.txt,5,180,1,15,37,608,0.2349,6.3782,4.69
unit_F1_m5_C180_a15_38.txt,5,180,1,15,38,576,0.1683,10.0376,6.56
unit_F1_m5_C180_a15_39.txt,5,180,1,15,39,476,0.1943,4.703,5.47
unit_F1_m5_C180_a15_40.txt,5,180,1,15,40,508,0.1743,3.8112,6.72
unit_F1_m5_C180_a15_41.txt,5,180,1,15,41,544,0.2195,5.2971,10.16
unit_F1_m5_C180_a15_42.txt,5,180,1,15,42,596,0.2036,4.943,3.91
unit_F1_m5_C180_a15_43.txt,5,180,1,15,43,402,0.168,2.1584,4.38
unit_F1_m5_C180_a15_44.txt,5,180,1,15,44,578,0.1868,4.1311,5.94
unit_F1_m5_C180_a15_45.txt,5,180,1,15,45,478,0.191,2.6079,9.84
unit_F1_m5_C180_a15_46.txt,5,180,1,15,46,566,0.2049,4.3751,4.38
unit_F1_m5_C180_a15_47.txt,5,180,1,15,47,512,0.2081,5.0012,10.16
unit_F1_m5_C180_a15_48.txt,5,180,1,15,48,628,0.1843,4.6801,7.19
unit_F1_m5_C180_a15_49.txt,5,180,1,15,49,502,0.1821,4.4059,6.56
unit_F1_m5_C180_a30_0.txt,5,180,1,30,0,828,0.2299,6.3276,23.44
unit_F1_m5_C180_a30_1.txt,5,180,1,30,1,824,0.2264,6.1619,11.09
unit_F1_m5_C180_a30_2.txt,5,180,1,30,2,752,0.2106,5.6393,55.78
unit_F1_m5_C180_a30_3.txt,5,180,1,30,3,774,0.2282,6.4972,28.28
unit_F1_m5_C180_a30_4.txt,5,180,1,30,4,772,0.2215,6.4455,29.53
unit_F1_m5_C180_a30_5.txt,5,180,1,30,5,838,0.2328,6.8079,16.25
unit_F1_m5_C180_a30_6.txt,5,180,1,30,6,800,0.2272,6.3956,15.31
unit_F1_m5_C180_a30_7.txt,5,180,1,30,7,730,0.2178,6.1375,45.16
unit_F1_m5_C180_a30_8.txt,5,180,1,30,8,816,0.2321,6.3788,29.22
unit_F1_m5_C180_a30_9.txt,5,180,1,30,9,748,0.2316,6.1052,26.72
unit_F1_m5_C180_a30_10.txt,5,180,1,30,10,814,0.2275,6.4048,21.09
unit_F1_m5_C180_a30_11.txt,5,180,1,30,11,770,0.212,5.8725,41.09
unit_F1_m5_C180_a30_12.txt,5,180,1,30,12,802,0.2203,6.0882,14.38
unit_F1_m5_C180_a30_13.txt,5,180,1,30,13,762,0.23,6.5308,23.28
unit_F1_m5_C180_a30_14.txt,5,180,1,30,14,850,0.2233,6.1883,33.91
unit_F1_m5_C180_a30_15.txt,5,180,1,30,15,720,0.223,6.2479,33.75
unit_F1_m5_C180_a30_16.txt,5,180,1,30,16,804,0.2129,5.5807,17.97
unit_F1_m5_C180_a30_17.txt,5,180,1,30,17,734,0.2229,6.3,15.78
unit_F1_m5_C180_a30_18.txt,5,180,1,30,18,850,0.2293,17.8283,32.66
unit_F1_m5_C180_a30_19.txt,5,180,1,30,19,752,0.2071,5.1639,15.16
unit_F1_m5_C180_a30_20.txt,5,180,1,30,20,824,0.2286,6.6125,23.59
unit_F1_m5_C180_a30_21.txt,5,180,1,30,21,754,0.2428,6.5637,37.03
unit_F1_m5_C180_a30_22.txt,5,180,1,30,22,722,0.2227,6.1964,18.59
unit_F1_m5_C180_a30_23.txt,5,180,1,30,23,780,0.2258,6.5243,42.03
unit_F1_m5_C180_a30_24.txt,5,180,1,30,24,786,0.2142,5.797,22.5
unit_F1_m5_C180_a30_25.txt,5,180,1,30,25,864,0.23,19.1813,33.91
unit_F1_m5_C180_a30_26.txt,5,180,1,30,26,730,0.216,15.6443,53.91
unit_F1_m5_C180_a30_27.txt,5,180,1,30,27,752,0.1955,5.2809,43.75
unit_F1_m5_C180_a30_28.txt,5,180,1,30,28,740,0.2236,6.5732,39.84
unit_F1_m5_C180_a30_29.txt,5,180,1,30,29,722,0.2239,5.2064,37.34
unit_F1_m5_C180_a30_30.txt,5,180,1,30,30,858,0.2235,6.4068,46.41
unit_F1_m5_C180_a30_31.txt,5,180,1,30,31,842,0.2259,6.3397,27.34
unit_F1_m5_C180_a30_32.txt,5,180,1,30,32,890,0.2336,6.4496,25.78
unit_F1_m5_C180_a30_33.txt,5,180,1,30,33,808,0.2291,6.1778,18.75
unit_F1_m5_C180_a30_34.txt,5,180,1,30,34,756,0.2213,6.1644,29.53
unit_F1_m5_C180_a30_35.txt,5,180,1,30,35,782,0.2264,6.5504,16.41
unit_F1_m5_C180_a30_36.txt,5,180,1,30,36,814,0.2221,6.1945,25.78
unit_F1_m5_C180_a30_37.txt,5,180,1,30,37,778,0.2332,6.5721,20
unit_F1_m5_C180_a30_38.txt,5,180,1,30,38,770,0.2239,6.4612,45.63
unit_F1_m5_C180_a30_39.txt,5,180,1,30,39,714,0.2229,6.2222,38.13
unit_F1_m5_C180_a30_40.txt,5,180,1,30,40,802,0.2239,6.3609,22.19
unit_F1_m5_C180_a30_41.txt,5,180,1,30,41,858,0.2311,16.8662,38.44
unit_F1_m5_C180_a30_42.txt,5,180,1,30,42,838,0.2264,16.4655,13.91
unit_F1_m5_C180_a30_43.txt,5,180,1,30,43,728,0.2187,5.5353,20.16
unit_F1_m5_C180_a30_44.txt,5,180,1,30,44,836,0.2267,18.4954,21.72
unit_F1_m5_C180_a30_45.txt,5,180,1,30,45,670,0.2195,5.8431,28.28
unit_F1_m5_C180_a30_46.txt,5,180,1,30,46,818,0.2328,18.8793,32.03
unit_F1_m5_C180_a30_47.txt,5,180,1,30,47,784,0.2333,6.5842,20.47
unit_F1_m5_C180_a30_48.txt,5,180,1,30,48,790,0.2209,6.2035,31.56
unit_F1_m5_C180_a30_49.txt,5,180,1,30,49,696,0.2296,6.0488,12.97
unit_F1_m10_C30_a3_0.txt,10,30,1,3,0,94,0.2711,2.858,0.63
unit_F1_m10_C30_a3_1.txt,10,30,1,3,1,74,0.1766,1.7846,0.78
unit_F1_m10_C30_a3_2.txt,10,30,1,3,2,112,0.2076,1.9113,0
unit_F1_m10_C30_a3_3.txt,10,30,1,3,3,84,0.2761,8.4824,0.31
unit_F1_m10_C30_a3_4.txt,10,30,1,3,4,112,0.2908,6.4262,0.63
unit_F1_m10_C30_a3_5.txt,10,30,1,3,5,70,0.2914,2.9871,0.16
unit_F1_m10_C30_a3_6.txt,10,30,1,3,6,84,0.2465,6.8879,0.63
unit_F1_m10_C30_a3_7.txt,10,30,1,3,7,82,0.1629,5.9727,0.63
unit_F1_m10_C30_a3_8.txt,10,30,1,3,8,88,0.2052,9.0086,0.47
unit_F1_m10_C30_a3_9.txt,10,30,1,3,9,100,0.3198,3.088,0.31
unit_F1_m10_C30_a3_10.txt,10,30,1,3,10,100,0.2602,7.5818,0.63
unit_F1_m10_C30_a3_11.txt,10,30,1,3,11,92,0.2217,2.4834,0.16
unit_F1_m10_C30_a3_12.txt,10,30,1,3,12,94,0.2461,2.6198,0.31
unit_F1_m10_C30_a3_13.txt,10,30,1,3,13,116,0.2012,2.0026,0.47
unit_F1_m10_C30_a3_14.txt,10,30,1,3,14,70,0.1847,2.8538,0.31
unit_F1_m10_C30_a3_15.txt,10,30,1,3,15,84,0.2516,2.8479,0.78
unit_F1_m10_C30_a3_16.txt,10,30,1,3,16,118,0.3238,3.3534,0.47
unit_F1_m10_C30_a3_17.txt,10,30,1,3,17,78,0.2174,5.6371,0.16
unit_F1_m10_C30_a3_18.txt,10,30,1,3,18,92,0.2155,5.5757,0.47
unit_F1_m10_C30_a3_19.txt,10,30,1,3,19,106,0.2463,9.5743,0.78
unit_F1_m10_C30_a3_20.txt,10,30,1,3,20,102,0.1992,3.6026,0.47
unit_F1_m10_C30_a3_21.txt,10,30,1,3,21,80,0.2384,2.4045,1.09
unit_F1_m10_C30_a3_22.txt,10,30,1,3,22,110,0.2945,6.3477,0.16
unit_F1_m10_C30_a3_23.txt,10,30,1,3,23,100,0.2649,10.7607,0.63
unit_F1_m10_C30_a3_24.txt,10,30,1,3,24,58,0.2811,7.017,0.16
unit_F1_m10_C30_a3_25.txt,10,30,1,3,25,112,0.3179,2.5158,0.63
unit_F1_m10_C30_a3_26.txt,10,30,1,3,26,112,0.2781,2.9223,0.47
unit_F1_m10_C30_a3_27.txt,10,30,1,3,27,84,0.2416,2.2058,0.16
unit_F1_m10_C30_a3_28.txt,10,30,1,3,28,76,0.1925,2.0878,0.31
unit_F1_m10_C30_a3_29.txt,10,30,1,3,29,64,0.18,2.038,0.47
unit_F1_m10_C30_a3_30.txt,10,30,1,3,30,88,0.1798,1.8496,0.31
unit_F1_m10_C30_a3_31.txt,10,30,1,3,31,72,0.2891,3.0531,1.09
unit_F1_m10_C30_a3_32.txt,10,30,1,3,32,72,0.2477,7.0422,0.16
unit_F1_m10_C30_a3_33.txt,10,30,1,3,33,90,0.1536,1.743,0.63
unit_F1_m10_C30_a3_34.txt,10,30,1,3,34,76,0.2087,3.4489,0.47
unit_F1_m10_C30_a3_35.txt,10,30,1,3,35,54,0.162,3.9151,0.16
unit_F1_m10_C30_a3_36.txt,10,30,1,3,36,60,0.1556,4.8982,0.63
unit_F1_m10_C30_a3_37.txt,10,30,1,3,37,86,0.3004,7.2187,0.16
unit_F1_m10_C30_a3_38.txt,10,30,1,3,38,74,0.3012,7.1506,0
unit_F1_m10_C30_a3_39.txt,10,30,1,3,39,106,0.2858,8.0943,0.16
unit_F1_m10_C30_a3_40.txt,10,30,1,3,40,100,0.2088,1.9114,0.31
unit_F1_m10_C30_a3_41.txt,10,30,1,3,41,92,0.3066,2.722,0.63
unit_F1_m10_C30_a3_42.txt,10,30,1,3,42,96,0.3108,3.5044,0.63
unit_F1_m10_C30_a3_43.txt,10,30,1,3,43,100,0.177,1.6903,0.47
unit_F1_m10_C30_a3_44.txt,10,30,1,3,44,106,0.3197,2.9228,0.63
unit_F1_m10_C30_a3_45.txt,10,30,1,3,45,94,0.271,2.6861,0.16
unit_F1_m10_C30_a3_46.txt,10,30,1,3,46,86,0.1912,1.7426,0.63
unit_F1_m10_C30_a3_47.txt,10,30,1,3,47,44,0.23,2.1308,0.78
unit_F1_m10_C30_a3_48.txt,10,30,1,3,48,100,0.1639,1.7849,0.31
unit_F1_m10_C30_a3_49.txt,10,30,1,3,49,100,0.2781,3.0016,0.47
unit_F1_m10_C30_a7_0.txt,10,30,1,7,0,124,0.3702,4.5191,0.47
unit_F1_m10_C30_a7_1.txt,10,30,1,7,1,110,0.3195,4.9079,0.31
unit_F1_m10_C30_a7_2.txt,10,30,1,7,2,128,0.3701,5.8699,0.31
unit_F1_m10_C30_a7_3.txt,10,30,1,7,3,126,0.3278,4.4162,0.94
unit_F1_m10_C30_a7_4.txt,10,30,1,7,4,134,0.378,5.3463,0.31
unit_F1_m10_C30_a7_5.txt,10,30,1,7,5,124,0.3259,4.7957,0.94
unit_F1_m10_C30_a7_6.txt,10,30,1,7,6,132,0.3587,14.817,0.78
unit_F1_m10_C30_a7_7.txt,10,30,1,7,7,116,0.3394,4.3015,0.63
unit_F1_m10_C30_a7_8.txt,10,30,1,7,8,120,0.2738,5.1437,0.78
unit_F1_m10_C30_a7_9.txt,10,30,1,7,9,148,0.3906,5.7123,0.63
unit_F1_m10_C30_a7_10.txt,10,30,1,7,10,122,0.3612,5.9481,0.63
unit_F1_m10_C30_a7_11.txt,10,30,1,7,11,134,0.2759,4.0841,0.78
unit_F1_m10_C30_a7_12.txt,10,30,1,7,12,118,0.3073,4.7377,0.63
unit_F1_m10_C30_a7_13.txt,10,30,1,7,13,118,0.3091,4.6968,1.25
unit_F1_m10_C30_a7_14.txt,10,30,1,7,14,106,0.1983,2.848,0.31
unit_F1_m10_C30_a7_15.txt,10,30,1,7,15,118,0.3627,4.4692,0.78
unit_F1_m10_C30_a7_16.txt,10,30,1,7,16,122,0.3636,5.5472,0.47
unit_F1_m10_C30_a7_17.txt,10,30,1,7,17,98,0.3192,10.8101,0.78
unit_F1_m10_C30_a7_18.txt,10,30,1,7,18,148,0.2341,3.4151,0.47
unit_F1_m10_C30_a7_19.txt,10,30,1,7,19,116,0.3614,4.2943,0.47
unit_F1_m10_C30_a7_20.txt,10,30,1,7,20,122,0.3493,4.9865,0.78
unit_F1_m10_C30_a7_21.txt,10,30,1,7,21,100,0.3503,4.2116,0.63
unit_F1_m10_C30_a7_22.txt,10,30,1,7,22,130,0.3769,4.6727,1.25
unit_F1_m10_C30_a7_23.txt,10,30,1,7,23,112,0.4045,5.035,0.78
unit_F1_m10_C30_a7_24.txt,10,30,1,7,24,122,0.3918,4.0098,0.94
unit_F1_m10_C30_a7_25.txt,10,30,1,7,25,132,0.448,5.5221,0.63
unit_F1_m10_C30_a7_26.txt,10,30,1,7,26,136,0.3367,4.9045,0.78
unit_F1_m10_C30_a7_27.txt,10,30,1,7,27,116,0.2916,3.3743,0.47
unit_F1_m10_C30_a7_28.txt,10,30,1,7,28,140,0.3678,5.4019,0.94
unit_F1_m10_C30_a7_29.txt,10,30,1,7,29,122,0.2518,4.7016,0.31
unit_F1_m10_C30_a7_30.txt,10,30,1,7,30,118,0.2758,4.4731,0.47
unit_F1_m10_C30_a7_31.txt,10,30,1,7,31,100,0.318,4.6222,0.63
unit_F1_m10_C30_a7_32.txt,10,30,1,7,32,104,0.35,6.5239,0.63
unit_F1_m10_C30_a7_33.txt,10,30,1,7,33,128,0.2551,3.8042,0.94
unit_F1_m10_C30_a7_34.txt,10,30,1,7,34,102,0.2375,9.6661,0.78
unit_F1_m10_C30_a7_35.txt,10,30,1,7,35,116,0.3366,5.2233,1.25
unit_F1_m10_C30_a7_36.txt,10,30,1,7,36,114,0.3328,4.8926,0.78
unit_F1_m10_C30_a7_37.txt,10,30,1,7,37,118,0.3374,4.1726,1.09
unit_F1_m10_C30_a7_38.txt,10,30,1,7,38,108,0.3164,10.1969,0.63
unit_F1_m10_C30_a7_39.txt,10,30,1,7,39,132,0.2852,4.2646,0.94
unit_F1_m10_C30_a7_40.txt,10,30,1,7,40,114,0.2575,4.2525,0.63
unit_F1_m10_C30_a7_41.txt,10,30,1,7,41,124,0.3139,5.8471,0.47
unit_F1_m10_C30_a7_42.txt,10,30,1,7,42,136,0.3728,13.8551,0.94
unit_F1_m10_C30_a7_43.txt,10,30,1,7,43,166,0.2556,4.2564,0.63
unit_F1_m10_C30_a7_44.txt,10,30,1,7,44,144,0.3144,4.958,0.94
unit_F1_m10_C30_a7_45.txt,10,30,1,7,45,148,0.3016,4.7902,1.09
unit_F1_m10_C30_a7_46.txt,10,30,1,7,46,102,0.3037,3.6598,0.94
unit_F1_m10_C30_a7_47.txt,10,30,1,7,47,92,0.264,3.4851,0.63
unit_F1_m10_C30_a7_48.txt,10,30,1,7,48,132,0.3498,5.7968,0.63
unit_F1_m10_C30_a7_49.txt,10,30,1,7,49,112,0.3115,4.5215,1.41
unit_F1_m10_C30_a15_0.txt,10,30,1,15,0,204,0.4259,9.8599,5.63
unit_F1_m10_C30_a15_1.txt,10,30,1,15,1,172,0.395,9.4313,3.59
unit_F1_m10_C30_a15_2.txt,10,30,1,15,2,164,0.4116,9.0815,5.63
unit_F1_m10_C30_a15_3.txt,10,30,1,15,3,188,0.3639,8.0807,5.63
unit_F1_m10_C30_a15_4.txt,10,30,1,15,4,182,0.4247,9.6257,3.75
unit_F1_m10_C30_a15_5.txt,10,30,1,15,5,196,0.3976,19.6802,7.34
unit_F1_m10_C30_a15_6.txt,10,30,1,15,6,190,0.4124,9.6598,7.66
unit_F1_m10_C30_a15_7.txt,10,30,1,15,7,186,0.4317,27.17,4.69
unit_F1_m10_C30_a15_8.txt,10,30,1,15,8,174,0.3149,7.6193,8.28
unit_F1_m10_C30_a15_9.txt,10,30,1,15,9,184,0.4055,9.3996,4.38
unit_F1_m10_C30_a15_10.txt,10,30,1,15,10,178,0.494,18.241,4.06
unit_F1_m10_C30_a15_11.txt,10,30,1,15,11,182,0.509,26.6966,8.59
unit_F1_m10_C30_a15_12.txt,10,30,1,15,12,182,0.436,7.3336,4.22
unit_F1_m10_C30_a15_13.txt,10,30,1,15,13,158,0.4743,10.4188,4.69
unit_F1_m10_C30_a15_14.txt,10,30,1,15,14,180,0.4205,18.9405,10
unit_F1_m10_C30_a15_15.txt,10,30,1,15,15,202,0.3824,7.8882,7.66
unit_F1_m10_C30_a15_16.txt,10,30,1,15,16,176,0.4488,8.7621,3.59
unit_F1_m10_C30_a15_17.txt,10,30,1,15,17,178,0.3664,8.1855,10.16
unit_F1_m10_C30_a15_18.txt,10,30,1,15,18,188,0.3759,9.0482,3.44
unit_F1_m10_C30_a15_19.txt,10,30,1,15,19,156,0.4105,8.7548,3.91
unit_F1_m10_C30_a15_20.txt,10,30,1,15,20,158,0.3907,8.0658,2.34
unit_F1_m10_C30_a15_21.txt,10,30,1,15,21,194,0.4186,9.1094,8.44
unit_F1_m10_C30_a15_22.txt,10,30,1,15,22,168,0.4001,9.3982,5.31
unit_F1_m10_C30_a15_23.txt,10,30,1,15,23,176,0.413,9.6788,4.06
unit_F1_m10_C30_a15_24.txt,10,30,1,15,24,188,0.417,6.4738,5.31
unit_F1_m10_C30_a15_25.txt,10,30,1,15,25,188,0.4263,10.2808,5.16
unit_F1_m10_C30_a15_26.txt,10,30,1,15,26,190,0.4034,20.4357,4.84
unit_F1_m10_C30_a15_27.txt,10,30,1,15,27,172,0.3685,23.237,4.22
unit_F1_m10_C30_a15_28.txt,10,30,1,15,28,200,0.3818,21.6322,6.25
unit_F1_m10_C30_a15_29.txt,10,30,1,15,29,186,0.4112,25.5195,5.63
unit_F1_m10_C30_a15_30.txt,10,30,1,15,30,174,0.3156,22.5046,5.16
unit_F1_m10_C30_a15_31.txt,10,30,1,15,31,156,0.3753,8.5465,6.09
unit_F1_m10_C30_a15_32.txt,10,30,1,15,32,172,0.4275,9.4648,7.19
unit_F1_m10_C30_a15_33.txt,10,30,1,15,33,174,0.4021,8.6093,5
unit_F1_m10_C30_a15_34.txt,10,30,1,15,34,184,0.4226,10.6516,6.25
unit_F1_m10_C30_a15_35.txt,10,30,1,15,35,200,0.4043,9.8417,4.84
unit_F1_m10_C30_a15_36.txt,10,30,1,15,36,180,0.3788,9.3921,3.13
unit_F1_m10_C30_a15_37.txt,10,30,1,15,37,176,0.4033,7.1186,4.69
unit_F1_m10_C30_a15_38.txt,10,30,1,15,38,148,0.359,6.9649,7.66
unit_F1_m10_C30_a15_39.txt,10,30,1,15,39,200,0.3857,8.8995,4.06
unit_F1_m10_C30_a15_40.txt,10,30,1,15,40,156,0.3594,8.2927,4.84
unit_F1_m10_C30_a15_41.txt,10,30,1,15,41,190,0.3988,9.9985,4.22
unit_F1_m10_C30_a15_42.txt,10,30,1,15,42,190,0.4439,9.6263,4.69
unit_F1_m10_C30_a15_43.txt,10,30,1,15,43,190,0.3927,9.1592,4.69
unit_F1_m10_C30_a15_44.txt,10,30,1,15,44,184,0.3657,9.0002,6.88
unit_F1_m10_C30_a15_45.txt,10,30,1,15,45,184,0.4849,9.8354,5.16
unit_F1_m10_C30_a15_46.txt,10,30,1,15,46,160,0.3941,9.8539,4.06
unit_F1_m10_C30_a15_47.txt,10,30,1,15,47,196,0.363,7.3423,10.16
unit_F1_m10_C30_a15_48.txt,10,30,1,15,48,182,0.4486,9.3556,7.5
unit_F1_m10_C30_a15_49.txt,10,30,1,15,49,158,0.3858,9.5637,9.22
unit_F1_m10_C30_a30_0.txt,10,30,1,30,0,278,0.4785,19.9695,10.94
unit_F1_m10_C30_a30_1.txt,10,30,1,30,1,230,0.447,13.6259,14.06
unit_F1_m10_C30_a30_2.txt,10,30,1,30,2,252,0.4776,14.8875,29.06
unit_F1_m10_C30_a30_3.txt,10,30,1,30,3,256,0.456,13.618,50.94
unit_F1_m10_C30_a30_4.txt,10,30,1,30,4,250,0.4839,13.2047,27.03
unit_F1_m10_C30_a30_5.txt,10,30,1,30,5,262,0.4647,15.2191,15.63
unit_F1_m10_C30_a30_6.txt,10,30,1,30,6,252,0.4674,13.5754,16.88
unit_F1_m10_C30_a30_7.txt,10,30,1,30,7,242,0.4468,11.8973,25.63
unit_F1_m10_C30_a30_8.txt,10,30,1,30,8,254,0.4695,13.9112,15
unit_F1_m10_C30_a30_9.txt,10,30,1,30,9,242,0.4807,13.4864,9.22
unit_F1_m10_C30_a30_10.txt,10,30,1,30,10,258,0.4669,12.8995,17.34
unit_F1_m10_C30_a30_11.txt,10,30,1,30,11,246,0.4504,14.1823,41.88
unit_F1_m10_C30_a30_12.txt,10,30,1,30,12,278,0.4781,14.7313,13.75
unit_F1_m10_C30_a30_13.txt,10,30,1,30,13,284,0.4958,28.5641,21.88
unit_F1_m10_C30_a30_14.txt,10,30,1,30,14,264,0.5178,25.8846,28.44
unit_F1_m10_C30_a30_15.txt,10,30,1,30,15,298,0.5486,15.4947,10.78
unit_F1_m10_C30_a30_16.txt,10,30,1,30,16,266,0.5206,13.3867,11.72
unit_F1_m10_C30_a30_17.txt,10,30,1,30,17,234,0.4406,12.0444,6.56
unit_F1_m10_C30_a30_18.txt,10,30,1,30,18,264,0.4735,13.6905,14.69
unit_F1_m10_C30_a30_19.txt,10,30,1,30,19,226,0.4629,13.6384,10.16
unit_F1_m10_C30_a30_20.txt,10,30,1,30,20,264,0.4596,14.3698,15.78
unit_F1_m10_C30_a30_21.txt,10,30,1,30,21,282,0.4707,12.6598,13.75
unit_F1_m10_C30_a30_22.txt,10,30,1,30,22,234,0.4582,14.0985,29.84
unit_F1_m10_C30_a30_23.txt,10,30,1,30,23,260,0.4864,14.5623,14.53
unit_F1_m10_C30_a30_24.txt,10,30,1,30,24,252,0.4678,14.0984,12.5
unit_F1_m10_C30_a30_25.txt,10,30,1,30,25,270,0.4938,16.6687,15.47
unit_F1_m10_C30_a30_26.txt,10,30,1,30,26,264,0.4888,14.6306,26.25
unit_F1_m10_C30_a30_27.txt,10,30,1,30,27,266,0.4748,26.5323,60.94
unit_F1_m10_C30_a30_28.txt,10,30,1,30,28,262,0.4318,13.4509,17.19
unit_F1_m10_C30_a30_29.txt,10,30,1,30,29,248,0.456,12.7139,25.47
unit_F1_m10_C30_a30_30.txt,10,30,1,30,30,268,0.4913,14.8258,13.91
unit_F1_m10_C30_a30_31.txt,10,30,1,30,31,250,0.4559,13.2586,21.09
unit_F1_m10_C30_a30_32.txt,10,30,1,30,32,266,0.481,13.2761,18.28
unit_F1_m10_C30_a30_33.txt,10,30,1,30,33,240,0.4743,13.244,12.5
unit_F1_m10_C30_a30_34.txt,10,30,1,30,34,236,0.4747,13.3974,22.5
unit_F1_m10_C30_a30_35.txt,10,30,1,30,35,260,0.4654,13.6768,19.69
unit_F1_m10_C30_a30_36.txt,10,30,1,30,36,264,0.4789,14.079,14.38
unit_F1_m10_C30_a30_37.txt,10,30,1,30,37,264,0.4924,14.6607,15
unit_F1_m10_C30_a30_38.txt,10,30,1,30,38,220,0.4341,12.0383,21.72
unit_F1_m10_C30_a30_39.txt,10,30,1,30,39,278,0.4993,13.5539,24.22
unit_F1_m10_C30_a30_40.txt,10,30,1,30,40,238,0.4228,12.8903,15.47
unit_F1_m10_C30_a30_41.txt,10,30,1,30,41,258,0.4683,24.2556,25.78
unit_F1_m10_C30_a30_42.txt,10,30,1,30,42,250,0.4702,34.5579,18.28
unit_F1_m10_C30_a30_43.txt,10,30,1,30,43,278,0.4868,12.3308,39.69
unit_F1_m10_C30_a30_44.txt,10,30,1,30,44,246,0.4557,12.8041,16.56
unit_F1_m10_C30_a30_45.txt,10,30,1,30,45,264,0.4914,15.2807,24.22
unit_F1_m10_C30_a30_46.txt,10,30,1,30,46,266,0.4609,35.0734,12.34
unit_F1_m10_C30_a30_47.txt,10,30,1,30,47,256,0.4671,12.5496,14.22
unit_F1_m10_C30_a30_48.txt,10,30,1,30,48,238,0.4783,13.2004,7.5
unit_F1_m10_C30_a30_49.txt,10,30,1,30,49,250,0.4706,15.6342,12.66
unit_F1_m10_C60_a3_0.txt,10,60,1,3,0,142,0.1841,1.7126,0.78
unit_F1_m10_C60_a3_1.txt,10,60,1,3,1,96,0.2672,8.1828,0.47
unit_F1_m10_C60_a3_2.txt,10,60,1,3,2,176,0.1777,1.9178,0.94
unit_F1_m10_C60_a3_3.txt,10,60,1,3,3,120,0.2171,2.9842,0.47
unit_F1_m10_C60_a3_4.txt,10,60,1,3,4,122,0.1657,2.2731,0.94
unit_F1_m10_C60_a3_5.txt,10,60,1,3,5,132,0.2362,3.5266,0.31
unit_F1_m10_C60_a3_6.txt,10,60,1,3,6,138,0.336,8.745,0.63
unit_F1_m10_C60_a3_7.txt,10,60,1,3,7,134,0.2074,5.3001,0.47
unit_F1_m10_C60_a3_8.txt,10,60,1,3,8,132,0.1842,6.9214,0.63
unit_F1_m10_C60_a3_9.txt,10,60,1,3,9,178,0.2864,4.702,0
unit_F1_m10_C60_a3_10.txt,10,60,1,3,10,142,0.2087,1.7756,0.31
unit_F1_m10_C60_a3_11.txt,10,60,1,3,11,112,0.2334,1.9896,0.94
unit_F1_m10_C60_a3_12.txt,10,60,1,3,12,92,0.194,2.1675,0.47
unit_F1_m10_C60_a3_13.txt,10,60,1,3,13,166,0.3345,2.3675,0.63
unit_F1_m10_C60_a3_14.txt,10,60,1,3,14,154,0.289,2.9472,0.31
unit_F1_m10_C60_a3_15.txt,10,60,1,3,15,144,0.287,2.5187,0.78
unit_F1_m10_C60_a3_16.txt,10,60,1,3,16,160,0.3192,3.2539,0.47
unit_F1_m10_C60_a3_17.txt,10,60,1,3,17,156,0.2227,1.6608,0.47
unit_F1_m10_C60_a3_18.txt,10,60,1,3,18,118,0.1807,1.7899,0.47
unit_F1_m10_C60_a3_19.txt,10,60,1,3,19,94,0.1464,2.1057,1.09
unit_F1_m10_C60_a3_20.txt,10,60,1,3,20,108,0.2079,2.0299,0.31
unit_F1_m10_C60_a3_21.txt,10,60,1,3,21,172,0.2894,2.7179,0.31
unit_F1_m10_C60_a3_22.txt,10,60,1,3,22,156,0.2842,2.9954,0.47
unit_F1_m10_C60_a3_23.txt,10,60,1,3,23,114,0.2961,8.7827,0.63
unit_F1_m10_C60_a3_24.txt,10,60,1,3,24,130,0.2472,2.7443,0
unit_F1_m10_C60_a3_25.txt,10,60,1,3,25,138,0.2236,1.9994,0.63
unit_F1_m10_C60_a3_26.txt,10,60,1,3,26,148,0.1476,1.3703,0.16
unit_F1_m10_C60_a3_27.txt,10,60,1,3,27,130,0.193,2.3189,0.31
unit_F1_m10_C60_a3_28.txt,10,60,1,3,28,154,0.1793,5.1223,0.63
unit_F1_m10_C60_a3_29.txt,10,60,1,3,29,128,0.3275,3.089,0.31
unit_F1_m10_C60_a3_30.txt,10,60,1,3,30,120,0.2304,2.0439,0.31
unit_F1_m10_C60_a3_31.txt,10,60,1,3,31,114,0.3271,3.1268,0.16
unit_F1_m10_C60_a3_32.txt,10,60,1,3,32,116,0.1892,5.8794,0.78
unit_F1_m10_C60_a3_33.txt,10,60,1,3,33,126,0.1867,4.9005,0.94
unit_F1_m10_C60_a3_34.txt,10,60,1,3,34,154,0.269,7.0568,0.94
unit_F1_m10_C60_a3_35.txt,10,60,1,3,35,124,0.1606,4.6507,0.47
unit_F1_m10_C60_a3_36.txt,10,60,1,3,36,148,0.2425,3.0889,0.94
unit_F1_m10_C60_a3_37.txt,10,60,1,3,37,116,0.2614,2.7007,0.31
unit_F1_m10_C60_a3_38.txt,10,60,1,3,38,154,0.2607,2.6418,0.78
unit_F1_m10_C60_a3_39.txt,10,60,1,3,39,164,0.1972,1.7567,0.16
unit_F1_m10_C60_a3_40.txt,10,60,1,3,40,166,0.2096,2.211,0.16
unit_F1_m10_C60_a3_41.txt,10,60,1,3,41,138,0.2419,2.5284,0.47
unit_F1_m10_C60_a3_42.txt,10,60,1,3,42,156,0.204,1.9363,0.16
unit_F1_m10_C60_a3_43.txt,10,60,1,3,43,100,0.281,2.8554,0.78
unit_F1_m10_C60_a3_44.txt,10,60,1,3,44,112,0.2174,2.2721,0.47
unit_F1_m10_C60_a3_45.txt,10,60,1,3,45,160,0.2066,5.6063,0.94
unit_F1_m10_C60_a3_46.txt,10,60,1,3,46,134,0.2737,2.5291,0.78
unit_F1_m10_C60_a3_47.txt,10,60,1,3,47,128,0.2588,3.7942,0.47
unit_F1_m10_C60_a3_48.txt,10,60,1,3,48,128,0.2538,2.4548,0.47
unit_F1_m10_C60_a3_49.txt,10,60,1,3,49,168,0.316,3.2113,0.94
unit_F1_m10_C60_a7_0.txt,10,60,1,7,0,186,0.2725,4.7056,0.31
unit_F1_m10_C60_a7_1.txt,10,60,1,7,1,178,0.3108,5.5605,0.63
unit_F1_m10_C60_a7_2.txt,10,60,1,7,2,206,0.3411,5.3911,0.78
unit_F1_m10_C60_a7_3.txt,10,60,1,7,3,160,0.3271,4.9546,0.94
unit_F1_m10_C60_a7_4.txt,10,60,1,7,4,218,0.3249,5.6358,1.25
unit_F1_m10_C60_a7_5.txt,10,60,1,7,5,154,0.268,4.4703,0.47
unit_F1_m10_C60_a7_6.txt,10,60,1,7,6,236,0.3529,5.3977,0.47
unit_F1_m10_C60_a7_7.txt,10,60,1,7,7,170,0.2292,8.7913,0.78
unit_F1_m10_C60_a7_8.txt,10,60,1,7,8,180,0.1997,2.8095,0.47
unit_F1_m10_C60_a7_9.txt,10,60,1,7,9,192,0.3084,15.4747,0.47
unit_F1_m10_C60_a7_10.txt,10,60,1,7,10,216,0.24,8.9181,0.94
unit_F1_m10_C60_a7_11.txt,10,60,1,7,11,154,0.2805,2.9959,1.09
unit_F1_m10_C60_a7_12.txt,10,60,1,7,12,206,0.3385,4.7061,1.41
unit_F1_m10_C60_a7_13.txt,10,60,1,7,13,226,0.3134,5.0017,0.63
unit_F1_m10_C60_a7_14.txt,10,60,1,7,14,178,0.3969,4.8498,0.78
unit_F1_m10_C60_a7_15.txt,10,60,1,7,15,182,0.3356,4.8778,0.78
unit_F1_m10_C60_a7_16.txt,10,60,1,7,16,222,0.362,6.0785,0.63
unit_F1_m10_C60_a7_17.txt,10,60,1,7,17,208,0.3272,4.5686,1.09
unit_F1_m10_C60_a7_18.txt,10,60,1,7,18,210,0.3579,5.1589,0.94
unit_F1_m10_C60_a7_19.txt,10,60,1,7,19,178,0.2057,2.9999,0.94
unit_F1_m10_C60_a7_20.txt,10,60,1,7,20,216,0.3895,6.0846,0.47
unit_F1_m10_C60_a7_21.txt,10,60,1,7,21,214,0.3302,10.8373,0.47
unit_F1_m10_C60_a7_22.txt,10,60,1,7,22,170,0.3157,5.6224,1.25
unit_F1_m10_C60_a7_23.txt,10,60,1,7,23,212,0.3377,17.2744,0.47
unit_F1_m10_C60_a7_24.txt,10,60,1,7,24,184,0.3246,5.5455,0.94
unit_F1_m10_C60_a7_25.txt,10,60,1,7,25,204,0.307,13.3219,0.31
unit_F1_m10_C60_a7_26.txt,10,60,1,7,26,186,0.2947,4.6106,0.63
unit_F1_m10_C60_a7_27.txt,10,60,1,7,27,192,0.2918,4.4432,0.16
unit_F1_m10_C60_a7_28.txt,10,60,1,7,28,184,0.353,3.9399,0.31
unit_F1_m10_C60_a7_29.txt,10,60,1,7,29,210,0.3716,5.6571,1.41
unit_F1_m10_C60_a7_30.txt,10,60,1,7,30,164,0.3035,3.6619,1.41
unit_F1_m10_C60_a7_31.txt,10,60,1,7,31,206,0.3702,5.6322,1.09
unit_F1_m10_C60_a7_32.txt,10,60,1,7,32,198,0.3637,5.398,2.03
unit_F1_m10_C60_a7_33.txt,10,60,1,7,33,180,0.3367,4.1112,0.47
unit_F1_m10_C60_a7_34.txt,10,60,1,7,34,188,0.341,4.4803,0.78
unit_F1_m10_C60_a7_35.txt,10,60,1,7,35,226,0.2917,14.0425,0.47
unit_F1_m10_C60_a7_36.txt,10,60,1,7,36,206,0.2965,5.0549,0.31
unit_F1_m10_C60_a7_37.txt,10,60,1,7,37,206,0.3397,5.6267,0.63
unit_F1_m10_C60_a7_38.txt,10,60,1,7,38,204,0.333,6.155,1.09
unit_F1_m10_C60_a7_39.txt,10,60,1,7,39,188,0.2635,3.4154,1.09
unit_F1_m10_C60_a7_40.txt,10,60,1,7,40,208,0.3252,5.3624,1.25
unit_F1_m10_C60_a7_41.txt,10,60,1,7,41,174,0.3013,3.1463,0.47
unit_F1_m10_C60_a7_42.txt,10,60,1,7,42,222,0.3275,5.6663,0.31
unit_F1_m10_C60_a7_43.txt,10,60,1,7,43,188,0.3651,4.7974,0.78
unit_F1_m10_C60_a7_44.txt,10,60,1,7,44,206,0.3287,6.2235,0.78
unit_F1_m10_C60_a7_45.txt,10,60,1,7,45,226,0.345,5.7279,0.31
unit_F1_m10_C60_a7_46.txt,10,60,1,7,46,180,0.3715,4.6082,1.72
unit_F1_m10_C60_a7_47.txt,10,60,1,7,47,194,0.3499,6.0308,0.47
unit_F1_m10_C60_a7_48.txt,10,60,1,7,48,180,0.2854,10.7199,0.94
unit_F1_m10_C60_a7_49.txt,10,60,1,7,49,180,0.3611,5.4564,0.63
unit_F1_m10_C60_a15_0.txt,10,60,1,15,0,276,0.3519,7.8248,5.63
unit_F1_m10_C60_a15_1.txt,10,60,1,15,1,290,0.4077,10.6641,4.53
unit_F1_m10_C60_a15_2.txt,10,60,1,15,2,328,0.4176,9.2493,3.75
unit_F1_m10_C60_a15_3.txt,10,60,1,15,3,294,0.413,17.7732,6.09
unit_F1_m10_C60_a15_4.txt,10,60,1,15,4,320,0.3823,10.4352,6.41
unit_F1_m10_C60_a15_5.txt,10,60,1,15,5,228,0.3901,6.9318,8.44
unit_F1_m10_C60_a15_6.txt,10,60,1,15,6,312,0.3945,9.6431,4.84
unit_F1_m10_C60_a15_7.txt,10,60,1,15,7,268,0.3376,22.39,6.56
unit_F1_m10_C60_a15_8.txt,10,60,1,15,8,292,0.4194,28.7559,3.91
unit_F1_m10_C60_a15_9.txt,10,60,1,15,9,252,0.3416,23.2678,7.03
unit_F1_m10_C60_a15_10.txt,10,60,1,15,10,330,0.407,27.7003,5.47
unit_F1_m10_C60_a15_11.txt,10,60,1,15,11,252,0.3965,7.6323,5.78
unit_F1_m10_C60_a15_12.txt,10,60,1,15,12,258,0.3895,8.3828,7.19
unit_F1_m10_C60_a15_13.txt,10,60,1,15,13,294,0.3986,19.5955,5
unit_F1_m10_C60_a15_14.txt,10,60,1,15,14,260,0.4068,9.9926,5.78
unit_F1_m10_C60_a15_15.txt,10,60,1,15,15,322,0.3735,9.0737,5
unit_F1_m10_C60_a15_16.txt,10,60,1,15,16,274,0.41,10.5439,5.63
unit_F1_m10_C60_a15_17.txt,10,60,1,15,17,314,0.4152,9.6847,12.34
unit_F1_m10_C60_a15_18.txt,10,60,1,15,18,286,0.421,10.0561,5.47
unit_F1_m10_C60_a15_19.txt,10,60,1,15,19,298,0.4204,9.577,5.31
unit_F1_m10_C60_a15_20.txt,10,60,1,15,20,334,0.4071,10.5941,6.72
unit_F1_m10_C60_a15_21.txt,10,60,1,15,21,280,0.3747,8.6989,4.06
unit_F1_m10_C60_a15_22.txt,10,60,1,15,22,308,0.3995,9.8548,7.97
unit_F1_m10_C60_a15_23.txt,10,60,1,15,23,282,0.3906,8.3678,6.72
unit_F1_m10_C60_a15_24.txt,10,60,1,15,24,294,0.3736,8.1448,12.66
unit_F1_m10_C60_a15_25.txt,10,60,1,15,25,312,0.3957,9.6233,5.16
unit_F1_m10_C60_a15_26.txt,10,60,1,15,26,314,0.3809,9.4595,9.38
unit_F1_m10_C60_a15_27.txt,10,60,1,15,27,288,0.3904,8.3496,6.56
unit_F1_m10_C60_a15_28.txt,10,60,1,15,28,290,0.3643,21.7599,4.22
unit_F1_m10_C60_a15_29.txt,10,60,1,15,29,234,0.403,6.2913,6.72
unit_F1_m10_C60_a15_30.txt,10,60,1,15,30,318,0.4512,9.3119,7.03
unit_F1_m10_C60_a15_31.txt,10,60,1,15,31,288,0.4323,11.0158,8.28
unit_F1_m10_C60_a15_32.txt,10,60,1,15,32,314,0.4273,10.4623,7.34
unit_F1_m10_C60_a15_33.txt,10,60,1,15,33,236,0.3963,7.8852,7.97
unit_F1_m10_C60_a15_34.txt,10,60,1,15,34,258,0.4249,6.8625,7.19
unit_F1_m10_C60_a15_35.txt,10,60,1,15,35,320,0.4279,9.3542,6.88
unit_F1_m10_C60_a15_36.txt,10,60,1,15,36,334,0.4227,26.9278,6.88
unit_F1_m10_C60_a15_37.txt,10,60,1,15,37,292,0.4378,21.5811,3.91
unit_F1_m10_C60_a15_38.txt,10,60,1,15,38,272,0.4011,9.1492,10.94
unit_F1_m10_C60_a15_39.txt,10,60,1,15,39,336,0.4096,28.5451,3.75
unit_F1_m10_C60_a15_40.txt,10,60,1,15,40,288,0.3835,7.9495,4.53
unit_F1_m10_C60_a15_41.txt,10,60,1,15,41,288,0.4134,9.1613,5.78
unit_F1_m10_C60_a15_42.txt,10,60,1,15,42,318,0.4163,9.2301,5.47
unit_F1_m10_C60_a15_43.txt,10,60,1,15,43,336,0.4631,10.2051,7.19
unit_F1_m10_C60_a15_44.txt,10,60,1,15,44,280,0.3971,10.1109,10.78
unit_F1_m10_C60_a15_45.txt,10,60,1,15,45,330,0.4224,9.9417,7.5
unit_F1_m10_C60_a15_46.txt,10,60,1,15,46,268,0.3871,7.9758,5.16
unit_F1_m10_C60_a15_47.txt,10,60,1,15,47,284,0.4358,10.3928,11.56
unit_F1_m10_C60_a15_48.txt,10,60,1,15,48,320,0.4266,10.5734,12.81
unit_F1_m10_C60_a15_49.txt,10,60,1,15,49,268,0.4371,8.6562,7.5
unit_F1_m10_C60_a30_0.txt,10,60,1,30,0,384,0.4363,10.9514,34.22
unit_F1_m10_C60_a30_1.txt,10,60,1,30,1,412,0.465,32.3507,19.69
unit_F1_m10_C60_a30_2.txt,10,60,1,30,2,420,0.4691,14.0261,20.47
unit_F1_m10_C60_a30_3.txt,10,60,1,30,3,450,0.4861,15.0978,26.72
unit_F1_m10_C60_a30_4.txt,10,60,1,30,4,482,0.5287,15.2642,141.09
unit_F1_m10_C60_a30_5.txt,10,60,1,30,5,384,0.4643,12.9429,16.88
unit_F1_m10_C60_a30_6.txt,10,60,1,30,6,434,0.4364,20.515,34.38
unit_F1_m10_C60_a30_7.txt,10,60,1,30,7,432,0.48,33.1946,22.19
unit_F1_m10_C60_a30_8.txt,10,60,1,30,8,402,0.4681,13.5292,20.94
unit_F1_m10_C60_a30_9.txt,10,60,1,30,9,356,0.3932,12.9253,9.22
unit_F1_m10_C60_a30_10.txt,10,60,1,30,10,458,0.4688,14.8075,23.13
unit_F1_m10_C60_a30_11.txt,10,60,1,30,11,400,0.4595,11.9591,36.56
unit_F1_m10_C60_a30_12.txt,10,60,1,30,12,404,0.4806,15.0302,20
unit_F1_m10_C60_a30_13.txt,10,60,1,30,13,446,0.4665,34.504,29.84
unit_F1_m10_C60_a30_14.txt,10,60,1,30,14,416,0.4791,13.7161,15.63
unit_F1_m10_C60_a30_15.txt,10,60,1,30,15,490,0.4872,27.7269,55.94
unit_F1_m10_C60_a30_16.txt,10,60,1,30,16,438,0.4769,14.4905,20
unit_F1_m10_C60_a30_17.txt,10,60,1,30,17,448,0.4904,14.8025,9.84
unit_F1_m10_C60_a30_18.txt,10,60,1,30,18,404,0.4794,25.9738,40.47
unit_F1_m10_C60_a30_19.txt,10,60,1,30,19,434,0.5042,14.9654,22.81
unit_F1_m10_C60_a30_20.txt,10,60,1,30,20,490,0.4878,14.4059,27.97
unit_F1_m10_C60_a30_21.txt,10,60,1,30,21,390,0.4928,13.9942,13.13
unit_F1_m10_C60_a30_22.txt,10,60,1,30,22,396,0.4599,13.8333,18.91
unit_F1_m10_C60_a30_23.txt,10,60,1,30,23,440,0.4761,14.0659,18.28
unit_F1_m10_C60_a30_24.txt,10,60,1,30,24,428,0.4544,14.2972,18.44
unit_F1_m10_C60_a30_25.txt,10,60,1,30,25,424,0.4495,13.9284,18.13
unit_F1_m10_C60_a30_26.txt,10,60,1,30,26,434,0.4848,12.6829,17.97
unit_F1_m10_C60_a30_27.txt,10,60,1,30,27,420,0.4616,20.7218,16.09
unit_F1_m10_C60_a30_28.txt,10,60,1,30,28,406,0.4156,11.968,18.75
unit_F1_m10_C60_a30_29.txt,10,60,1,30,29,366,0.4845,12.378,14.22
unit_F1_m10_C60_a30_30.txt,10,60,1,30,30,442,0.4778,13.8531,23.91
unit_F1_m10_C60_a30_31.txt,10,60,1,30,31,406,0.4826,14.6246,34.69
unit_F1_m10_C60_a30_32.txt,10,60,1,30,32,468,0.4913,16.2579,17.19
unit_F1_m10_C60_a30_33.txt,10,60,1,30,33,380,0.4761,22.5784,17.5
unit_F1_m10_C60_a30_34.txt,10,60,1,30,34,452,0.5212,30.4362,13.28
unit_F1_m10_C60_a30_35.txt,10,60,1,30,35,496,0.4933,25.1351,30.63
unit_F1_m10_C60_a30_36.txt,10,60,1,30,36,416,0.4715,13.2797,13.75
unit_F1_m10_C60_a30_37.txt,10,60,1,30,37,412,0.4612,12.5678,19.69
unit_F1_m10_C60_a30_38.txt,10,60,1,30,38,418,0.4719,31.3968,25.94
unit_F1_m10_C60_a30_39.txt,10,60,1,30,39,438,0.5045,13.6975,28.91
unit_F1_m10_C60_a30_40.txt,10,60,1,30,40,442,0.4841,27.7326,39.22
unit_F1_m10_C60_a30_41.txt,10,60,1,30,41,446,0.489,13.5161,14.69
unit_F1_m10_C60_a30_42.txt,10,60,1,30,42,462,0.4958,14.4869,18.28
unit_F1_m10_C60_a30_43.txt,10,60,1,30,43,454,0.4798,15.0491,17.19
unit_F1_m10_C60_a30_44.txt,10,60,1,30,44,426,0.463,13.7432,17.19
unit_F1_m10_C60_a30_45.txt,10,60,1,30,45,426,0.4928,13.8594,14.53
unit_F1_m10_C60_a30_46.txt,10,60,1,30,46,414,0.4955,14.7495,12.34
unit_F1_m10_C60_a30_47.txt,10,60,1,30,47,394,0.5109,13.8673,35.63
unit_F1_m10_C60_a30_48.txt,10,60,1,30,48,438,0.4789,14.1716,16.88
unit_F1_m10_C60_a30_49.txt,10,60,1,30,49,362,0.445,11.6169,15.94
unit_F1_m10_C180_a3_0.txt,10,180,1,3,0,306,0.2285,2.1115,0.47
unit_F1_m10_C180_a3_1.txt,10,180,1,3,1,376,0.2104,2.1214,0.31
unit_F1_m10_C180_a3_2.txt,10,180,1,3,2,218,0.1517,1.4876,0.31
unit_F1_m10_C180_a3_3.txt,10,180,1,3,3,400,0.2666,7.6568,0.16
unit_F1_m10_C180_a3_4.txt,10,180,1,3,4,386,0.2545,2.536,0.31
unit_F1_m10_C180_a3_5.txt,10,180,1,3,5,256,0.2784,2.6367,0.47
unit_F1_m10_C180_a3_6.txt,10,180,1,3,6,406,0.2743,2.6981,0.47
unit_F1_m10_C180_a3_7.txt,10,180,1,3,7,238,0.1469,1.9157,1.09
unit_F1_m10_C180_a3_8.txt,10,180,1,3,8,414,0.2122,3.8942,0.47
unit_F1_m10_C180_a3_9.txt,10,180,1,3,9,400,0.3057,3.2179,0.31
unit_F1_m10_C180_a3_10.txt,10,180,1,3,10,262,0.289,2.9247,0.16
unit_F1_m10_C180_a3_11.txt,10,180,1,3,11,260,0.2022,2.0653,0.47
unit_F1_m10_C180_a3_12.txt,10,180,1,3,12,286,0.2965,2.8,0.47
unit_F1_m10_C180_a3_13.txt,10,180,1,3,13,406,0.241,2.4926,0.31
unit_F1_m10_C180_a3_14.txt,10,180,1,3,14,254,0.2313,2.2147,0
unit_F1_m10_C180_a3_15.txt,10,180,1,3,15,308,0.2155,5.3598,0.47
unit_F1_m10_C180_a3_16.txt,10,180,1,3,16,292,0.3261,8.0956,0.47
unit_F1_m10_C180_a3_17.txt,10,180,1,3,17,394,0.1411,1.4946,0.31
unit_F1_m10_C180_a3_18.txt,10,180,1,3,18,412,0.2815,2.5964,0.31
unit_F1_m10_C180_a3_19.txt,10,180,1,3,19,354,0.2229,2.4507,0.16
unit_F1_m10_C180_a3_20.txt,10,180,1,3,20,284,0.1547,1.6226,0.16
unit_F1_m10_C180_a3_21.txt,10,180,1,3,21,218,0.1825,4.879,0.47
unit_F1_m10_C180_a3_22.txt,10,180,1,3,22,236,0.1577,4.767,0.31
unit_F1_m10_C180_a3_23.txt,10,180,1,3,23,284,0.1547,4.6168,0.31
unit_F1_m10_C180_a3_24.txt,10,180,1,3,24,222,0.1697,1.9684,1.25
unit_F1_m10_C180_a3_25.txt,10,180,1,3,25,406,0.1844,3.3332,0.16
unit_F1_m10_C180_a3_26.txt,10,180,1,3,26,306,0.2552,3.4358,0.47
unit_F1_m10_C180_a3_27.txt,10,180,1,3,27,234,0.1477,1.5943,0.31
unit_F1_m10_C180_a3_28.txt,10,180,1,3,28,376,0.1633,1.5087,0
unit_F1_m10_C180_a3_29.txt,10,180,1,3,29,424,0.2323,2.346,0.63
unit_F1_m10_C180_a3_30.txt,10,180,1,3,30,224,0.1777,1.6841,0.16
unit_F1_m10_C180_a3_31.txt,10,180,1,3,31,382,0.2489,2.5652,0.47
unit_F1_m10_C180_a3_32.txt,10,180,1,3,32,244,0.1486,1.7098,0.63
unit_F1_m10_C180_a3_33.txt,10,180,1,3,33,250,0.2198,2.0677,0.31
unit_F1_m10_C180_a3_34.txt,10,180,1,3,34,222,0.1512,2.2033,0.31
unit_F1_m10_C180_a3_35.txt,10,180,1,3,35,318,0.1781,1.8395,0.31
unit_F1_m10_C180_a3_36.txt,10,180,1,3,36,388,0.2316,2.3858,0.78
unit_F1_m10_C180_a3_37.txt,10,180,1,3,37,400,0.295,2.9265,0.31
unit_F1_m10_C180_a3_38.txt,10,180,1,3,38,392,0.2058,2.0043,0.16
unit_F1_m10_C180_a3_39.txt,10,180,1,3,39,356,0.143,1.3263,1.25
unit_F1_m10_C180_a3_40.txt,10,180,1,3,40,366,0.2258,2.2706,1.09
unit_F1_m10_C180_a3_41.txt,10,180,1,3,41,314,0.1958,1.9277,0.78
unit_F1_m10_C180_a3_42.txt,10,180,1,3,42,238,0.2013,2.3408,0.47
unit_F1_m10_C180_a3_43.txt,10,180,1,3,43,412,0.2775,2.893,0.63
unit_F1_m10_C180_a3_44.txt,10,180,1,3,44,338,0.2125,2.0245,0.31
unit_F1_m10_C180_a3_45.txt,10,180,1,3,45,82,0.1455,1.8102,0.47
unit_F1_m10_C180_a3_46.txt,10,180,1,3,46,338,0.2779,2.7774,0.31
unit_F1_m10_C180_a3_47.txt,10,180,1,3,47,358,0.2321,1.9847,0.16
unit_F1_m10_C180_a3_48.txt,10,180,1,3,48,206,0.1402,4.2834,0.31
unit_F1_m10_C180_a3_49.txt,10,180,1,3,49,382,0.3194,9.3309,0.31
unit_F1_m10_C180_a7_0.txt,10,180,1,7,0,422,0.2736,3.3329,0.78
unit_F1_m10_C180_a7_1.txt,10,180,1,7,1,518,0.3263,4.6275,0.94
unit_F1_m10_C180_a7_2.txt,10,180,1,7,2,400,0.3125,3.7999,0.31
unit_F1_m10_C180_a7_3.txt,10,180,1,7,3,500,0.304,5.4542,0.78
unit_F1_m10_C180_a7_4.txt,10,180,1,7,4,462,0.2823,12.4222,0.63
unit_F1_m10_C180_a7_5.txt,10,180,1,7,5,496,0.3367,6.2744,0.63
unit_F1_m10_C180_a7_6.txt,10,180,1,7,6,484,0.34,6.0128,0.78
unit_F1_m10_C180_a7_7.txt,10,180,1,7,7,486,0.3578,4.2163,0.31
unit_F1_m10_C180_a7_8.txt,10,180,1,7,8,462,0.2378,4.7311,0.47
unit_F1_m10_C180_a7_9.txt,10,180,1,7,9,576,0.343,5.9484,0.94
unit_F1_m10_C180_a7_10.txt,10,180,1,7,10,388,0.3236,5.8168,0.47
unit_F1_m10_C180_a7_11.txt,10,180,1,7,11,298,0.2034,2.4457,0.47
unit_F1_m10_C180_a7_12.txt,10,180,1,7,12,342,0.3139,4.1431,0.78
unit_F1_m10_C180_a7_13.txt,10,180,1,7,13,476,0.2649,4.7137,0.63
unit_F1_m10_C180_a7_14.txt,10,180,1,7,14,446,0.3146,5.4949,0.78
unit_F1_m10_C180_a7_15.txt,10,180,1,7,15,472,0.2464,3.5222,0.47
unit_F1_m10_C180_a7_16.txt,10,180,1,7,16,532,0.347,16.509,0.94
unit_F1_m10_C180_a7_17.txt,10,180,1,7,17,514,0.1706,2.6145,0.94
unit_F1_m10_C180_a7_18.txt,10,180,1,7,18,462,0.304,4.4395,0.47
unit_F1_m10_C180_a7_19.txt,10,180,1,7,19,414,0.2652,4.532,0.78
unit_F1_m10_C180_a7_20.txt,10,180,1,7,20,474,0.1979,8.7626,1.25
unit_F1_m10_C180_a7_21.txt,10,180,1,7,21,452,0.2477,3.6256,0.63
unit_F1_m10_C180_a7_22.txt,10,180,1,7,22,360,0.2934,3.5896,0.47
unit_F1_m10_C180_a7_23.txt,10,180,1,7,23,506,0.2643,3.7672,0.63
unit_F1_m10_C180_a7_24.txt,10,180,1,7,24,474,0.2771,13.4641,0.94
unit_F1_m10_C180_a7_25.txt,10,180,1,7,25,518,0.3031,3.4426,0.63
unit_F1_m10_C180_a7_26.txt,10,180,1,7,26,354,0.4077,12.6348,0.78
unit_F1_m10_C180_a7_27.txt,10,180,1,7,27,478,0.3691,13.9092,0.31
unit_F1_m10_C180_a7_28.txt,10,180,1,7,28,482,0.3705,5.1928,0.78
unit_F1_m10_C180_a7_29.txt,10,180,1,7,29,508,0.3762,15.2499,0.47
unit_F1_m10_C180_a7_30.txt,10,180,1,7,30,440,0.3383,4.7748,0.31
unit_F1_m10_C180_a7_31.txt,10,180,1,7,31,476,0.2861,16.1388,0.47
unit_F1_m10_C180_a7_32.txt,10,180,1,7,32,536,0.3522,16.3243,0.47
unit_F1_m10_C180_a7_33.txt,10,180,1,7,33,438,0.2185,3.0522,1.09
unit_F1_m10_C180_a7_34.txt,10,180,1,7,34,490,0.3094,5.0225,0.94
unit_F1_m10_C180_a7_35.txt,10,180,1,7,35,420,0.2926,4.2886,0.94
unit_F1_m10_C180_a7_36.txt,10,180,1,7,36,476,0.3337,14.9934,1.09
unit_F1_m10_C180_a7_37.txt,10,180,1,7,37,494,0.3681,5.3716,0.16
unit_F1_m10_C180_a7_38.txt,10,180,1,7,38,396,0.2229,2.8194,1.09
unit_F1_m10_C180_a7_39.txt,10,180,1,7,39,608,0.1795,2.6773,0.78
unit_F1_m10_C180_a7_40.txt,10,180,1,7,40,472,0.2459,3.1362,0.16
unit_F1_m10_C180_a7_41.txt,10,180,1,7,41,468,0.3399,5.1619,0.94
unit_F1_m10_C180_a7_42.txt,10,180,1,7,42,430,0.3266,6.1704,0.31
unit_F1_m10_C180_a7_43.txt,10,180,1,7,43,432,0.32,5.016,0.94
unit_F1_m10_C180_a7_44.txt,10,180,1,7,44,594,0.328,4.262,0.31
unit_F1_m10_C180_a7_45.txt,10,180,1,7,45,414,0.325,11.2986,0.78
unit_F1_m10_C180_a7_46.txt,10,180,1,7,46,526,0.3909,7.527,0.78
unit_F1_m10_C180_a7_47.txt,10,180,1,7,47,408,0.2611,3.1897,0.31
unit_F1_m10_C180_a7_48.txt,10,180,1,7,48,426,0.2448,3.5943,1.41
unit_F1_m10_C180_a7_49.txt,10,180,1,7,49,478,0.4616,5.7809,0.94
unit_F1_m10_C180_a15_0.txt,10,180,1,15,0,632,0.3663,6.9244,7.66
unit_F1_m10_C180_a15_1.txt,10,180,1,15,1,754,0.4378,10.3658,7.97
unit_F1_m10_C180_a15_2.txt,10,180,1,15,2,756,0.4173,9.6322,10.16
unit_F1_m10_C180_a15_3.txt,10,180,1,15,3,606,0.3877,7.8602,3.75
unit_F1_m10_C180_a15_4.txt,10,180,1,15,4,724,0.4239,9.0121,12.03
unit_F1_m10_C180_a15_5.txt,10,180,1,15,5,674,0.4011,10.1121,9.53
unit_F1_m10_C180_a15_6.txt,10,180,1,15,6,788,0.3846,9.8964,9.22
unit_F1_m10_C180_a15_7.txt,10,180,1,15,7,728,0.4377,9.153,7.66
unit_F1_m10_C180_a15_8.txt,10,180,1,15,8,798,0.4121,10.761,8.28
unit_F1_m10_C180_a15_9.txt,10,180,1,15,9,792,0.4508,11.2766,10.47
unit_F1_m10_C180_a15_10.txt,10,180,1,15,10,700,0.4162,10.4931,11.09
unit_F1_m10_C180_a15_11.txt,10,180,1,15,11,664,0.3833,6.5289,7.19
unit_F1_m10_C180_a15_12.txt,10,180,1,15,12,690,0.3642,7.6962,13.28
unit_F1_m10_C180_a15_13.txt,10,180,1,15,13,698,0.4144,9.6127,7.19
unit_F1_m10_C180_a15_14.txt,10,180,1,15,14,656,0.4009,14.3646,5.78
unit_F1_m10_C180_a15_15.txt,10,180,1,15,15,888,0.3663,9.1832,3.91
unit_F1_m10_C180_a15_16.txt,10,180,1,15,16,788,0.3926,8.9957,7.34
unit_F1_m10_C180_a15_17.txt,10,180,1,15,17,838,0.4043,25.9151,10.47
unit_F1_m10_C180_a15_18.txt,10,180,1,15,18,682,0.4257,7.7562,7.5
unit_F1_m10_C180_a15_19.txt,10,180,1,15,19,794,0.4301,27.8356,7.66
unit_F1_m10_C180_a15_20.txt,10,180,1,15,20,566,0.3069,13.9404,8.91
unit_F1_m10_C180_a15_21.txt,10,180,1,15,21,588,0.3064,19.501,5.47
unit_F1_m10_C180_a15_22.txt,10,180,1,15,22,736,0.4005,7.4743,8.44
unit_F1_m10_C180_a15_23.txt,10,180,1,15,23,728,0.2916,7.3434,8.28
unit_F1_m10_C180_a15_24.txt,10,180,1,15,24,716,0.4483,11.693,15.16
unit_F1_m10_C180_a15_25.txt,10,180,1,15,25,798,0.4692,9.5402,7.66
unit_F1_m10_C180_a15_26.txt,10,180,1,15,26,638,0.4009,6.177,7.66
unit_F1_m10_C180_a15_27.txt,10,180,1,15,27,690,0.4188,9.0759,11.72
unit_F1_m10_C180_a15_28.txt,10,180,1,15,28,628,0.3874,6.1231,3.75
unit_F1_m10_C180_a15_29.txt,10,180,1,15,29,718,0.4243,7.5317,8.59
unit_F1_m10_C180_a15_30.txt,10,180,1,15,30,762,0.37,8.7379,3.91
unit_F1_m10_C180_a15_31.txt,10,180,1,15,31,614,0.4123,8.9411,7.81
unit_F1_m10_C180_a15_32.txt,10,180,1,15,32,812,0.4569,8.6034,6.72
unit_F1_m10_C180_a15_33.txt,10,180,1,15,33,706,0.3956,19.875,4.84
unit_F1_m10_C180_a15_34.txt,10,180,1,15,34,704,0.4298,16.2668,7.66
unit_F1_m10_C180_a15_35.txt,10,180,1,15,35,642,0.4307,25.6404,13.91
unit_F1_m10_C180_a15_36.txt,10,180,1,15,36,712,0.416,26.7358,7.03
unit_F1_m10_C180_a15_37.txt,10,180,1,15,37,708,0.437,10.0381,7.03
unit_F1_m10_C180_a15_38.txt,10,180,1,15,38,714,0.4058,9.7871,8.28
unit_F1_m10_C180_a15_39.txt,10,180,1,15,39,728,0.245,4.7395,9.53
unit_F1_m10_C180_a15_40.txt,10,180,1,15,40,606,0.3888,20.8614,6.41
unit_F1_m10_C180_a15_41.txt,10,180,1,15,41,780,0.4209,10.8469,6.56
unit_F1_m10_C180_a15_42.txt,10,180,1,15,42,644,0.376,9.3205,8.28
unit_F1_m10_C180_a15_43.txt,10,180,1,15,43,658,0.4008,9.8628,9.38
unit_F1_m10_C180_a15_44.txt,10,180,1,15,44,760,0.4313,9.8476,6.56
unit_F1_m10_C180_a15_45.txt,10,180,1,15,45,628,0.43,22.3827,4.53
unit_F1_m10_C180_a15_46.txt,10,180,1,15,46,848,0.4218,28.576,5.31
unit_F1_m10_C180_a15_47.txt,10,180,1,15,47,604,0.4022,7.6305,8.91
unit_F1_m10_C180_a15_48.txt,10,180,1,15,48,846,0.3973,11.6309,5
unit_F1_m10_C180_a15_49.txt,10,180,1,15,49,746,0.4377,18.3526,10.78
unit_F1_m10_C180_a30_0.txt,10,180,1,30,0,1072,0.4821,29.7535,26.41
unit_F1_m10_C180_a30_1.txt,10,180,1,30,1,1040,0.4593,13.1186,24.38
unit_F1_m10_C180_a30_2.txt,10,180,1,30,2,1106,0.4631,13.3611,25.63
unit_F1_m10_C180_a30_3.txt,10,180,1,30,3,1122,0.418,12.2375,25.63
unit_F1_m10_C180_a30_4.txt,10,180,1,30,4,1068,0.4438,13.4356,37.5
unit_F1_m10_C180_a30_5.txt,10,180,1,30,5,1028,0.4644,13.5946,22.66
unit_F1_m10_C180_a30_6.txt,10,180,1,30,6,1080,0.446,15.0058,37.97
unit_F1_m10_C180_a30_7.txt,10,180,1,30,7,1010,0.4618,14.2688,30
unit_F1_m10_C180_a30_8.txt,10,180,1,30,8,1166,0.4873,15.2102,29.22
unit_F1_m10_C180_a30_9.txt,10,180,1,30,9,1208,0.4807,14.6113,38.28
unit_F1_m10_C180_a30_10.txt,10,180,1,30,10,1094,0.4487,14.5255,42.81
unit_F1_m10_C180_a30_11.txt,10,180,1,30,11,970,0.4411,24.9806,39.06
unit_F1_m10_C180_a30_12.txt,10,180,1,30,12,1052,0.464,12.166,47.34
unit_F1_m10_C180_a30_13.txt,10,180,1,30,13,936,0.458,12.4547,26.88
unit_F1_m10_C180_a30_14.txt,10,180,1,30,14,1078,0.4344,13.0164,20.47
unit_F1_m10_C180_a30_15.txt,10,180,1,30,15,1274,0.4596,16.1005,24.06
unit_F1_m10_C180_a30_16.txt,10,180,1,30,16,1152,0.471,13.0237,31.41
unit_F1_m10_C180_a30_17.txt,10,180,1,30,17,1182,0.4577,15.0449,57.19
unit_F1_m10_C180_a30_18.txt,10,180,1,30,18,1066,0.4572,12.0508,21.72
unit_F1_m10_C180_a30_19.txt,10,180,1,30,19,1142,0.4392,12.5114,35.31
unit_F1_m10_C180_a30_20.txt,10,180,1,30,20,1046,0.449,13.8106,23.13
unit_F1_m10_C180_a30_21.txt,10,180,1,30,21,982,0.4525,14.1245,30.78
unit_F1_m10_C180_a30_22.txt,10,180,1,30,22,1044,0.4586,12.566,30.31
unit_F1_m10_C180_a30_23.txt,10,180,1,30,23,1094,0.4584,11.5395,25.47
unit_F1_m10_C180_a30_24.txt,10,180,1,30,24,996,0.4857,15.1828,40.78
unit_F1_m10_C180_a30_25.txt,10,180,1,30,25,1168,0.4763,33.5803,33.91
unit_F1_m10_C180_a30_26.txt,10,180,1,30,26,978,0.457,12.794,30
unit_F1_m10_C180_a30_27.txt,10,180,1,30,27,1194,0.4481,12.5995,29.22
unit_F1_m10_C180_a30_28.txt,10,180,1,30,28,1252,0.4765,34.0085,12.81
unit_F1_m10_C180_a30_29.txt,10,180,1,30,29,1108,0.475,29.9382,16.56
unit_F1_m10_C180_a30_30.txt,10,180,1,30,30,980,0.4511,11.4261,25.16
unit_F1_m10_C180_a30_31.txt,10,180,1,30,31,994,0.4718,25.6637,91.88
unit_F1_m10_C180_a30_32.txt,10,180,1,30,32,1292,0.4795,34.956,27.5
unit_F1_m10_C180_a30_33.txt,10,180,1,30,33,1108,0.4362,24.8457,19.06
unit_F1_m10_C180_a30_34.txt,10,180,1,30,34,1066,0.4495,12.058,46.25
unit_F1_m10_C180_a30_35.txt,10,180,1,30,35,1026,0.4781,14.879,44.53
unit_F1_m10_C180_a30_36.txt,10,180,1,30,36,1060,0.4554,10.6194,31.25
unit_F1_m10_C180_a30_37.txt,10,180,1,30,37,1078,0.4734,14.2278,36.25
unit_F1_m10_C180_a30_38.txt,10,180,1,30,38,1066,0.4673,13.3519,20
unit_F1_m10_C180_a30_39.txt,10,180,1,30,39,1040,0.4195,12.9648,17.03
unit_F1_m10_C180_a30_40.txt,10,180,1,30,40,1042,0.463,12.3533,70.16
unit_F1_m10_C180_a30_41.txt,10,180,1,30,41,1014,0.4463,12.3204,32.81
unit_F1_m10_C180_a30_42.txt,10,180,1,30,42,1016,0.4174,12.2044,32.03
unit_F1_m10_C180_a30_43.txt,10,180,1,30,43,998,0.4366,13.635,31.41
unit_F1_m10_C180_a30_44.txt,10,180,1,30,44,1264,0.4772,14.8179,39.06
unit_F1_m10_C180_a30_45.txt,10,180,1,30,45,1072,0.4641,13.6327,22.66
unit_F1_m10_C180_a30_46.txt,10,180,1,30,46,1160,0.4646,13.1639,34.53
unit_F1_m10_C180_a30_47.txt,10,180,1,30,47,1082,0.4746,13.8368,39.53
unit_F1_m10_C180_a30_48.txt,10,180,1,30,48,1110,0.4581,13.8322,21.09
unit_F1_m10_C180_a30_49.txt,10,180,1,30,49,1042,0.4431,9.5805,19.69
unit_F1_m25_C30_a3_0.txt,25,30,1,3,0,172,0.9474,7.28,0.31
unit_F1_m25_C30_a3_1.txt,25,30,1,3,1,142,1.1527,4.35,0.47
unit_F1_m25_C30_a3_2.txt,25,30,1,3,2,172,0.8449,5.5424,0.63
unit_F1_m25_C30_a3_3.txt,25,30,1,3,3,160,0.879,6.7189,0.16
unit_F1_m25_C30_a3_4.txt,25,30,1,3,4,178,0.7566,4.6566,0.47
unit_F1_m25_C30_a3_5.txt,25,30,1,3,5,198,0.9397,6.9974,0.16
unit_F1_m25_C30_a3_6.txt,25,30,1,3,6,168,0.777,4.3051,0.31
unit_F1_m25_C30_a3_7.txt,25,30,1,3,7,158,0.8358,5.5215,1.09
unit_F1_m25_C30_a3_8.txt,25,30,1,3,8,202,1.131,10.5037,1.09
unit_F1_m25_C30_a3_9.txt,25,30,1,3,9,166,0.923,6.4134,1.09
unit_F1_m25_C30_a3_10.txt,25,30,1,3,10,130,0.8668,6.1918,0.31
unit_F1_m25_C30_a3_11.txt,25,30,1,3,11,144,0.7051,4.7045,0.16
unit_F1_m25_C30_a3_12.txt,25,30,1,3,12,166,0.922,6.1443,0.47
unit_F1_m25_C30_a3_13.txt,25,30,1,3,13,158,0.8124,5.542,0.47
unit_F1_m25_C30_a3_14.txt,25,30,1,3,14,148,0.8687,6.7493,0.63
unit_F1_m25_C30_a3_15.txt,25,30,1,3,15,128,0.8297,5.9604,0.31
unit_F1_m25_C30_a3_16.txt,25,30,1,3,16,168,0.7862,5.056,0.31
unit_F1_m25_C30_a3_17.txt,25,30,1,3,17,130,1.0131,8.7016,0.47
unit_F1_m25_C30_a3_18.txt,25,30,1,3,18,126,0.9585,8.0604,0.31
unit_F1_m25_C30_a3_19.txt,25,30,1,3,19,166,0.8525,6.0176,0
unit_F1_m25_C30_a3_20.txt,25,30,1,3,20,122,0.9819,8.5182,0.63
unit_F1_m25_C30_a3_21.txt,25,30,1,3,21,140,0.8289,5.8693,0.31
unit_F1_m25_C30_a3_22.txt,25,30,1,3,22,124,1.0565,14.4784,0.16
unit_F1_m25_C30_a3_23.txt,25,30,1,3,23,184,0.8813,5.9895,0.31
unit_F1_m25_C30_a3_24.txt,25,30,1,3,24,166,0.8811,6.4255,0.63
unit_F1_m25_C30_a3_25.txt,25,30,1,3,25,50,0.5601,3.3477,0.31
unit_F1_m25_C30_a3_26.txt,25,30,1,3,26,178,0.6556,3.9613,0.47
unit_F1_m25_C30_a3_27.txt,25,30,1,3,27,132,0.8556,8.8731,0.31
unit_F1_m25_C30_a3_28.txt,25,30,1,3,28,178,0.7921,12.7272,0.31
unit_F1_m25_C30_a3_29.txt,25,30,1,3,29,110,1.0636,10.3128,0.63
unit_F1_m25_C30_a3_30.txt,25,30,1,3,30,172,0.6754,3.5836,0.78
unit_F1_m25_C30_a3_31.txt,25,30,1,3,31,166,0.7449,4.3978,0.63
unit_F1_m25_C30_a3_32.txt,25,30,1,3,32,148,0.7399,4.6464,0.31
unit_F1_m25_C30_a3_33.txt,25,30,1,3,33,178,0.9482,6.5411,0.47
unit_F1_m25_C30_a3_34.txt,25,30,1,3,34,150,1.0862,8.6121,0.31
unit_F1_m25_C30_a3_35.txt,25,30,1,3,35,130,0.8215,5.2084,0.63
unit_F1_m25_C30_a3_36.txt,25,30,1,3,36,128,0.6471,4.5508,0.47
unit_F1_m25_C30_a3_37.txt,25,30,1,3,37,144,0.7586,4.2748,0.16
unit_F1_m25_C30_a3_38.txt,25,30,1,3,38,192,1.0924,8.8736,0.78
unit_F1_m25_C30_a3_39.txt,25,30,1,3,39,124,0.7542,4.381,0.16
unit_F1_m25_C30_a3_40.txt,25,30,1,3,40,128,0.8889,6.4328,0.16
unit_F1_m25_C30_a3_41.txt,25,30,1,3,41,148,0.8811,6.2402,0.63
unit_F1_m25_C30_a3_42.txt,25,30,1,3,42,108,0.6389,4.0794,0.31
unit_F1_m25_C30_a3_43.txt,25,30,1,3,43,110,0.6421,4.91,0
unit_F1_m25_C30_a3_44.txt,25,30,1,3,44,108,0.8353,9.8015,0.47
unit_F1_m25_C30_a3_45.txt,25,30,1,3,45,100,0.7356,5.2893,0.16
unit_F1_m25_C30_a3_46.txt,25,30,1,3,46,142,0.7852,5.1914,0.47
unit_F1_m25_C30_a3_47.txt,25,30,1,3,47,168,0.7809,5.0041,0.78
unit_F1_m25_C30_a3_48.txt,25,30,1,3,48,112,1.0769,8.9212,0.47
unit_F1_m25_C30_a3_49.txt,25,30,1,3,49,104,0.7427,5.1665,0.47
unit_F1_m25_C30_a7_0.txt,25,30,1,7,0,204,1.1332,12.0913,0.63
unit_F1_m25_C30_a7_1.txt,25,30,1,7,1,206,0.7961,6.6509,0.31
unit_F1_m25_C30_a7_2.txt,25,30,1,7,2,196,0.9209,20.1137,0.94
unit_F1_m25_C30_a7_3.txt,25,30,1,7,3,194,0.956,9.5861,1.25
unit_F1_m25_C30_a7_4.txt,25,30,1,7,4,222,1.0913,11.8467,1.72
unit_F1_m25_C30_a7_5.txt,25,30,1,7,5,236,1.0992,12.3385,0.16
unit_F1_m25_C30_a7_6.txt,25,30,1,7,6,224,0.8295,6.9969,0.63
unit_F1_m25_C30_a7_7.txt,25,30,1,7,7,216,0.9104,9.6229,0.63
unit_F1_m25_C30_a7_8.txt,25,30,1,7,8,232,1.1998,13.6631,0.94
unit_F1_m25_C30_a7_9.txt,25,30,1,7,9,198,1.1,12.7531,0.94
unit_F1_m25_C30_a7_10.txt,25,30,1,7,10,204,0.9321,23.4225,0.31
unit_F1_m25_C30_a7_11.txt,25,30,1,7,11,212,0.9599,23.0972,0.94
unit_F1_m25_C30_a7_12.txt,25,30,1,7,12,202,0.993,10.9196,0.63
unit_F1_m25_C30_a7_13.txt,25,30,1,7,13,204,1.1347,12.1558,0.78
unit_F1_m25_C30_a7_14.txt,25,30,1,7,14,246,1.0259,11.361,0.63
unit_F1_m25_C30_a7_15.txt,25,30,1,7,15,176,0.9401,12.0352,0.47
unit_F1_m25_C30_a7_16.txt,25,30,1,7,16,194,1.1359,13.0812,0.31
unit_F1_m25_C30_a7_17.txt,25,30,1,7,17,166,1.1171,12.8003,1.09
unit_F1_m25_C30_a7_18.txt,25,30,1,7,18,176,1.1525,12.4109,0.63
unit_F1_m25_C30_a7_19.txt,25,30,1,7,19,224,1.1629,13.3945,1.09
unit_F1_m25_C30_a7_20.txt,25,30,1,7,20,188,1.1271,10.7862,0.63
unit_F1_m25_C30_a7_21.txt,25,30,1,7,21,170,0.9378,8.5839,0.47
unit_F1_m25_C30_a7_22.txt,25,30,1,7,22,188,1.1404,11.0918,0.94
unit_F1_m25_C30_a7_23.txt,25,30,1,7,23,212,0.9907,9.4613,0.31
unit_F1_m25_C30_a7_24.txt,25,30,1,7,24,192,0.9666,17.1469,0.78
unit_F1_m25_C30_a7_25.txt,25,30,1,7,25,154,0.9112,8.1416,0.78
unit_F1_m25_C30_a7_26.txt,25,30,1,7,26,220,1.1686,13.2185,0.63
unit_F1_m25_C30_a7_27.txt,25,30,1,7,27,174,1.0615,11.9853,1.25
unit_F1_m25_C30_a7_28.txt,25,30,1,7,28,218,0.9531,28.3394,0.31
unit_F1_m25_C30_a7_29.txt,25,30,1,7,29,230,1.2105,26.9055,0.47
unit_F1_m25_C30_a7_30.txt,25,30,1,7,30,194,1.0772,24.3553,0.47
unit_F1_m25_C30_a7_31.txt,25,30,1,7,31,212,1.1532,18.5912,0.16
unit_F1_m25_C30_a7_32.txt,25,30,1,7,32,212,0.7499,6.7679,1.09
unit_F1_m25_C30_a7_33.txt,25,30,1,7,33,200,0.9709,9.2752,0.63
unit_F1_m25_C30_a7_34.txt,25,30,1,7,34,224,1.0956,23.166,0.63
unit_F1_m25_C30_a7_35.txt,25,30,1,7,35,168,1.0736,30.2283,0.78
unit_F1_m25_C30_a7_36.txt,25,30,1,7,36,182,1.1908,14.9432,1.09
unit_F1_m25_C30_a7_37.txt,25,30,1,7,37,200,1.1138,12.4487,1.25
unit_F1_m25_C30_a7_38.txt,25,30,1,7,38,226,1.1103,13.3582,0.47
unit_F1_m25_C30_a7_39.txt,25,30,1,7,39,168,0.9825,13.8138,0.63
unit_F1_m25_C30_a7_40.txt,25,30,1,7,40,184,1.064,12.0526,0.94
unit_F1_m25_C30_a7_41.txt,25,30,1,7,41,202,1.119,10.7006,0.47
unit_F1_m25_C30_a7_42.txt,25,30,1,7,42,186,0.8328,7.0578,0.31
unit_F1_m25_C30_a7_43.txt,25,30,1,7,43,170,1.1341,13.578,0.63
unit_F1_m25_C30_a7_44.txt,25,30,1,7,44,180,0.8937,9.0047,0.63
unit_F1_m25_C30_a7_45.txt,25,30,1,7,45,184,1.1238,12.8287,0.78
unit_F1_m25_C30_a7_46.txt,25,30,1,7,46,222,1.0533,10.1941,0.78
unit_F1_m25_C30_a7_47.txt,25,30,1,7,47,220,1.1905,12.2217,0.78
unit_F1_m25_C30_a7_48.txt,25,30,1,7,48,206,1.1049,11.335,0.63
unit_F1_m25_C30_a7_49.txt,25,30,1,7,49,202,0.8939,15.1965,1.41
unit_F1_m25_C30_a15_0.txt,25,30,1,15,0,268,1.1884,18.0171,5.47
unit_F1_m25_C30_a15_1.txt,25,30,1,15,1,308,1.0766,15.8784,10.78
unit_F1_m25_C30_a15_2.txt,25,30,1,15,2,274,1.1747,19.5798,8.59
unit_F1_m25_C30_a15_3.txt,25,30,1,15,3,284,1.1536,18.551,6.09
unit_F1_m25_C30_a15_4.txt,25,30,1,15,4,312,1.157,21.3944,5.94
unit_F1_m25_C30_a15_5.txt,25,30,1,15,5,270,1.2176,20.6994,10.63
unit_F1_m25_C30_a15_6.txt,25,30,1,15,6,302,1.2606,22.4146,7.03
unit_F1_m25_C30_a15_7.txt,25,30,1,15,7,318,1.1346,18.2854,3.59
unit_F1_m25_C30_a15_8.txt,25,30,1,15,8,282,1.2397,27.879,6.88
unit_F1_m25_C30_a15_9.txt,25,30,1,15,9,264,1.243,20.7687,7.34
unit_F1_m25_C30_a15_10.txt,25,30,1,15,10,296,1.0892,15.9081,7.03
unit_F1_m25_C30_a15_11.txt,25,30,1,15,11,282,1.2489,16.068,9.06
unit_F1_m25_C30_a15_12.txt,25,30,1,15,12,254,1.1792,18.3361,4.53
unit_F1_m25_C30_a15_13.txt,25,30,1,15,13,268,1.1769,35.2179,4.38
unit_F1_m25_C30_a15_14.txt,25,30,1,15,14,300,1.3568,35.5196,5.47
unit_F1_m25_C30_a15_15.txt,25,30,1,15,15,266,1.1602,34.4078,4.69
unit_F1_m25_C30_a15_16.txt,25,30,1,15,16,282,1.1821,21.6272,5
unit_F1_m25_C30_a15_17.txt,25,30,1,15,17,316,1.2259,21.4564,6.56
unit_F1_m25_C30_a15_18.txt,25,30,1,15,18,280,1.2212,20.8202,9.06
unit_F1_m25_C30_a15_19.txt,25,30,1,15,19,280,1.2184,23.1951,8.75
unit_F1_m25_C30_a15_20.txt,25,30,1,15,20,254,1.1764,34.9266,8.13
unit_F1_m25_C30_a15_21.txt,25,30,1,15,21,262,1.1895,18.4968,4.69
unit_F1_m25_C30_a15_22.txt,25,30,1,15,22,284,1.3014,36.3333,10.47
unit_F1_m25_C30_a15_23.txt,25,30,1,15,23,276,1.134,18.5414,9.38
unit_F1_m25_C30_a15_24.txt,25,30,1,15,24,290,1.2308,18.6725,11.72
unit_F1_m25_C30_a15_25.txt,25,30,1,15,25,264,1.2399,18.6368,7.66
unit_F1_m25_C30_a15_26.txt,25,30,1,15,26,304,1.2494,22.9053,7.34
unit_F1_m25_C30_a15_27.txt,25,30,1,15,27,286,1.2223,19.6752,8.28
unit_F1_m25_C30_a15_28.txt,25,30,1,15,28,298,1.1663,21.5232,8.13
unit_F1_m25_C30_a15_29.txt,25,30,1,15,29,316,1.2758,35.3867,6.09
unit_F1_m25_C30_a15_30.txt,25,30,1,15,30,264,1.1373,17.0998,6.25
unit_F1_m25_C30_a15_31.txt,25,30,1,15,31,266,1.2524,34.7921,12.03
unit_F1_m25_C30_a15_32.txt,25,30,1,15,32,300,1.1583,19.7719,10.31
unit_F1_m25_C30_a15_33.txt,25,30,1,15,33,254,1.036,15.7841,6.56
unit_F1_m25_C30_a15_34.txt,25,30,1,15,34,328,1.2858,22.1107,11.25
unit_F1_m25_C30_a15_35.txt,25,30,1,15,35,246,1.2366,35.9129,8.91
unit_F1_m25_C30_a15_36.txt,25,30,1,15,36,266,1.2819,38.68,12.81
unit_F1_m25_C30_a15_37.txt,25,30,1,15,37,264,1.2644,21.3058,6.88
unit_F1_m25_C30_a15_38.txt,25,30,1,15,38,306,1.2427,40.8637,6.72
unit_F1_m25_C30_a15_39.txt,25,30,1,15,39,266,1.0868,18.2375,7.03
unit_F1_m25_C30_a15_40.txt,25,30,1,15,40,242,1.1355,17.4195,9.53
unit_F1_m25_C30_a15_41.txt,25,30,1,15,41,260,1.1754,17.4965,6.56
unit_F1_m25_C30_a15_42.txt,25,30,1,15,42,294,1.2732,24.9013,10.16
unit_F1_m25_C30_a15_43.txt,25,30,1,15,43,264,1.1999,19.4036,5.31
unit_F1_m25_C30_a15_44.txt,25,30,1,15,44,284,1.1532,30.8954,7.5
unit_F1_m25_C30_a15_45.txt,25,30,1,15,45,256,1.205,33.2771,9.38
unit_F1_m25_C30_a15_46.txt,25,30,1,15,46,306,1.0964,30.0218,5.94
unit_F1_m25_C30_a15_47.txt,25,30,1,15,47,266,1.2182,19.0727,8.13
unit_F1_m25_C30_a15_48.txt,25,30,1,15,48,302,1.225,34.8149,6.25
unit_F1_m25_C30_a15_49.txt,25,30,1,15,49,298,1.228,19.087,6.88
unit_F1_m25_C30_a30_0.txt,25,30,1,30,0,412,1.3109,31.2123,21.88
unit_F1_m25_C30_a30_1.txt,25,30,1,30,1,442,1.6488,32.1562,28.28
unit_F1_m25_C30_a30_2.txt,25,30,1,30,2,410,1.3573,34.9084,10.94
unit_F1_m25_C30_a30_3.txt,25,30,1,30,3,414,1.3825,31.3272,23.59
unit_F1_m25_C30_a30_4.txt,25,30,1,30,4,436,1.3249,34.349,13.59
unit_F1_m25_C30_a30_5.txt,25,30,1,30,5,386,1.3953,50.3279,12.66
unit_F1_m25_C30_a30_6.txt,25,30,1,30,6,394,1.3647,50.3739,24.38
unit_F1_m25_C30_a30_7.txt,25,30,1,30,7,426,1.3278,49.3323,8.28
unit_F1_m25_C30_a30_8.txt,25,30,1,30,8,400,1.401,30.4387,24.69
unit_F1_m25_C30_a30_9.txt,25,30,1,30,9,390,1.3519,29.8849,29.38
unit_F1_m25_C30_a30_10.txt,25,30,1,30,10,394,1.3703,32.9154,57.66
unit_F1_m25_C30_a30_11.txt,25,30,1,30,11,406,1.3908,36.0428,26.41
unit_F1_m25_C30_a30_12.txt,25,30,1,30,12,392,1.333,31.1358,17.81
unit_F1_m25_C30_a30_13.txt,25,30,1,30,13,352,1.2553,26.1788,15.63
unit_F1_m25_C30_a30_14.txt,25,30,1,30,14,416,1.4018,33.4735,31.09
unit_F1_m25_C30_a30_15.txt,25,30,1,30,15,350,1.3137,37.8826,29.84
unit_F1_m25_C30_a30_16.txt,25,30,1,30,16,392,1.2913,47.6689,21.72
unit_F1_m25_C30_a30_17.txt,25,30,1,30,17,396,1.3303,29.961,19.22
unit_F1_m25_C30_a30_18.txt,25,30,1,30,18,376,1.3321,34.9722,40.94
unit_F1_m25_C30_a30_19.txt,25,30,1,30,19,420,1.4197,37.0722,15.94
unit_F1_m25_C30_a30_20.txt,25,30,1,30,20,372,1.3137,35.7755,14.69
unit_F1_m25_C30_a30_21.txt,25,30,1,30,21,364,1.3403,33.18,15.78
unit_F1_m25_C30_a30_22.txt,25,30,1,30,22,384,1.3524,31.3217,23.91
unit_F1_m25_C30_a30_23.txt,25,30,1,30,23,368,1.3335,29.4831,24.38
unit_F1_m25_C30_a30_24.txt,25,30,1,30,24,400,1.3725,43.9088,15
unit_F1_m25_C30_a30_25.txt,25,30,1,30,25,390,1.4394,46.8382,18.59
unit_F1_m25_C30_a30_26.txt,25,30,1,30,26,422,1.4491,59.0738,21.72
unit_F1_m25_C30_a30_27.txt,25,30,1,30,27,404,1.4194,35.2251,22.03
unit_F1_m25_C30_a30_28.txt,25,30,1,30,28,388,1.3449,30.8295,18.75
unit_F1_m25_C30_a30_29.txt,25,30,1,30,29,424,1.441,33.7838,23.13
unit_F1_m25_C30_a30_30.txt,25,30,1,30,30,400,1.266,28.7384,21.09
unit_F1_m25_C30_a30_31.txt,25,30,1,30,31,406,1.4434,30.7995,48.75
unit_F1_m25_C30_a30_32.txt,25,30,1,30,32,414,1.7333,31.3714,19.69
unit_F1_m25_C30_a30_33.txt,25,30,1,30,33,364,1.4095,30.587,15.31
unit_F1_m25_C30_a30_34.txt,25,30,1,30,34,476,1.4071,45.8208,17.5
unit_F1_m25_C30_a30_35.txt,25,30,1,30,35,416,1.5061,53.9891,30.63
unit_F1_m25_C30_a30_36.txt,25,30,1,30,36,356,1.3413,48.1425,15.78
unit_F1_m25_C30_a30_37.txt,25,30,1,30,37,416,1.4105,33.4863,30.94
unit_F1_m25_C30_a30_38.txt,25,30,1,30,38,438,1.3857,35.4993,20.63
unit_F1_m25_C30_a30_39.txt,25,30,1,30,39,378,1.3251,29.5325,16.09
unit_F1_m25_C30_a30_40.txt,25,30,1,30,40,390,1.3749,30.1632,22.5
unit_F1_m25_C30_a30_41.txt,25,30,1,30,41,376,1.3714,38.448,18.91
unit_F1_m25_C30_a30_42.txt,25,30,1,30,42,462,1.38,38.441,25.63
unit_F1_m25_C30_a30_43.txt,25,30,1,30,43,378,1.3788,34.7311,21.56
unit_F1_m25_C30_a30_44.txt,25,30,1,30,44,394,1.3175,28.5691,38.91
unit_F1_m25_C30_a30_45.txt,25,30,1,30,45,424,1.3747,32.3989,25.78
unit_F1_m25_C30_a30_46.txt,25,30,1,30,46,418,1.4514,35.4068,11.09
unit_F1_m25_C30_a30_47.txt,25,30,1,30,47,396,1.3319,34.1048,21.56
unit_F1_m25_C30_a30_48.txt,25,30,1,30,48,396,1.347,30.4508,12.03
unit_F1_m25_C30_a30_49.txt,25,30,1,30,49,416,1.3065,48.8747,12.03
unit_F1_m25_C60_a3_0.txt,25,60,1,3,0,192,0.734,4.2807,0.16
unit_F1_m25_C60_a3_1.txt,25,60,1,3,1,224,0.8314,5.0224,0.47
unit_F1_m25_C60_a3_2.txt,25,60,1,3,2,196,0.8802,6.1661,0.47
unit_F1_m25_C60_a3_3.txt,25,60,1,3,3,240,0.9184,6.2632,0.63
unit_F1_m25_C60_a3_4.txt,25,60,1,3,4,244,0.9718,7.963,0.31
unit_F1_m25_C60_a3_5.txt,25,60,1,3,5,180,0.8642,5.6815,1.09
unit_F1_m25_C60_a3_6.txt,25,60,1,3,6,192,0.9834,8.3724,0.31
unit_F1_m25_C60_a3_7.txt,25,60,1,3,7,218,1.0245,16.344,0.47
unit_F1_m25_C60_a3_8.txt,25,60,1,3,8,220,0.9076,9.2408,0.16
unit_F1_m25_C60_a3_9.txt,25,60,1,3,9,184,0.6625,4.3705,0.16
unit_F1_m25_C60_a3_10.txt,25,60,1,3,10,178,0.9754,8.2731,0.63
unit_F1_m25_C60_a3_11.txt,25,60,1,3,11,196,0.8051,5.3747,0.63
unit_F1_m25_C60_a3_12.txt,25,60,1,3,12,174,0.8457,5.2957,0.94
unit_F1_m25_C60_a3_13.txt,25,60,1,3,13,246,0.855,6.0032,0.63
unit_F1_m25_C60_a3_14.txt,25,60,1,3,14,216,1.0043,8.0194,0.31
unit_F1_m25_C60_a3_15.txt,25,60,1,3,15,98,0.7388,6.2181,0.31
unit_F1_m25_C60_a3_16.txt,25,60,1,3,16,182,0.997,8.5238,0.78
unit_F1_m25_C60_a3_17.txt,25,60,1,3,17,196,0.9251,6.5783,0.47
unit_F1_m25_C60_a3_18.txt,25,60,1,3,18,238,0.7943,5.1493,0
unit_F1_m25_C60_a3_19.txt,25,60,1,3,19,182,0.6224,3.8683,0.63
unit_F1_m25_C60_a3_20.txt,25,60,1,3,20,256,1.0035,8.5537,0.47
unit_F1_m25_C60_a3_21.txt,25,60,1,3,21,210,0.9853,7.3998,0.47
unit_F1_m25_C60_a3_22.txt,25,60,1,3,22,178,0.6929,6.2002,0.63
unit_F1_m25_C60_a3_23.txt,25,60,1,3,23,242,0.6818,4.9345,0.78
unit_F1_m25_C60_a3_24.txt,25,60,1,3,24,138,0.7224,5.1323,0.16
unit_F1_m25_C60_a3_25.txt,25,60,1,3,25,278,0.8565,5.3149,0.94
unit_F1_m25_C60_a3_26.txt,25,60,1,3,26,216,0.8219,13.8398,0.63
unit_F1_m25_C60_a3_27.txt,25,60,1,3,27,162,0.9292,11.8341,0.78
unit_F1_m25_C60_a3_28.txt,25,60,1,3,28,208,0.9964,8.6917,0.31
unit_F1_m25_C60_a3_29.txt,25,60,1,3,29,238,0.9024,6.5854,0.94
unit_F1_m25_C60_a3_30.txt,25,60,1,3,30,234,0.7482,3.8132,0.78
unit_F1_m25_C60_a3_31.txt,25,60,1,3,31,224,0.7681,12.5558,0.47
unit_F1_m25_C60_a3_32.txt,25,60,1,3,32,222,0.9125,6.731,0.47
unit_F1_m25_C60_a3_33.txt,25,60,1,3,33,176,0.8549,13.9104,1.09
unit_F1_m25_C60_a3_34.txt,25,60,1,3,34,196,1.0897,29.2291,0.31
unit_F1_m25_C60_a3_35.txt,25,60,1,3,35,184,0.8067,14.5948,0.47
unit_F1_m25_C60_a3_36.txt,25,60,1,3,36,220,0.892,9.8278,0.16
unit_F1_m25_C60_a3_37.txt,25,60,1,3,37,156,0.9966,9.0156,0.31
unit_F1_m25_C60_a3_38.txt,25,60,1,3,38,220,0.8214,5.258,0.47
unit_F1_m25_C60_a3_39.txt,25,60,1,3,39,220,0.8344,5.013,0.78
unit_F1_m25_C60_a3_40.txt,25,60,1,3,40,204,0.8484,5.7319,0.16
unit_F1_m25_C60_a3_41.txt,25,60,1,3,41,104,0.8403,16.3062,0.63
unit_F1_m25_C60_a3_42.txt,25,60,1,3,42,202,0.8317,5.9417,0.47
unit_F1_m25_C60_a3_43.txt,25,60,1,3,43,190,1.0655,9.5229,0.94
unit_F1_m25_C60_a3_44.txt,25,60,1,3,44,216,0.8662,5.4978,0.16
unit_F1_m25_C60_a3_45.txt,25,60,1,3,45,278,0.9747,7.8334,0.16
unit_F1_m25_C60_a3_46.txt,25,60,1,3,46,184,0.9422,6.8292,0.63
unit_F1_m25_C60_a3_47.txt,25,60,1,3,47,166,0.9668,8.1581,0.31
unit_F1_m25_C60_a3_48.txt,25,60,1,3,48,200,0.9907,7.6998,0
unit_F1_m25_C60_a3_49.txt,25,60,1,3,49,146,0.6897,3.8759,0.78
unit_F1_m25_C60_a7_0.txt,25,60,1,7,0,266,0.9323,9.5531,0.78
unit_F1_m25_C60_a7_1.txt,25,60,1,7,1,270,1.0494,9.8746,1.09
unit_F1_m25_C60_a7_2.txt,25,60,1,7,2,304,1.073,11.9833,0.94
unit_F1_m25_C60_a7_3.txt,25,60,1,7,3,284,0.9766,19.8214,0.78
unit_F1_m25_C60_a7_4.txt,25,60,1,7,4,318,1.0293,12.4339,0.94
unit_F1_m25_C60_a7_5.txt,25,60,1,7,5,262,0.9348,22.6009,0.78
unit_F1_m25_C60_a7_6.txt,25,60,1,7,6,240,1.12,24.8405,0.78
unit_F1_m25_C60_a7_7.txt,25,60,1,7,7,256,1.1027,11.3244,0.94
unit_F1_m25_C60_a7_8.txt,25,60,1,7,8,292,1.1064,11.8873,0.47
unit_F1_m25_C60_a7_9.txt,25,60,1,7,9,298,1.1732,12.5281,0.94
unit_F1_m25_C60_a7_10.txt,25,60,1,7,10,266,1.0425,11.1384,1.09
unit_F1_m25_C60_a7_11.txt,25,60,1,7,11,278,0.9959,11.2351,1.09
unit_F1_m25_C60_a7_12.txt,25,60,1,7,12,246,1.1554,12.7519,1.09
unit_F1_m25_C60_a7_13.txt,25,60,1,7,13,294,1.1862,14.5852,0.47
unit_F1_m25_C60_a7_14.txt,25,60,1,7,14,262,1.188,14.2509,0.16
unit_F1_m25_C60_a7_15.txt,25,60,1,7,15,260,1.18,11.8202,1.41
unit_F1_m25_C60_a7_16.txt,25,60,1,7,16,298,1.0608,13.3113,0.78
unit_F1_m25_C60_a7_17.txt,25,60,1,7,17,256,1.1002,10.8714,0.78
unit_F1_m25_C60_a7_18.txt,25,60,1,7,18,258,1.2508,25.9795,0.78
unit_F1_m25_C60_a7_19.txt,25,60,1,7,19,274,0.9848,25.7432,0.31
unit_F1_m25_C60_a7_20.txt,25,60,1,7,20,270,1.1367,11.7132,0.94
unit_F1_m25_C60_a7_21.txt,25,60,1,7,21,288,1.0453,10.959,0.94
unit_F1_m25_C60_a7_22.txt,25,60,1,7,22,254,1.0018,11.0622,0.47
unit_F1_m25_C60_a7_23.txt,25,60,1,7,23,290,0.7165,5.7223,0.47
unit_F1_m25_C60_a7_24.txt,25,60,1,7,24,260,1.0626,12.1571,0.63
unit_F1_m25_C60_a7_25.txt,25,60,1,7,25,288,0.9592,9.534,0.78
unit_F1_m25_C60_a7_26.txt,25,60,1,7,26,260,0.8717,6.9828,1.25
unit_F1_m25_C60_a7_27.txt,25,60,1,7,27,304,1.0504,12.4809,1.09
unit_F1_m25_C60_a7_28.txt,25,60,1,7,28,270,1.1562,12.4113,0.47
unit_F1_m25_C60_a7_29.txt,25,60,1,7,29,324,1.0712,12.8729,0.63
unit_F1_m25_C60_a7_30.txt,25,60,1,7,30,308,1.1025,12.9318,1.25
unit_F1_m25_C60_a7_31.txt,25,60,1,7,31,300,0.8943,7.9066,0.78
unit_F1_m25_C60_a7_32.txt,25,60,1,7,32,324,1.0309,10.8295,1.09
unit_F1_m25_C60_a7_33.txt,25,60,1,7,33,316,0.9852,10.0155,1.09
unit_F1_m25_C60_a7_34.txt,25,60,1,7,34,328,1.1433,13.2332,1.25
unit_F1_m25_C60_a7_35.txt,25,60,1,7,35,300,0.9733,8.4026,1.09
unit_F1_m25_C60_a7_36.txt,25,60,1,7,36,328,1.0946,29.7103,0.31
unit_F1_m25_C60_a7_37.txt,25,60,1,7,37,224,1.2097,25.8099,0.94
unit_F1_m25_C60_a7_38.txt,25,60,1,7,38,306,1.0079,22.4426,0.94
unit_F1_m25_C60_a7_39.txt,25,60,1,7,39,282,0.9317,12.1331,0.16
unit_F1_m25_C60_a7_40.txt,25,60,1,7,40,270,1.0523,11.7578,0.63
unit_F1_m25_C60_a7_41.txt,25,60,1,7,41,244,0.9476,7.7675,0.78
unit_F1_m25_C60_a7_42.txt,25,60,1,7,42,234,1.0374,10.6853,1.41
unit_F1_m25_C60_a7_43.txt,25,60,1,7,43,308,1.1218,12.5568,1.41
unit_F1_m25_C60_a7_44.txt,25,60,1,7,44,226,1.0213,7.0666,0.94
unit_F1_m25_C60_a7_45.txt,25,60,1,7,45,334,1.105,12.4492,0.31
unit_F1_m25_C60_a7_46.txt,25,60,1,7,46,246,1.1194,11.3414,0.63
unit_F1_m25_C60_a7_47.txt,25,60,1,7,47,264,1.0438,11.1338,0.47
unit_F1_m25_C60_a7_48.txt,25,60,1,7,48,282,1.0469,11.0773,0.47
unit_F1_m25_C60_a7_49.txt,25,60,1,7,49,260,1.1633,30.7475,0.78
unit_F1_m25_C60_a15_0.txt,25,60,1,15,0,348,1.2617,26.5394,3.91
unit_F1_m25_C60_a15_1.txt,25,60,1,15,1,442,1.2071,23.4002,5.31
unit_F1_m25_C60_a15_2.txt,25,60,1,15,2,464,1.1796,18.2929,10.31
unit_F1_m25_C60_a15_3.txt,25,60,1,15,3,386,1.2048,18.1444,4.84
unit_F1_m25_C60_a15_4.txt,25,60,1,15,4,432,1.1568,18.5152,5.94
unit_F1_m25_C60_a15_5.txt,25,60,1,15,5,378,1.1752,17.8708,4.53
unit_F1_m25_C60_a15_6.txt,25,60,1,15,6,346,1.1589,15.4962,4.06
unit_F1_m25_C60_a15_7.txt,25,60,1,15,7,410,1.2703,35.7173,7.19
unit_F1_m25_C60_a15_8.txt,25,60,1,15,8,432,1.1958,18.4728,10.31
unit_F1_m25_C60_a15_9.txt,25,60,1,15,9,436,1.2584,36.5721,5.47
unit_F1_m25_C60_a15_10.txt,25,60,1,15,10,440,1.212,19.8242,9.06
unit_F1_m25_C60_a15_11.txt,25,60,1,15,11,398,1.2286,17.2666,8.59
unit_F1_m25_C60_a15_12.txt,25,60,1,15,12,414,1.3126,37.6149,7.03
unit_F1_m25_C60_a15_13.txt,25,60,1,15,13,410,1.2686,22.8532,5.16
unit_F1_m25_C60_a15_14.txt,25,60,1,15,14,410,1.2907,20.7878,3.59
unit_F1_m25_C60_a15_15.txt,25,60,1,15,15,370,1.1488,17.8852,5.31
unit_F1_m25_C60_a15_16.txt,25,60,1,15,16,422,1.1668,19.2595,4.84
unit_F1_m25_C60_a15_17.txt,25,60,1,15,17,398,1.5128,18.9591,6.56
unit_F1_m25_C60_a15_18.txt,25,60,1,15,18,378,1.0773,18.6039,5.47
unit_F1_m25_C60_a15_19.txt,25,60,1,15,19,450,1.1843,20.7788,8.75
unit_F1_m25_C60_a15_20.txt,25,60,1,15,20,432,1.2198,18.8292,7.03
unit_F1_m25_C60_a15_21.txt,25,60,1,15,21,428,1.1113,20.9547,3.91
unit_F1_m25_C60_a15_22.txt,25,60,1,15,22,356,1.1074,29.239,3.28
unit_F1_m25_C60_a15_23.txt,25,60,1,15,23,446,1.2599,20.5701,9.69
unit_F1_m25_C60_a15_24.txt,25,60,1,15,24,428,1.2975,23.3202,6.88
unit_F1_m25_C60_a15_25.txt,25,60,1,15,25,408,1.2058,37.8161,6.25
unit_F1_m25_C60_a15_26.txt,25,60,1,15,26,346,1.2315,19.0946,10.16
unit_F1_m25_C60_a15_27.txt,25,60,1,15,27,418,1.2307,41.8479,6.56
unit_F1_m25_C60_a15_28.txt,25,60,1,15,28,396,1.407,23.4614,5.47
unit_F1_m25_C60_a15_29.txt,25,60,1,15,29,438,1.1705,26.8844,10.94
unit_F1_m25_C60_a15_30.txt,25,60,1,15,30,372,1.2011,37.9241,7.03
unit_F1_m25_C60_a15_31.txt,25,60,1,15,31,462,1.2624,33.2985,10.31
unit_F1_m25_C60_a15_32.txt,25,60,1,15,32,464,1.2696,27.8131,10.16
unit_F1_m25_C60_a15_33.txt,25,60,1,15,33,440,1.1948,34.5029,9.06
unit_F1_m25_C60_a15_34.txt,25,60,1,15,34,430,1.224,19.7816,3.28
unit_F1_m25_C60_a15_35.txt,25,60,1,15,35,464,1.2451,18.6885,5.94
unit_F1_m25_C60_a15_36.txt,25,60,1,15,36,424,1.1268,17.6336,3.75
unit_F1_m25_C60_a15_37.txt,25,60,1,15,37,404,1.201,34.6849,7.81
unit_F1_m25_C60_a15_38.txt,25,60,1,15,38,434,1.1699,36.6857,2.5
unit_F1_m25_C60_a15_39.txt,25,60,1,15,39,410,1.1672,18.6915,5.47
unit_F1_m25_C60_a15_40.txt,25,60,1,15,40,390,1.178,19.7491,3.28
unit_F1_m25_C60_a15_41.txt,25,60,1,15,41,434,1.1686,17.3423,5.63
unit_F1_m25_C60_a15_42.txt,25,60,1,15,42,348,1.1011,36.7038,3.75
unit_F1_m25_C60_a15_43.txt,25,60,1,15,43,406,1.1963,19.29,6.41
unit_F1_m25_C60_a15_44.txt,25,60,1,15,44,402,1.2038,18.1285,10.31
unit_F1_m25_C60_a15_45.txt,25,60,1,15,45,434,1.1939,19.7588,4.06
unit_F1_m25_C60_a15_46.txt,25,60,1,15,46,370,1.2178,29.322,7.03
unit_F1_m25_C60_a15_47.txt,25,60,1,15,47,418,1.2083,19.5774,5.47
unit_F1_m25_C60_a15_48.txt,25,60,1,15,48,402,1.2772,36.2247,5.94
unit_F1_m25_C60_a15_49.txt,25,60,1,15,49,348,1.2311,19.1411,11.72
unit_F1_m25_C60_a30_0.txt,25,60,1,30,0,588,1.3716,33.5321,22.34
unit_F1_m25_C60_a30_1.txt,25,60,1,30,1,640,1.3113,33.4429,13.28
unit_F1_m25_C60_a30_2.txt,25,60,1,30,2,608,1.2566,31.3004,20.63
unit_F1_m25_C60_a30_3.txt,25,60,1,30,3,556,1.3602,27.6409,22.34
unit_F1_m25_C60_a30_4.txt,25,60,1,30,4,652,1.2967,47.1427,30.94
unit_F1_m25_C60_a30_5.txt,25,60,1,30,5,628,1.3152,42.8518,27.5
unit_F1_m25_C60_a30_6.txt,25,60,1,30,6,614,1.3404,54.0507,15.31
unit_F1_m25_C60_a30_7.txt,25,60,1,30,7,572,1.3143,46.8341,19.06
unit_F1_m25_C60_a30_8.txt,25,60,1,30,8,648,1.3461,27.8188,20.78
unit_F1_m25_C60_a30_9.txt,25,60,1,30,9,630,1.3712,46.7816,11.25
unit_F1_m25_C60_a30_10.txt,25,60,1,30,10,572,1.314,31.3144,44.22
unit_F1_m25_C60_a30_11.txt,25,60,1,30,11,610,1.3136,49.9167,17.81
unit_F1_m25_C60_a30_12.txt,25,60,1,30,12,606,1.4158,30.18,13.13
unit_F1_m25_C60_a30_13.txt,25,60,1,30,13,638,1.3631,45.8777,18.13
unit_F1_m25_C60_a30_14.txt,25,60,1,30,14,594,1.4453,32.7945,14.38
unit_F1_m25_C60_a30_15.txt,25,60,1,30,15,516,1.246,35.0106,21.88
unit_F1_m25_C60_a30_16.txt,25,60,1,30,16,666,1.3362,32.2209,32.5
unit_F1_m25_C60_a30_17.txt,25,60,1,30,17,586,1.3481,30.4365,17.66
unit_F1_m25_C60_a30_18.txt,25,60,1,30,18,590,1.3043,39.3952,33.59
unit_F1_m25_C60_a30_19.txt,25,60,1,30,19,654,1.3787,34.967,10.78
unit_F1_m25_C60_a30_20.txt,25,60,1,30,20,596,1.4572,33.1547,17.5
unit_F1_m25_C60_a30_21.txt,25,60,1,30,21,656,1.4166,35.8889,14.22
unit_F1_m25_C60_a30_22.txt,25,60,1,30,22,586,1.3616,31.9003,9.84
unit_F1_m25_C60_a30_23.txt,25,60,1,30,23,700,1.369,51.0089,21.09
unit_F1_m25_C60_a30_24.txt,25,60,1,30,24,680,1.4108,31.6062,25.16
unit_F1_m25_C60_a30_25.txt,25,60,1,30,25,594,1.3736,33.127,11.72
unit_F1_m25_C60_a30_26.txt,25,60,1,30,26,588,1.4156,29.5167,22.66
unit_F1_m25_C60_a30_27.txt,25,60,1,30,27,608,1.3736,42.526,10.63
unit_F1_m25_C60_a30_28.txt,25,60,1,30,28,598,1.3813,37.0301,11.25
unit_F1_m25_C60_a30_29.txt,25,60,1,30,29,596,1.3052,42.0997,25.94
unit_F1_m25_C60_a30_30.txt,25,60,1,30,30,626,1.3726,35.5353,12.66
unit_F1_m25_C60_a30_31.txt,25,60,1,30,31,618,1.3436,32.7686,12.97
unit_F1_m25_C60_a30_32.txt,25,60,1,30,32,680,1.3593,33.6498,19.38
unit_F1_m25_C60_a30_33.txt,25,60,1,30,33,610,1.2637,31.4882,30.94
unit_F1_m25_C60_a30_34.txt,25,60,1,30,34,618,1.2986,26.8356,12.66
unit_F1_m25_C60_a30_35.txt,25,60,1,30,35,656,1.4439,31.2959,11.72
unit_F1_m25_C60_a30_36.txt,25,60,1,30,36,710,1.3483,33.2042,12.66
unit_F1_m25_C60_a30_37.txt,25,60,1,30,37,606,1.3684,27.1716,48.28
unit_F1_m25_C60_a30_38.txt,25,60,1,30,38,694,1.3431,33.0035,16.56
unit_F1_m25_C60_a30_39.txt,25,60,1,30,39,650,1.3085,33.1562,28.91
unit_F1_m25_C60_a30_40.txt,25,60,1,30,40,616,1.3306,41.8403,13.59
unit_F1_m25_C60_a30_41.txt,25,60,1,30,41,664,1.328,44.7048,26.88
unit_F1_m25_C60_a30_42.txt,25,60,1,30,42,578,1.3397,50.4622,14.22
unit_F1_m25_C60_a30_43.txt,25,60,1,30,43,584,1.3834,28.4567,10.94
unit_F1_m25_C60_a30_44.txt,25,60,1,30,44,582,1.3492,24.8503,24.84
unit_F1_m25_C60_a30_45.txt,25,60,1,30,45,604,1.2549,25.7108,17.81
unit_F1_m25_C60_a30_46.txt,25,60,1,30,46,556,1.383,36.4884,17.81
unit_F1_m25_C60_a30_47.txt,25,60,1,30,47,584,1.3151,32.3197,10.78
unit_F1_m25_C60_a30_48.txt,25,60,1,30,48,638,1.3725,37.6265,6.88
unit_F1_m25_C60_a30_49.txt,25,60,1,30,49,540,1.3929,51.8322,17.34
unit_F1_m25_C180_a3_0.txt,25,180,1,3,0,286,1.0695,9.2975,0.78
unit_F1_m25_C180_a3_1.txt,25,180,1,3,1,476,0.7402,4.7041,0.16
unit_F1_m25_C180_a3_2.txt,25,180,1,3,2,310,0.6464,3.3199,0.63
unit_F1_m25_C180_a3_3.txt,25,180,1,3,3,410,0.977,11.2041,0.47
unit_F1_m25_C180_a3_4.txt,25,180,1,3,4,468,0.8748,5.7361,0.16
unit_F1_m25_C180_a3_5.txt,25,180,1,3,5,404,0.9723,6.554,0.63
unit_F1_m25_C180_a3_6.txt,25,180,1,3,6,434,0.9736,7.1889,0.78
unit_F1_m25_C180_a3_7.txt,25,180,1,3,7,470,0.9537,6.869,0.16
unit_F1_m25_C180_a3_8.txt,25,180,1,3,8,360,0.9997,12.0675,0.31
unit_F1_m25_C180_a3_9.txt,25,180,1,3,9,450,0.8102,4.3865,0.47
unit_F1_m25_C180_a3_10.txt,25,180,1,3,10,408,0.9467,6.6753,0.78
unit_F1_m25_C180_a3_11.txt,25,180,1,3,11,326,0.737,4.2541,0.47
unit_F1_m25_C180_a3_12.txt,25,180,1,3,12,416,0.8152,4.7442,0.78
unit_F1_m25_C180_a3_13.txt,25,180,1,3,13,344,0.8132,4.5775,0.16
unit_F1_m25_C180_a3_14.txt,25,180,1,3,14,436,1.0118,6.7191,0.78
unit_F1_m25_C180_a3_15.txt,25,180,1,3,15,404,0.9665,7.4357,0.78
unit_F1_m25_C180_a3_16.txt,25,180,1,3,16,338,0.6268,4.4054,0.63
unit_F1_m25_C180_a3_17.txt,25,180,1,3,17,326,0.7598,3.7883,0.63
unit_F1_m25_C180_a3_18.txt,25,180,1,3,18,448,1.0342,8.6145,0.31
unit_F1_m25_C180_a3_19.txt,25,180,1,3,19,424,0.717,4.44,0.31
unit_F1_m25_C180_a3_20.txt,25,180,1,3,20,488,1.0202,12.0721,0.31
unit_F1_m25_C180_a3_21.txt,25,180,1,3,21,440,0.9588,6.8115,0.31
unit_F1_m25_C180_a3_22.txt,25,180,1,3,22,460,0.7759,7.0232,0.47
unit_F1_m25_C180_a3_23.txt,25,180,1,3,23,472,0.8424,4.6844,0.16
unit_F1_m25_C180_a3_24.txt,25,180,1,3,24,390,0.9143,6.1213,0.78
unit_F1_m25_C180_a3_25.txt,25,180,1,3,25,430,0.8614,5.636,0.78
unit_F1_m25_C180_a3_26.txt,25,180,1,3,26,272,0.6918,3.3191,0.31
unit_F1_m25_C180_a3_27.txt,25,180,1,3,27,402,1.0401,8.5612,1.09
unit_F1_m25_C180_a3_28.txt,25,180,1,3,28,416,0.973,6.3169,0.47
unit_F1_m25_C180_a3_29.txt,25,180,1,3,29,396,1.0065,20.8877,0.16
unit_F1_m25_C180_a3_30.txt,25,180,1,3,30,428,0.6772,3.2996,0.16
unit_F1_m25_C180_a3_31.txt,25,180,1,3,31,472,1.1914,8.2768,0.31
unit_F1_m25_C180_a3_32.txt,25,180,1,3,32,398,0.8992,6.1324,0.31
unit_F1_m25_C180_a3_33.txt,25,180,1,3,33,386,0.7824,4.5213,0.78
unit_F1_m25_C180_a3_34.txt,25,180,1,3,34,376,1.0043,8.0158,0.47
unit_F1_m25_C180_a3_35.txt,25,180,1,3,35,274,0.7781,4.6885,0.16
unit_F1_m25_C180_a3_36.txt,25,180,1,3,36,402,0.8511,5.8492,0.47
unit_F1_m25_C180_a3_37.txt,25,180,1,3,37,484,1.0661,7.5772,0
unit_F1_m25_C180_a3_38.txt,25,180,1,3,38,432,1.0563,8.0173,0.47
unit_F1_m25_C180_a3_39.txt,25,180,1,3,39,344,0.854,5.2466,1.09
unit_F1_m25_C180_a3_40.txt,25,180,1,3,40,286,0.8924,5.3404,0.31
unit_F1_m25_C180_a3_41.txt,25,180,1,3,41,346,0.8877,6.4052,0.16
unit_F1_m25_C180_a3_42.txt,25,180,1,3,42,478,0.8241,4.9601,0.47
unit_F1_m25_C180_a3_43.txt,25,180,1,3,43,410,0.8107,4.8442,0.63
unit_F1_m25_C180_a3_44.txt,25,180,1,3,44,412,1.1088,9.7034,0.31
unit_F1_m25_C180_a3_45.txt,25,180,1,3,45,442,0.98,7.3586,0.16
unit_F1_m25_C180_a3_46.txt,25,180,1,3,46,358,0.8991,6.2651,0.31
unit_F1_m25_C180_a3_47.txt,25,180,1,3,47,474,1.0202,7.7222,0.16
unit_F1_m25_C180_a3_48.txt,25,180,1,3,48,338,1.1099,9.1333,0.63
unit_F1_m25_C180_a3_49.txt,25,180,1,3,49,370,0.8451,5.4114,0.31
unit_F1_m25_C180_a7_0.txt,25,180,1,7,0,478,1.1158,13.2691,0.63
unit_F1_m25_C180_a7_1.txt,25,180,1,7,1,644,0.9959,10.026,0.63
unit_F1_m25_C180_a7_2.txt,25,180,1,7,2,490,0.9854,10.2953,0.16
unit_F1_m25_C180_a7_3.txt,25,180,1,7,3,552,1.0144,10.8415,0.78
unit_F1_m25_C180_a7_4.txt,25,180,1,7,4,626,0.9333,10.2389,1.09
unit_F1_m25_C180_a7_5.txt,25,180,1,7,5,594,1.1139,13.0333,0.31
unit_F1_m25_C180_a7_6.txt,25,180,1,7,6,576,1.1115,13.4814,1.72
unit_F1_m25_C180_a7_7.txt,25,180,1,7,7,578,1.0265,9.4476,0.78
unit_F1_m25_C180_a7_8.txt,25,180,1,7,8,508,1.0453,11.0977,0.94
unit_F1_m25_C180_a7_9.txt,25,180,1,7,9,580,1.0671,11.0852,0.47
unit_F1_m25_C180_a7_10.txt,25,180,1,7,10,534,1.0697,11.2406,0.47
unit_F1_m25_C180_a7_11.txt,25,180,1,7,11,490,1.0666,11.7338,0.94
unit_F1_m25_C180_a7_12.txt,25,180,1,7,12,622,1.1083,13.7461,0.31
unit_F1_m25_C180_a7_13.txt,25,180,1,7,13,496,0.8164,6.6886,0.63
unit_F1_m25_C180_a7_14.txt,25,180,1,7,14,542,1.0249,8.8397,0.63
unit_F1_m25_C180_a7_15.txt,25,180,1,7,15,490,1.1264,11.6092,0.94
unit_F1_m25_C180_a7_16.txt,25,180,1,7,16,556,1.024,9.7736,0.94
unit_F1_m25_C180_a7_17.txt,25,180,1,7,17,566,1.1551,12.4744,0.78
unit_F1_m25_C180_a7_18.txt,25,180,1,7,18,554,1.129,15.7782,0.47
unit_F1_m25_C180_a7_19.txt,25,180,1,7,19,604,1.022,11.3978,0.47
unit_F1_m25_C180_a7_20.txt,25,180,1,7,20,602,1.0922,11.811,0.63
unit_F1_m25_C180_a7_21.txt,25,180,1,7,21,600,1.0429,10.3425,0.94
unit_F1_m25_C180_a7_22.txt,25,180,1,7,22,610,0.8328,6.5339,0.47
unit_F1_m25_C180_a7_23.txt,25,180,1,7,23,632,1.147,11.2604,1.09
unit_F1_m25_C180_a7_24.txt,25,180,1,7,24,526,0.9923,25.7572,0.94
unit_F1_m25_C180_a7_25.txt,25,180,1,7,25,526,1.0827,11.0515,0.31
unit_F1_m25_C180_a7_26.txt,25,180,1,7,26,554,0.9943,9.8473,0.94
unit_F1_m25_C180_a7_27.txt,25,180,1,7,27,556,1.1453,12.8096,0.78
unit_F1_m25_C180_a7_28.txt,25,180,1,7,28,598,1.145,10.8479,1.88
unit_F1_m25_C180_a7_29.txt,25,180,1,7,29,592,1.126,14.4629,0.63
unit_F1_m25_C180_a7_30.txt,25,180,1,7,30,612,0.7977,6.8001,0.78
unit_F1_m25_C180_a7_31.txt,25,180,1,7,31,570,1.1105,12.3253,0.63
unit_F1_m25_C180_a7_32.txt,25,180,1,7,32,566,0.9454,23.722,0.63
unit_F1_m25_C180_a7_33.txt,25,180,1,7,33,600,0.9926,11.2351,1.09
unit_F1_m25_C180_a7_34.txt,25,180,1,7,34,550,1.0215,12.5202,0.78
unit_F1_m25_C180_a7_35.txt,25,180,1,7,35,480,1.0502,11.9053,0.63
unit_F1_m25_C180_a7_36.txt,25,180,1,7,36,550,0.8942,8.6978,1.25
unit_F1_m25_C180_a7_37.txt,25,180,1,7,37,676,1.0631,12.6128,0.94
unit_F1_m25_C180_a7_38.txt,25,180,1,7,38,534,1.0849,10.9421,1.41
unit_F1_m25_C180_a7_39.txt,25,180,1,7,39,512,1.0566,10.4429,0.63
unit_F1_m25_C180_a7_40.txt,25,180,1,7,40,538,1.0178,9.6435,1.25
unit_F1_m25_C180_a7_41.txt,25,180,1,7,41,504,0.9416,10.7136,1.09
unit_F1_m25_C180_a7_42.txt,25,180,1,7,42,540,1.1173,12.1751,1.09
unit_F1_m25_C180_a7_43.txt,25,180,1,7,43,588,1.0134,21.3827,0.78
unit_F1_m25_C180_a7_44.txt,25,180,1,7,44,526,1.1748,29.3434,0.47
unit_F1_m25_C180_a7_45.txt,25,180,1,7,45,662,0.99,11.4232,1.09
unit_F1_m25_C180_a7_46.txt,25,180,1,7,46,472,0.9386,9.0023,0.16
unit_F1_m25_C180_a7_47.txt,25,180,1,7,47,544,1.0903,12.3778,0.63
unit_F1_m25_C180_a7_48.txt,25,180,1,7,48,646,1.1252,12.4162,0.31
unit_F1_m25_C180_a7_49.txt,25,180,1,7,49,578,0.8649,7.6204,1.09
unit_F1_m25_C180_a15_0.txt,25,180,1,15,0,904,1.1975,20.1987,8.91
unit_F1_m25_C180_a15_1.txt,25,180,1,15,1,994,1.2683,36.5315,6.25
unit_F1_m25_C180_a15_2.txt,25,180,1,15,2,748,1.2292,27.7547,12.19
unit_F1_m25_C180_a15_3.txt,25,180,1,15,3,872,1.1274,21.3585,6.88
unit_F1_m25_C180_a15_4.txt,25,180,1,15,4,1028,1.0166,16.55,7.19
unit_F1_m25_C180_a15_5.txt,25,180,1,15,5,780,1.2308,18.9311,7.97
unit_F1_m25_C180_a15_6.txt,25,180,1,15,6,848,1.1408,17.3673,5.31
unit_F1_m25_C180_a15_7.txt,25,180,1,15,7,1010,1.1704,26.6185,6.56
unit_F1_m25_C180_a15_8.txt,25,180,1,15,8,810,1.1929,17.8765,8.28
unit_F1_m25_C180_a15_9.txt,25,180,1,15,9,962,1.2539,32.4811,7.03
unit_F1_m25_C180_a15_10.txt,25,180,1,15,10,776,1.1205,16.6325,8.28
unit_F1_m25_C180_a15_11.txt,25,180,1,15,11,770,1.1684,17.5988,19.06
unit_F1_m25_C180_a15_12.txt,25,180,1,15,12,1010,1.2748,19.3693,6.09
unit_F1_m25_C180_a15_13.txt,25,180,1,15,13,940,1.2071,19.0045,9.53
unit_F1_m25_C180_a15_14.txt,25,180,1,15,14,876,1.1995,27.8663,7.66
unit_F1_m25_C180_a15_15.txt,25,180,1,15,15,914,1.2306,16.7252,8.75
unit_F1_m25_C180_a15_16.txt,25,180,1,15,16,960,1.203,33.457,11.09
unit_F1_m25_C180_a15_17.txt,25,180,1,15,17,1044,1.2249,37.5075,11.09
unit_F1_m25_C180_a15_18.txt,25,180,1,15,18,952,1.2033,20.2295,6.56
unit_F1_m25_C180_a15_19.txt,25,180,1,15,19,884,1.2003,21.4491,7.97
unit_F1_m25_C180_a15_20.txt,25,180,1,15,20,878,1.2105,16.9506,10.78
unit_F1_m25_C180_a15_21.txt,25,180,1,15,21,850,1.1298,18.2962,7.34
unit_F1_m25_C180_a15_22.txt,25,180,1,15,22,810,1.1285,17.6909,10.31
unit_F1_m25_C180_a15_23.txt,25,180,1,15,23,976,1.218,21.7982,4.84
unit_F1_m25_C180_a15_24.txt,25,180,1,15,24,812,1.2351,18.7169,5.63
unit_F1_m25_C180_a15_25.txt,25,180,1,15,25,896,1.2067,16.7941,10.94
unit_F1_m25_C180_a15_26.txt,25,180,1,15,26,946,1.1163,16.5697,7.19
unit_F1_m25_C180_a15_27.txt,25,180,1,15,27,834,1.2323,19.5972,8.44
unit_F1_m25_C180_a15_28.txt,25,180,1,15,28,778,1.2376,18.1001,6.09
unit_F1_m25_C180_a15_29.txt,25,180,1,15,29,958,1.3037,18.4479,6.56
unit_F1_m25_C180_a15_30.txt,25,180,1,15,30,1008,1.2151,18.2307,11.56
unit_F1_m25_C180_a15_31.txt,25,180,1,15,31,962,1.2613,27.9118,6.88
unit_F1_m25_C180_a15_32.txt,25,180,1,15,32,902,1.084,23.3274,9.38
unit_F1_m25_C180_a15_33.txt,25,180,1,15,33,958,1.2237,21.481,4.38
unit_F1_m25_C180_a15_34.txt,25,180,1,15,34,744,1.4791,21.727,6.09
unit_F1_m25_C180_a15_35.txt,25,180,1,15,35,934,1.2541,22.4879,7.5
unit_F1_m25_C180_a15_36.txt,25,180,1,15,36,804,1.163,20.7904,5.63
unit_F1_m25_C180_a15_37.txt,25,180,1,15,37,938,1.2095,18.6758,3.44
unit_F1_m25_C180_a15_38.txt,25,180,1,15,38,692,1.2588,24.775,10.31
unit_F1_m25_C180_a15_39.txt,25,180,1,15,39,934,1.1992,20.1365,10.94
unit_F1_m25_C180_a15_40.txt,25,180,1,15,40,926,1.1943,27.4039,9.22
unit_F1_m25_C180_a15_41.txt,25,180,1,15,41,758,1.011,20.0824,13.44
unit_F1_m25_C180_a15_42.txt,25,180,1,15,42,798,1.2125,19.3095,8.59
unit_F1_m25_C180_a15_43.txt,25,180,1,15,43,856,1.195,26.6157,9.22
unit_F1_m25_C180_a15_44.txt,25,180,1,15,44,912,1.2646,22.8525,4.38
unit_F1_m25_C180_a15_45.txt,25,180,1,15,45,914,1.2244,32.4822,13.44
unit_F1_m25_C180_a15_46.txt,25,180,1,15,46,884,1.2463,21.6483,12.66
unit_F1_m25_C180_a15_47.txt,25,180,1,15,47,988,1.2061,21.5959,5.94
unit_F1_m25_C180_a15_48.txt,25,180,1,15,48,1022,1.2723,20.1842,6.09
unit_F1_m25_C180_a15_49.txt,25,180,1,15,49,850,1.0614,15.7344,5.47
unit_F1_m25_C180_a30_0.txt,25,180,1,30,0,1580,1.3541,43.4962,29.69
unit_F1_m25_C180_a30_1.txt,25,180,1,30,1,1316,1.4428,32.5125,25.94
unit_F1_m25_C180_a30_2.txt,25,180,1,30,2,1340,1.3721,49.4752,16.56
unit_F1_m25_C180_a30_3.txt,25,180,1,30,3,1382,1.2261,27.9948,22.19
unit_F1_m25_C180_a30_4.txt,25,180,1,30,4,1556,1.378,34.4504,25.16
unit_F1_m25_C180_a30_5.txt,25,180,1,30,5,1330,1.34,29.6111,25.78
unit_F1_m25_C180_a30_6.txt,25,180,1,30,6,1518,1.3612,30.346,32.03
unit_F1_m25_C180_a30_7.txt,25,180,1,30,7,1578,1.2981,33.8557,48.59
unit_F1_m25_C180_a30_8.txt,25,180,1,30,8,1448,1.3592,31.9989,25.16
unit_F1_m25_C180_a30_9.txt,25,180,1,30,9,1516,1.4653,53.6365,22.97
unit_F1_m25_C180_a30_10.txt,25,180,1,30,10,1302,1.319,27.2635,31.56
unit_F1_m25_C180_a30_11.txt,25,180,1,30,11,1278,1.2575,38.5646,32.5
unit_F1_m25_C180_a30_12.txt,25,180,1,30,12,1516,1.4112,35.0927,44.06
unit_F1_m25_C180_a30_13.txt,25,180,1,30,13,1278,1.2856,44.6578,28.59
unit_F1_m25_C180_a30_14.txt,25,180,1,30,14,1320,1.4691,30.2786,18.28
unit_F1_m25_C180_a30_15.txt,25,180,1,30,15,1534,1.4169,34.1996,35.16
unit_F1_m25_C180_a30_16.txt,25,180,1,30,16,1526,1.3667,34.7292,28.28
unit_F1_m25_C180_a30_17.txt,25,180,1,30,17,1516,1.3743,47.2169,23.75
unit_F1_m25_C180_a30_18.txt,25,180,1,30,18,1392,1.3398,49.7581,13.59
unit_F1_m25_C180_a30_19.txt,25,180,1,30,19,1256,1.3504,32.6101,20.94
unit_F1_m25_C180_a30_20.txt,25,180,1,30,20,1526,1.3764,55.1919,31.25
unit_F1_m25_C180_a30_21.txt,25,180,1,30,21,1476,1.2742,37.8972,37.66
unit_F1_m25_C180_a30_22.txt,25,180,1,30,22,1380,1.3348,51.0408,33.59
unit_F1_m25_C180_a30_23.txt,25,180,1,30,23,1418,1.3536,42.0244,21.88
unit_F1_m25_C180_a30_24.txt,25,180,1,30,24,1436,1.3617,31.6936,15.63
unit_F1_m25_C180_a30_25.txt,25,180,1,30,25,1660,1.435,37.0125,34.38
unit_F1_m25_C180_a30_26.txt,25,180,1,30,26,1706,1.3433,32.4581,25.47
unit_F1_m25_C180_a30_27.txt,25,180,1,30,27,1468,1.3677,46.7306,61.41
unit_F1_m25_C180_a30_28.txt,25,180,1,30,28,1288,1.3195,42.5552,30.63
unit_F1_m25_C180_a30_29.txt,25,180,1,30,29,1482,1.3599,29.17,26.88
unit_F1_m25_C180_a30_30.txt,25,180,1,30,30,1270,1.2874,30.0326,25.94
unit_F1_m25_C180_a30_31.txt,25,180,1,30,31,1702,1.3985,48.3137,25.16
unit_F1_m25_C180_a30_32.txt,25,180,1,30,32,1486,1.3812,54.9656,23.91
unit_F1_m25_C180_a30_33.txt,25,180,1,30,33,1614,1.3955,33.4018,26.41
unit_F1_m25_C180_a30_34.txt,25,180,1,30,34,1428,1.3742,32.4329,38.75
unit_F1_m25_C180_a30_35.txt,25,180,1,30,35,1418,1.4119,33.5612,29.38
unit_F1_m25_C180_a30_36.txt,25,180,1,30,36,1256,1.2726,29.7982,93.13
unit_F1_m25_C180_a30_37.txt,25,180,1,30,37,1490,1.3719,31.5022,19.53
unit_F1_m25_C180_a30_38.txt,25,180,1,30,38,1224,1.3715,31.7758,47.5
unit_F1_m25_C180_a30_39.txt,25,180,1,30,39,1298,1.298,36.1777,34.38
unit_F1_m25_C180_a30_40.txt,25,180,1,30,40,1586,1.3693,38.3141,34.84
unit_F1_m25_C180_a30_41.txt,25,180,1,30,41,1392,1.3084,30.4854,38.13
unit_F1_m25_C180_a30_42.txt,25,180,1,30,42,1426,1.3246,30.3372,28.28
unit_F1_m25_C180_a30_43.txt,25,180,1,30,43,1348,1.3941,30.6052,49.69
unit_F1_m25_C180_a30_44.txt,25,180,1,30,44,1468,1.3897,35.4659,21.41
unit_F1_m25_C180_a30_45.txt,25,180,1,30,45,1420,1.3558,31.0555,29.22
unit_F1_m25_C180_a30_46.txt,25,180,1,30,46,1444,1.3914,31.6408,30.16
unit_F1_m25_C180_a30_47.txt,25,180,1,30,47,1498,1.3737,30.0415,42.03
unit_F1_m25_C180_a30_48.txt,25,180,1,30,48,1452,1.3759,35.8728,26.72
unit_F1_m25_C180_a30_49.txt,25,180,1,30,49,1518,1.4047,29.1667,23.28
unit_F1_m50_C30_a3_0.txt,50,30,1,3,0,240,3.0332,10.4122,0.47
unit_F1_m50_C30_a3_1.txt,50,30,1,3,1,172,2.7476,6.4228,0.47
unit_F1_m50_C30_a3_2.txt,50,30,1,3,2,268,3.3156,13.3482,0.31
unit_F1_m50_C30_a3_3.txt,50,30,1,3,3,138,2.6884,11.1376,0.78
unit_F1_m50_C30_a3_4.txt,50,30,1,3,4,136,3.5851,18.4215,0.47
unit_F1_m50_C30_a3_5.txt,50,30,1,3,5,244,3.4009,24.314,0.63
unit_F1_m50_C30_a3_6.txt,50,30,1,3,6,160,3.5207,18.9923,0.94
unit_F1_m50_C30_a3_7.txt,50,30,1,3,7,212,3.4618,25.2054,0.63
unit_F1_m50_C30_a3_8.txt,50,30,1,3,8,208,3.6987,41.2002,0.78
unit_F1_m50_C30_a3_9.txt,50,30,1,3,9,228,3.6059,44.4045,0.78
unit_F1_m50_C30_a3_10.txt,50,30,1,3,10,236,3.1082,17.1928,0.63
unit_F1_m50_C30_a3_11.txt,50,30,1,3,11,210,2.9821,8.0078,0.31
unit_F1_m50_C30_a3_12.txt,50,30,1,3,12,216,3.6908,19.6895,0.16
unit_F1_m50_C30_a3_13.txt,50,30,1,3,13,204,3.6422,19.5394,0.16
unit_F1_m50_C30_a3_14.txt,50,30,1,3,14,262,3.3249,22.4025,0.47
unit_F1_m50_C30_a3_15.txt,50,30,1,3,15,190,2.9764,7.5004,0.63
unit_F1_m50_C30_a3_16.txt,50,30,1,3,16,282,3.3497,14.2798,0.94
unit_F1_m50_C30_a3_17.txt,50,30,1,3,17,182,3.1031,13.5136,0.16
unit_F1_m50_C30_a3_18.txt,50,30,1,3,18,276,2.8975,7.5301,0.47
unit_F1_m50_C30_a3_19.txt,50,30,1,3,19,304,3.4567,15.5085,0.16
unit_F1_m50_C30_a3_20.txt,50,30,1,3,20,232,3.0759,11.8165,0.47
unit_F1_m50_C30_a3_21.txt,50,30,1,3,21,262,3.3585,11.7986,0.31
unit_F1_m50_C30_a3_22.txt,50,30,1,3,22,176,2.9915,13.2077,0.16
unit_F1_m50_C30_a3_23.txt,50,30,1,3,23,118,2.8465,7.9273,0.47
unit_F1_m50_C30_a3_24.txt,50,30,1,3,24,234,3.679,35.7455,0.78
unit_F1_m50_C30_a3_25.txt,50,30,1,3,25,268,3.1188,11.6579,0.16
unit_F1_m50_C30_a3_26.txt,50,30,1,3,26,340,3.4199,15.2224,0.31
unit_F1_m50_C30_a3_27.txt,50,30,1,3,27,238,2.8117,9.9388,0.31
unit_F1_m50_C30_a3_28.txt,50,30,1,3,28,216,2.8783,6.5206,0.47
unit_F1_m50_C30_a3_29.txt,50,30,1,3,29,86,2.6041,9.7561,0.31
unit_F1_m50_C30_a3_30.txt,50,30,1,3,30,240,2.8496,21.4528,0.16
unit_F1_m50_C30_a3_31.txt,50,30,1,3,31,162,3.357,16.0315,0.31
unit_F1_m50_C30_a3_32.txt,50,30,1,3,32,202,2.9577,24.1882,0.31
unit_F1_m50_C30_a3_33.txt,50,30,1,3,33,148,3.6372,30.4529,0.47
unit_F1_m50_C30_a3_34.txt,50,30,1,3,34,264,3.4488,25.8619,0.31
unit_F1_m50_C30_a3_35.txt,50,30,1,3,35,196,3.4807,18.0235,0.16
unit_F1_m50_C30_a3_36.txt,50,30,1,3,36,226,3.0647,12.0076,0.78
unit_F1_m50_C30_a3_37.txt,50,30,1,3,37,220,3.1038,12.2963,0.31
unit_F1_m50_C30_a3_38.txt,50,30,1,3,38,254,3.0254,10.477,0.47
unit_F1_m50_C30_a3_39.txt,50,30,1,3,39,346,2.8165,7.0523,0.63
unit_F1_m50_C30_a3_40.txt,50,30,1,3,40,248,3.7042,19.8682,0.47
unit_F1_m50_C30_a3_41.txt,50,30,1,3,41,266,2.9783,9.7098,0.31
unit_F1_m50_C30_a3_42.txt,50,30,1,3,42,312,2.8443,8.0996,1.25
unit_F1_m50_C30_a3_43.txt,50,30,1,3,43,284,3.68,18.89,0.47
unit_F1_m50_C30_a3_44.txt,50,30,1,3,44,118,2.8751,11.0102,0.16
unit_F1_m50_C30_a3_45.txt,50,30,1,3,45,184,3.7104,22.6273,0.31
unit_F1_m50_C30_a3_46.txt,50,30,1,3,46,274,3.1837,15.7644,0.47
unit_F1_m50_C30_a3_47.txt,50,30,1,3,47,252,2.798,9.2527,0.31
unit_F1_m50_C30_a3_48.txt,50,30,1,3,48,128,2.9286,14.6113,0.78
unit_F1_m50_C30_a3_49.txt,50,30,1,3,49,146,2.8991,10.512,0.31
unit_F1_m50_C30_a7_0.txt,50,30,1,7,0,336,3.811,30.4084,0.31
unit_F1_m50_C30_a7_1.txt,50,30,1,7,1,282,3.4165,18.7903,0
unit_F1_m50_C30_a7_2.txt,50,30,1,7,2,342,3.7744,40.577,0.78
unit_F1_m50_C30_a7_3.txt,50,30,1,7,3,214,3.1224,22.7136,0.63
unit_F1_m50_C30_a7_4.txt,50,30,1,7,4,270,3.7702,24.7765,1.09
unit_F1_m50_C30_a7_5.txt,50,30,1,7,5,356,3.5911,22.7801,0.94
unit_F1_m50_C30_a7_6.txt,50,30,1,7,6,304,4.0932,22.9904,0.31
unit_F1_m50_C30_a7_7.txt,50,30,1,7,7,334,3.9433,27.8469,0.16
unit_F1_m50_C30_a7_8.txt,50,30,1,7,8,348,3.7223,26.0086,0.94
unit_F1_m50_C30_a7_9.txt,50,30,1,7,9,356,3.8012,24.9046,0.63
unit_F1_m50_C30_a7_10.txt,50,30,1,7,10,268,3.7147,24.1628,0.63
unit_F1_m50_C30_a7_11.txt,50,30,1,7,11,326,3.0925,26.4115,0.16
unit_F1_m50_C30_a7_12.txt,50,30,1,7,12,336,3.9865,24.927,0.63
unit_F1_m50_C30_a7_13.txt,50,30,1,7,13,280,3.6564,41.7336,0.63
unit_F1_m50_C30_a7_14.txt,50,30,1,7,14,356,3.6662,23.0364,0.78
unit_F1_m50_C30_a7_15.txt,50,30,1,7,15,322,2.9918,10.5104,0.47
unit_F1_m50_C30_a7_16.txt,50,30,1,7,16,372,3.4483,17.1927,0.63
unit_F1_m50_C30_a7_17.txt,50,30,1,7,17,338,3.6894,40.7808,0.63
unit_F1_m50_C30_a7_18.txt,50,30,1,7,18,360,4.0232,25.9061,0.47
unit_F1_m50_C30_a7_19.txt,50,30,1,7,19,360,3.6574,22.1345,0.78
unit_F1_m50_C30_a7_20.txt,50,30,1,7,20,276,3.5313,24.5451,0.94
unit_F1_m50_C30_a7_21.txt,50,30,1,7,21,374,3.7396,25.4409,0.63
unit_F1_m50_C30_a7_22.txt,50,30,1,7,22,324,3.5037,37.0379,0.78
unit_F1_m50_C30_a7_23.txt,50,30,1,7,23,270,3.3573,27.0387,0.78
unit_F1_m50_C30_a7_24.txt,50,30,1,7,24,320,3.6238,22.7653,0.78
unit_F1_m50_C30_a7_25.txt,50,30,1,7,25,334,3.5093,20.6643,1.25
unit_F1_m50_C30_a7_26.txt,50,30,1,7,26,382,3.5572,34.05,0.47
unit_F1_m50_C30_a7_27.txt,50,30,1,7,27,336,3.6812,24.079,0.78
unit_F1_m50_C30_a7_28.txt,50,30,1,7,28,252,2.8759,11.1262,1.09
unit_F1_m50_C30_a7_29.txt,50,30,1,7,29,270,3.4869,20.7494,0.78
unit_F1_m50_C30_a7_30.txt,50,30,1,7,30,364,3.7502,37.0955,0.63
unit_F1_m50_C30_a7_31.txt,50,30,1,7,31,296,3.8198,25.2168,0.31
unit_F1_m50_C30_a7_32.txt,50,30,1,7,32,356,3.8172,26.1248,0.78
unit_F1_m50_C30_a7_33.txt,50,30,1,7,33,276,3.5413,23.4818,0.31
unit_F1_m50_C30_a7_34.txt,50,30,1,7,34,274,3.4615,19.2661,0.47
unit_F1_m50_C30_a7_35.txt,50,30,1,7,35,266,3.6045,30.0773,0.16
unit_F1_m50_C30_a7_36.txt,50,30,1,7,36,298,3.2353,14.9896,1.88
unit_F1_m50_C30_a7_37.txt,50,30,1,7,37,304,3.5975,19.8952,0.94
unit_F1_m50_C30_a7_38.txt,50,30,1,7,38,322,3.5957,27.1727,0.63
unit_F1_m50_C30_a7_39.txt,50,30,1,7,39,374,4.0917,30.3072,1.25
unit_F1_m50_C30_a7_40.txt,50,30,1,7,40,290,3.7156,25.7508,1.09
unit_F1_m50_C30_a7_41.txt,50,30,1,7,41,312,3.0367,12.5562,0.47
unit_F1_m50_C30_a7_42.txt,50,30,1,7,42,350,4.6575,26.621,0.47
unit_F1_m50_C30_a7_43.txt,50,30,1,7,43,352,3.9313,27.1824,0.78
unit_F1_m50_C30_a7_44.txt,50,30,1,7,44,294,3.9011,26.4358,1.25
unit_F1_m50_C30_a7_45.txt,50,30,1,7,45,204,3.7748,28.3698,0.47
unit_F1_m50_C30_a7_46.txt,50,30,1,7,46,316,3.5511,23.9912,0.16
unit_F1_m50_C30_a7_47.txt,50,30,1,7,47,346,3.5643,20.4712,0.47
unit_F1_m50_C30_a7_48.txt,50,30,1,7,48,310,3.5918,20.9337,0.78
unit_F1_m50_C30_a7_49.txt,50,30,1,7,49,180,2.9178,13.4184,0.31
unit_F1_m50_C30_a15_0.txt,50,30,1,15,0,442,4.0414,32.6976,9.06
unit_F1_m50_C30_a15_1.txt,50,30,1,15,1,360,3.647,30.9559,7.5
unit_F1_m50_C30_a15_2.txt,50,30,1,15,2,450,3.9207,36.2035,12.81
unit_F1_m50_C30_a15_3.txt,50,30,1,15,3,396,3.6844,34.9309,10.94
unit_F1_m50_C30_a15_4.txt,50,30,1,15,4,416,3.7974,35.9685,15
unit_F1_m50_C30_a15_5.txt,50,30,1,15,5,412,3.8565,33.3072,15.78
unit_F1_m50_C30_a15_6.txt,50,30,1,15,6,416,3.804,32.9751,11.88
unit_F1_m50_C30_a15_7.txt,50,30,1,15,7,446,4.2083,42.6033,7.19
unit_F1_m50_C30_a15_8.txt,50,30,1,15,8,434,3.9528,46.1415,9.53
unit_F1_m50_C30_a15_9.txt,50,30,1,15,9,438,4.0512,39.0213,11.72
unit_F1_m50_C30_a15_10.txt,50,30,1,15,10,382,3.8478,34.2777,7.34
unit_F1_m50_C30_a15_11.txt,50,30,1,15,11,416,3.9705,35.047,9.69
unit_F1_m50_C30_a15_12.txt,50,30,1,15,12,402,4.1737,35.889,10.16
unit_F1_m50_C30_a15_13.txt,50,30,1,15,13,394,3.8972,31.8441,11.25
unit_F1_m50_C30_a15_14.txt,50,30,1,15,14,408,3.7287,27.572,15.94
unit_F1_m50_C30_a15_15.txt,50,30,1,15,15,430,3.677,29.8525,10.16
unit_F1_m50_C30_a15_16.txt,50,30,1,15,16,408,4.1835,35.3107,8.75
unit_F1_m50_C30_a15_17.txt,50,30,1,15,17,422,4.0636,38.2537,10
unit_F1_m50_C30_a15_18.txt,50,30,1,15,18,428,4.1332,66.5196,10.47
unit_F1_m50_C30_a15_19.txt,50,30,1,15,19,408,3.892,42.939,7.03
unit_F1_m50_C30_a15_20.txt,50,30,1,15,20,392,3.8544,35.6003,9.69
unit_F1_m50_C30_a15_21.txt,50,30,1,15,21,430,3.8969,33.1098,13.13
unit_F1_m50_C30_a15_22.txt,50,30,1,15,22,428,3.7353,31.6128,11.41
unit_F1_m50_C30_a15_23.txt,50,30,1,15,23,374,3.5424,23.7189,10.47
unit_F1_m50_C30_a15_24.txt,50,30,1,15,24,402,4.1011,36.5603,11.25
unit_F1_m50_C30_a15_25.txt,50,30,1,15,25,464,3.991,34.1815,11.09
unit_F1_m50_C30_a15_26.txt,50,30,1,15,26,458,4.0441,47.2761,11.09
unit_F1_m50_C30_a15_27.txt,50,30,1,15,27,424,3.952,45.8982,8.59
unit_F1_m50_C30_a15_28.txt,50,30,1,15,28,374,3.4443,23.0882,10.16
unit_F1_m50_C30_a15_29.txt,50,30,1,15,29,348,3.6302,28.5611,10.47
unit_F1_m50_C30_a15_30.txt,50,30,1,15,30,450,3.8455,38.8926,11.56
unit_F1_m50_C30_a15_31.txt,50,30,1,15,31,416,4.0143,38.4677,15.78
unit_F1_m50_C30_a15_32.txt,50,30,1,15,32,420,3.897,34.515,12.66
unit_F1_m50_C30_a15_33.txt,50,30,1,15,33,378,3.7757,32.9781,10.16
unit_F1_m50_C30_a15_34.txt,50,30,1,15,34,408,3.6783,28.6247,12.34
unit_F1_m50_C30_a15_35.txt,50,30,1,15,35,430,4.0694,38.2346,12.19
unit_F1_m50_C30_a15_36.txt,50,30,1,15,36,434,3.896,48.3805,11.25
unit_F1_m50_C30_a15_37.txt,50,30,1,15,37,366,3.7343,32.3055,8.91
unit_F1_m50_C30_a15_38.txt,50,30,1,15,38,400,3.6119,31.7282,10.47
unit_F1_m50_C30_a15_39.txt,50,30,1,15,39,416,4.2185,39.0285,9.06
unit_F1_m50_C30_a15_40.txt,50,30,1,15,40,416,3.8617,35.8003,8.13
unit_F1_m50_C30_a15_41.txt,50,30,1,15,41,400,3.9738,33.7836,10.47
unit_F1_m50_C30_a15_42.txt,50,30,1,15,42,440,3.991,37.9938,12.81
unit_F1_m50_C30_a15_43.txt,50,30,1,15,43,410,4.1888,34.5765,9.53
unit_F1_m50_C30_a15_44.txt,50,30,1,15,44,394,3.834,32.5852,16.72
unit_F1_m50_C30_a15_45.txt,50,30,1,15,45,422,3.84,32.9986,11.25
unit_F1_m50_C30_a15_46.txt,50,30,1,15,46,412,4.0238,33.5945,4.22
unit_F1_m50_C30_a15_47.txt,50,30,1,15,47,438,3.8302,34.5246,11.09
unit_F1_m50_C30_a15_48.txt,50,30,1,15,48,400,3.7782,31.5166,10.94
unit_F1_m50_C30_a15_49.txt,50,30,1,15,49,426,3.9855,38.4047,8.28
unit_F1_m50_C30_a30_0.txt,50,30,1,30,0,592,4.2057,53.8269,29.69
unit_F1_m50_C30_a30_1.txt,50,30,1,30,1,568,4.2942,55.6949,27.5
unit_F1_m50_C30_a30_2.txt,50,30,1,30,2,576,4.1647,51.9406,26.56
unit_F1_m50_C30_a30_3.txt,50,30,1,30,3,514,4.0378,43.1682,30.94
unit_F1_m50_C30_a30_4.txt,50,30,1,30,4,596,4.3073,55.8566,39.53
unit_F1_m50_C30_a30_5.txt,50,30,1,30,5,508,4.0595,54.7677,21.09
unit_F1_m50_C30_a30_6.txt,50,30,1,30,6,574,4.2623,55.2642,38.28
unit_F1_m50_C30_a30_7.txt,50,30,1,30,7,554,4.2365,61.0836,38.44
unit_F1_m50_C30_a30_8.txt,50,30,1,30,8,582,4.2411,57.3718,35.78
unit_F1_m50_C30_a30_9.txt,50,30,1,30,9,576,4.334,56.4514,31.88
unit_F1_m50_C30_a30_10.txt,50,30,1,30,10,568,4.122,57.8689,17.81
unit_F1_m50_C30_a30_11.txt,50,30,1,30,11,556,4.1416,51.2302,15.47
unit_F1_m50_C30_a30_12.txt,50,30,1,30,12,566,4.3148,52.0287,43.91
unit_F1_m50_C30_a30_13.txt,50,30,1,30,13,580,4.1901,57.9371,33.91
unit_F1_m50_C30_a30_14.txt,50,30,1,30,14,568,4.2434,50.3013,36.72
unit_F1_m50_C30_a30_15.txt,50,30,1,30,15,574,4.1327,51.8202,30.78
unit_F1_m50_C30_a30_16.txt,50,30,1,30,16,582,4.493,55.7138,39.38
unit_F1_m50_C30_a30_17.txt,50,30,1,30,17,564,4.3148,52.7995,37.34
unit_F1_m50_C30_a30_18.txt,50,30,1,30,18,592,4.2723,53.1919,33.13
unit_F1_m50_C30_a30_19.txt,50,30,1,30,19,600,4.3028,54.1209,26.41
unit_F1_m50_C30_a30_20.txt,50,30,1,30,20,574,3.8838,46.3837,33.59
unit_F1_m50_C30_a30_21.txt,50,30,1,30,21,556,4.2241,56.3813,46.56
unit_F1_m50_C30_a30_22.txt,50,30,1,30,22,548,3.9077,49.0505,18.44
unit_F1_m50_C30_a30_23.txt,50,30,1,30,23,524,4.2592,51.0921,29.69
unit_F1_m50_C30_a30_24.txt,50,30,1,30,24,558,4.2521,55.771,28.59
unit_F1_m50_C30_a30_25.txt,50,30,1,30,25,582,4.2722,65.2505,19.53
unit_F1_m50_C30_a30_26.txt,50,30,1,30,26,612,4.3701,69.8331,62.34
unit_F1_m50_C30_a30_27.txt,50,30,1,30,27,526,4.3419,47.3658,26.88
unit_F1_m50_C30_a30_28.txt,50,30,1,30,28,568,3.959,46.8277,41.41
unit_F1_m50_C30_a30_29.txt,50,30,1,30,29,560,4.3847,57.5478,31.25
unit_F1_m50_C30_a30_30.txt,50,30,1,30,30,592,4.1774,65.3224,35.63
unit_F1_m50_C30_a30_31.txt,50,30,1,30,31,556,4.3525,54.988,34.22
unit_F1_m50_C30_a30_32.txt,50,30,1,30,32,514,4.2169,51.5225,36.56
unit_F1_m50_C30_a30_33.txt,50,30,1,30,33,546,4.1016,46.1652,61.41
unit_F1_m50_C30_a30_34.txt,50,30,1,30,34,560,4.1453,50.1939,74.69
unit_F1_m50_C30_a30_35.txt,50,30,1,30,35,580,4.1804,52.5848,29.53
unit_F1_m50_C30_a30_36.txt,50,30,1,30,36,576,4.0824,56.1052,30
unit_F1_m50_C30_a30_37.txt,50,30,1,30,37,500,3.9805,44.9263,33.28
unit_F1_m50_C30_a30_38.txt,50,30,1,30,38,532,4.2388,53.6277,48.59
unit_F1_m50_C30_a30_39.txt,50,30,1,30,39,508,4.2204,54.238,30
unit_F1_m50_C30_a30_40.txt,50,30,1,30,40,526,4.2938,65.3931,25.78
unit_F1_m50_C30_a30_41.txt,50,30,1,30,41,562,4.4084,47.6314,29.38
unit_F1_m50_C30_a30_42.txt,50,30,1,30,42,558,4.3516,55.4653,35.31
unit_F1_m50_C30_a30_43.txt,50,30,1,30,43,574,4.3041,55.0163,27.03
unit_F1_m50_C30_a30_44.txt,50,30,1,30,44,554,4.1397,52.4534,27.34
unit_F1_m50_C30_a30_45.txt,50,30,1,30,45,568,4.2009,53.2113,33.28
unit_F1_m50_C30_a30_46.txt,50,30,1,30,46,576,4.3449,52.5201,31.41
unit_F1_m50_C30_a30_47.txt,50,30,1,30,47,546,4.0249,50.8604,22.34
unit_F1_m50_C30_a30_48.txt,50,30,1,30,48,526,4.2911,63.4057,30.94
unit_F1_m50_C30_a30_49.txt,50,30,1,30,49,546,4.2388,54.7461,20
unit_F1_m50_C60_a3_0.txt,50,60,1,3,0,206,2.9442,20.0345,0.31
unit_F1_m50_C60_a3_1.txt,50,60,1,3,1,264,3.0396,9.379,0.47
unit_F1_m50_C60_a3_2.txt,50,60,1,3,2,304,3.1757,11.5037,0.16
unit_F1_m50_C60_a3_3.txt,50,60,1,3,3,272,3.7698,20.5669,0.31
unit_F1_m50_C60_a3_4.txt,50,60,1,3,4,210,2.583,21.3397,0.63
unit_F1_m50_C60_a3_5.txt,50,60,1,3,5,258,2.9256,26.4142,0.47
unit_F1_m50_C60_a3_6.txt,50,60,1,3,6,310,3.4005,31.4828,0.63
unit_F1_m50_C60_a3_7.txt,50,60,1,3,7,238,3.0472,11.6416,0.78
unit_F1_m50_C60_a3_8.txt,50,60,1,3,8,260,3.818,23.7092,0.16
unit_F1_m50_C60_a3_9.txt,50,60,1,3,9,298,3.3878,22.7682,0.16
unit_F1_m50_C60_a3_10.txt,50,60,1,3,10,268,3.0363,9.7495,0.94
unit_F1_m50_C60_a3_11.txt,50,60,1,3,11,352,3.6321,18.7583,0.47
unit_F1_m50_C60_a3_12.txt,50,60,1,3,12,272,2.7639,17.5577,0.31
unit_F1_m50_C60_a3_13.txt,50,60,1,3,13,390,3.4854,26.894,0.16
unit_F1_m50_C60_a3_14.txt,50,60,1,3,14,218,3.0273,10.3865,0.47
unit_F1_m50_C60_a3_15.txt,50,60,1,3,15,270,3.7285,21.0317,0.31
unit_F1_m50_C60_a3_16.txt,50,60,1,3,16,350,3.2747,13.3224,0.31
unit_F1_m50_C60_a3_17.txt,50,60,1,3,17,182,3.3483,16.5664,0.16
unit_F1_m50_C60_a3_18.txt,50,60,1,3,18,302,2.9715,11.2614,0.31
unit_F1_m50_C60_a3_19.txt,50,60,1,3,19,336,3.2969,11.4216,0.63
unit_F1_m50_C60_a3_20.txt,50,60,1,3,20,246,2.6568,6.9996,0.31
unit_F1_m50_C60_a3_21.txt,50,60,1,3,21,304,3.8143,21.3498,0.31
unit_F1_m50_C60_a3_22.txt,50,60,1,3,22,292,3.2791,13.646,0.63
unit_F1_m50_C60_a3_23.txt,50,60,1,3,23,286,3.2037,13.7745,0.47
unit_F1_m50_C60_a3_24.txt,50,60,1,3,24,324,3.05,8.3124,0.47
unit_F1_m50_C60_a3_25.txt,50,60,1,3,25,262,3.0019,25.6952,0.16
unit_F1_m50_C60_a3_26.txt,50,60,1,3,26,340,3.3329,13.9221,0.31
unit_F1_m50_C60_a3_27.txt,50,60,1,3,27,300,3.3573,38.3765,0.47
unit_F1_m50_C60_a3_28.txt,50,60,1,3,28,328,3.1522,13.8931,0.63
unit_F1_m50_C60_a3_29.txt,50,60,1,3,29,322,3.2947,27.9755,0.47
unit_F1_m50_C60_a3_30.txt,50,60,1,3,30,368,3.897,21.0792,0.47
unit_F1_m50_C60_a3_31.txt,50,60,1,3,31,276,3.1665,21.4395,0.63
unit_F1_m50_C60_a3_32.txt,50,60,1,3,32,356,3.0381,9.6877,0.47
unit_F1_m50_C60_a3_33.txt,50,60,1,3,33,378,3.5103,17.767,0.16
unit_F1_m50_C60_a3_34.txt,50,60,1,3,34,346,3.4698,16.0941,0.78
unit_F1_m50_C60_a3_35.txt,50,60,1,3,35,294,3.0979,19.0194,0.47
unit_F1_m50_C60_a3_36.txt,50,60,1,3,36,160,3.6505,31.9438,0.47
unit_F1_m50_C60_a3_37.txt,50,60,1,3,37,416,3.2131,11.7973,0.63
unit_F1_m50_C60_a3_38.txt,50,60,1,3,38,302,3.9699,22.8524,0.47
unit_F1_m50_C60_a3_39.txt,50,60,1,3,39,304,3.3157,15.5039,0.63
unit_F1_m50_C60_a3_40.txt,50,60,1,3,40,240,2.8337,24.3209,0.78
unit_F1_m50_C60_a3_41.txt,50,60,1,3,41,216,3.558,29.1832,0.94
unit_F1_m50_C60_a3_42.txt,50,60,1,3,42,274,3.4248,17.398,0.31
unit_F1_m50_C60_a3_43.txt,50,60,1,3,43,248,2.917,14.5789,0
unit_F1_m50_C60_a3_44.txt,50,60,1,3,44,294,3.1303,12.1418,0.94
unit_F1_m50_C60_a3_45.txt,50,60,1,3,45,334,3.7065,21.4135,0.47
unit_F1_m50_C60_a3_46.txt,50,60,1,3,46,294,3.8622,23.7272,0.47
unit_F1_m50_C60_a3_47.txt,50,60,1,3,47,332,3.8473,22.2355,0.47
unit_F1_m50_C60_a3_48.txt,50,60,1,3,48,260,3.1908,12.5092,0.16
unit_F1_m50_C60_a3_49.txt,50,60,1,3,49,324,3.296,19.1132,0.16
unit_F1_m50_C60_a7_0.txt,50,60,1,7,0,438,3.3211,16.1591,0.63
unit_F1_m50_C60_a7_1.txt,50,60,1,7,1,414,3.6872,25.8647,1.09
unit_F1_m50_C60_a7_2.txt,50,60,1,7,2,428,3.657,22.1221,0.47
unit_F1_m50_C60_a7_3.txt,50,60,1,7,3,332,3.8618,36.3373,0.78
unit_F1_m50_C60_a7_4.txt,50,60,1,7,4,292,3.1559,15.8782,0.78
unit_F1_m50_C60_a7_5.txt,50,60,1,7,5,350,3.2051,22.4378,0.63
unit_F1_m50_C60_a7_6.txt,50,60,1,7,6,402,3.5003,33.9713,0.94
unit_F1_m50_C60_a7_7.txt,50,60,1,7,7,332,3.7419,25.8241,0.47
unit_F1_m50_C60_a7_8.txt,50,60,1,7,8,384,3.9147,40.322,0.16
unit_F1_m50_C60_a7_9.txt,50,60,1,7,9,416,3.7361,26.8453,1.09
unit_F1_m50_C60_a7_10.txt,50,60,1,7,10,348,3.5903,31.6142,0.31
unit_F1_m50_C60_a7_11.txt,50,60,1,7,11,396,3.9943,26.5869,0.78
unit_F1_m50_C60_a7_12.txt,50,60,1,7,12,394,3.6372,27.8348,0.47
unit_F1_m50_C60_a7_13.txt,50,60,1,7,13,422,3.8106,26.2821,1.09
unit_F1_m50_C60_a7_14.txt,50,60,1,7,14,422,3.7483,22.8714,0.94
unit_F1_m50_C60_a7_15.txt,50,60,1,7,15,304,3.822,27.542,0.16
unit_F1_m50_C60_a7_16.txt,50,60,1,7,16,382,3.5929,33.3894,0.47
unit_F1_m50_C60_a7_17.txt,50,60,1,7,17,338,3.8116,28.409,0.94
unit_F1_m50_C60_a7_18.txt,50,60,1,7,18,388,3.9132,24.4898,0.63
unit_F1_m50_C60_a7_19.txt,50,60,1,7,19,436,3.6414,33.9925,0.47
unit_F1_m50_C60_a7_20.txt,50,60,1,7,20,360,3.5205,22.073,0.47
unit_F1_m50_C60_a7_21.txt,50,60,1,7,21,472,4.6483,28.633,0.31
unit_F1_m50_C60_a7_22.txt,50,60,1,7,22,416,4.4025,32.3992,0.78
unit_F1_m50_C60_a7_23.txt,50,60,1,7,23,352,3.4682,17.1094,0.63
unit_F1_m50_C60_a7_24.txt,50,60,1,7,24,406,4.9799,28.6646,0.78
unit_F1_m50_C60_a7_25.txt,50,60,1,7,25,476,3.8902,27.6961,1.56
unit_F1_m50_C60_a7_26.txt,50,60,1,7,26,440,3.9195,28.5818,0.63
unit_F1_m50_C60_a7_27.txt,50,60,1,7,27,372,3.4732,25.3524,0.94
unit_F1_m50_C60_a7_28.txt,50,60,1,7,28,454,3.8781,25.6566,0.78
unit_F1_m50_C60_a7_29.txt,50,60,1,7,29,354,3.4407,38.6826,0.47
unit_F1_m50_C60_a7_30.txt,50,60,1,7,30,422,3.9247,31.6414,0.31
unit_F1_m50_C60_a7_31.txt,50,60,1,7,31,452,3.4324,18.5537,0.47
unit_F1_m50_C60_a7_32.txt,50,60,1,7,32,448,3.478,19.134,1.09
unit_F1_m50_C60_a7_33.txt,50,60,1,7,33,414,3.7982,24.0371,0.63
unit_F1_m50_C60_a7_34.txt,50,60,1,7,34,402,3.6933,39.1214,0.63
unit_F1_m50_C60_a7_35.txt,50,60,1,7,35,390,3.4338,27.0872,0.63
unit_F1_m50_C60_a7_36.txt,50,60,1,7,36,338,3.6395,25.6136,0.78
unit_F1_m50_C60_a7_37.txt,50,60,1,7,37,428,3.863,31.3082,0.31
unit_F1_m50_C60_a7_38.txt,50,60,1,7,38,372,4.0637,30.4815,0.78
unit_F1_m50_C60_a7_39.txt,50,60,1,7,39,452,3.4981,21.8947,0.31
unit_F1_m50_C60_a7_40.txt,50,60,1,7,40,328,3.4543,18.9887,1.56
unit_F1_m50_C60_a7_41.txt,50,60,1,7,41,452,3.8073,26.0994,0.47
unit_F1_m50_C60_a7_42.txt,50,60,1,7,42,410,3.7369,22.5472,0.31
unit_F1_m50_C60_a7_43.txt,50,60,1,7,43,358,3.0678,13.7733,0.94
unit_F1_m50_C60_a7_44.txt,50,60,1,7,44,370,3.7949,25.3005,0.16
unit_F1_m50_C60_a7_45.txt,50,60,1,7,45,428,3.8336,26.7537,0.63
unit_F1_m50_C60_a7_46.txt,50,60,1,7,46,406,3.9289,29.2701,0.78
unit_F1_m50_C60_a7_47.txt,50,60,1,7,47,376,3.8398,26.5851,1.25
unit_F1_m50_C60_a7_48.txt,50,60,1,7,48,412,5.1314,26.1099,0.78
unit_F1_m50_C60_a7_49.txt,50,60,1,7,49,416,4.6796,44.1465,0.78
unit_F1_m50_C60_a15_0.txt,50,60,1,15,0,590,4.6136,44.9228,13.91
unit_F1_m50_C60_a15_1.txt,50,60,1,15,1,548,4.024,38.2261,5
unit_F1_m50_C60_a15_2.txt,50,60,1,15,2,594,3.9724,38.9163,10.31
unit_F1_m50_C60_a15_3.txt,50,60,1,15,3,468,4.0306,38.1612,3.28
unit_F1_m50_C60_a15_4.txt,50,60,1,15,4,508,4.2209,56.5137,4.84
unit_F1_m50_C60_a15_5.txt,50,60,1,15,5,596,4.0856,39.5569,8.13
unit_F1_m50_C60_a15_6.txt,50,60,1,15,6,526,3.5146,28.5051,10
unit_F1_m50_C60_a15_7.txt,50,60,1,15,7,462,3.9013,34.427,10.94
unit_F1_m50_C60_a15_8.txt,50,60,1,15,8,536,4.1864,43.1342,5.47
unit_F1_m50_C60_a15_9.txt,50,60,1,15,9,518,4.0505,48.0346,3.44
unit_F1_m50_C60_a15_10.txt,50,60,1,15,10,556,4.1724,43.3949,8.13
unit_F1_m50_C60_a15_11.txt,50,60,1,15,11,500,3.9718,37.6558,6.41
unit_F1_m50_C60_a15_12.txt,50,60,1,15,12,590,3.8232,35.2082,9.38
unit_F1_m50_C60_a15_13.txt,50,60,1,15,13,554,4.073,35.9119,5.94
unit_F1_m50_C60_a15_14.txt,50,60,1,15,14,624,4.2325,41.9618,6.41
unit_F1_m50_C60_a15_15.txt,50,60,1,15,15,548,3.9459,48.991,10.94
unit_F1_m50_C60_a15_16.txt,50,60,1,15,16,532,3.7403,53.0663,9.84
unit_F1_m50_C60_a15_17.txt,50,60,1,15,17,596,4.0514,48.5288,6.56
unit_F1_m50_C60_a15_18.txt,50,60,1,15,18,510,4.0851,35.0656,8.44
unit_F1_m50_C60_a15_19.txt,50,60,1,15,19,586,3.8635,36.5224,8.28
unit_F1_m50_C60_a15_20.txt,50,60,1,15,20,600,3.8492,35.1924,10.16
unit_F1_m50_C60_a15_21.txt,50,60,1,15,21,610,4.1539,35.5448,7.34
unit_F1_m50_C60_a15_22.txt,50,60,1,15,22,504,4.6553,43.2927,13.13
unit_F1_m50_C60_a15_23.txt,50,60,1,15,23,530,5.0609,47.915,6.41
unit_F1_m50_C60_a15_24.txt,50,60,1,15,24,506,4.9633,35.4738,9.06
unit_F1_m50_C60_a15_25.txt,50,60,1,15,25,582,4.0855,37.2136,8.75
unit_F1_m50_C60_a15_26.txt,50,60,1,15,26,536,3.9836,36.0496,7.19
unit_F1_m50_C60_a15_27.txt,50,60,1,15,27,526,3.6845,26.1004,7.66
unit_F1_m50_C60_a15_28.txt,50,60,1,15,28,614,3.9439,35.1172,9.06
unit_F1_m50_C60_a15_29.txt,50,60,1,15,29,504,3.8725,32.2067,4.22
unit_F1_m50_C60_a15_30.txt,50,60,1,15,30,608,3.9804,48.0159,7.19
unit_F1_m50_C60_a15_31.txt,50,60,1,15,31,584,3.823,31.9453,7.34
unit_F1_m50_C60_a15_32.txt,50,60,1,15,32,572,3.9878,38.598,6.25
unit_F1_m50_C60_a15_33.txt,50,60,1,15,33,576,4.1591,38.2341,4.06
unit_F1_m50_C60_a15_34.txt,50,60,1,15,34,528,3.879,36.4281,7.5
unit_F1_m50_C60_a15_35.txt,50,60,1,15,35,684,3.6742,40.8081,11.88
unit_F1_m50_C60_a15_36.txt,50,60,1,15,36,518,3.8311,48.222,11.09
unit_F1_m50_C60_a15_37.txt,50,60,1,15,37,610,4.1511,38.4445,12.81
unit_F1_m50_C60_a15_38.txt,50,60,1,15,38,494,4.1905,37.0597,4.22
unit_F1_m50_C60_a15_39.txt,50,60,1,15,39,580,4.0106,39.7623,5.78
unit_F1_m50_C60_a15_40.txt,50,60,1,15,40,480,3.8212,28.5529,7.66
unit_F1_m50_C60_a15_41.txt,50,60,1,15,41,624,3.8956,34.5001,5.63
unit_F1_m50_C60_a15_42.txt,50,60,1,15,42,536,4.0843,39.8143,6.09
unit_F1_m50_C60_a15_43.txt,50,60,1,15,43,570,3.8189,34.9708,9.69
unit_F1_m50_C60_a15_44.txt,50,60,1,15,44,524,4.0758,60.6322,9.69
unit_F1_m50_C60_a15_45.txt,50,60,1,15,45,532,3.9359,38.8961,12.97
unit_F1_m50_C60_a15_46.txt,50,60,1,15,46,608,4.2635,40.5635,6.25
unit_F1_m50_C60_a15_47.txt,50,60,1,15,47,550,3.975,36.7506,6.41
unit_F1_m50_C60_a15_48.txt,50,60,1,15,48,600,4.603,36.8635,7.5
unit_F1_m50_C60_a15_49.txt,50,60,1,15,49,600,4.9004,44.6577,5.78
unit_F1_m50_C60_a30_0.txt,50,60,1,30,0,792,5.1091,60.2696,17.19
unit_F1_m50_C60_a30_1.txt,50,60,1,30,1,742,4.2827,55.1968,13.44
unit_F1_m50_C60_a30_2.txt,50,60,1,30,2,892,4.3282,57.1625,34.22
unit_F1_m50_C60_a30_3.txt,50,60,1,30,3,744,4.2823,60.8595,14.22
unit_F1_m50_C60_a30_4.txt,50,60,1,30,4,830,4.2529,54.9387,17.34
unit_F1_m50_C60_a30_5.txt,50,60,1,30,5,786,4.4596,50.7445,29.06
unit_F1_m50_C60_a30_6.txt,50,60,1,30,6,812,4.3327,52.9089,22.34
unit_F1_m50_C60_a30_7.txt,50,60,1,30,7,762,4.1315,61.7884,27.19
unit_F1_m50_C60_a30_8.txt,50,60,1,30,8,836,4.4393,54.0027,21.25
unit_F1_m50_C60_a30_9.txt,50,60,1,30,9,740,4.169,49.9062,20.94
unit_F1_m50_C60_a30_10.txt,50,60,1,30,10,726,4.4187,53.3477,14.22
unit_F1_m50_C60_a30_11.txt,50,60,1,30,11,770,4.216,54.2123,20.47
unit_F1_m50_C60_a30_12.txt,50,60,1,30,12,774,3.9361,59.0658,15
unit_F1_m50_C60_a30_13.txt,50,60,1,30,13,816,4.3229,67.6852,14.38
unit_F1_m50_C60_a30_14.txt,50,60,1,30,14,846,4.2319,50.0661,17.19
unit_F1_m50_C60_a30_15.txt,50,60,1,30,15,836,5.2094,48.5727,45.63
unit_F1_m50_C60_a30_16.txt,50,60,1,30,16,726,4.1964,52.1631,19.38
unit_F1_m50_C60_a30_17.txt,50,60,1,30,17,778,4.2639,48.0092,14.69
unit_F1_m50_C60_a30_18.txt,50,60,1,30,18,754,4.2479,46.3939,21.72
unit_F1_m50_C60_a30_19.txt,50,60,1,30,19,816,4.2175,56.2354,18.75
unit_F1_m50_C60_a30_20.txt,50,60,1,30,20,814,4.1222,52.0651,9.53
unit_F1_m50_C60_a30_21.txt,50,60,1,30,21,792,4.3261,51.5221,17.19
unit_F1_m50_C60_a30_22.txt,50,60,1,30,22,718,4.2446,57.2094,30.78
unit_F1_m50_C60_a30_23.txt,50,60,1,30,23,808,4.2239,52.8252,16.25
unit_F1_m50_C60_a30_24.txt,50,60,1,30,24,730,4.2374,51.4371,17.97
unit_F1_m50_C60_a30_25.txt,50,60,1,30,25,854,4.3317,61.5966,29.84
unit_F1_m50_C60_a30_26.txt,50,60,1,30,26,762,4.1766,50.7998,14.38
unit_F1_m50_C60_a30_27.txt,50,60,1,30,27,798,4.2151,48.5593,7.81
unit_F1_m50_C60_a30_28.txt,50,60,1,30,28,822,4.3222,57.6726,14.38
unit_F1_m50_C60_a30_29.txt,50,60,1,30,29,722,4.0759,51.9136,11.88
unit_F1_m50_C60_a30_30.txt,50,60,1,30,30,860,4.2965,70.4303,34.84
unit_F1_m50_C60_a30_31.txt,50,60,1,30,31,850,4.2146,49.5673,18.59
unit_F1_m50_C60_a30_32.txt,50,60,1,30,32,758,4.0121,50.4747,15.31
unit_F1_m50_C60_a30_33.txt,50,60,1,30,33,756,4.2508,64.383,13.13
unit_F1_m50_C60_a30_34.txt,50,60,1,30,34,804,4.2209,68.8865,8.13
unit_F1_m50_C60_a30_35.txt,50,60,1,30,35,944,4.2793,62.6039,29.38
unit_F1_m50_C60_a30_36.txt,50,60,1,30,36,814,4.1894,52.2017,33.28
unit_F1_m50_C60_a30_37.txt,50,60,1,30,37,780,4.2638,50.0033,23.91
unit_F1_m50_C60_a30_38.txt,50,60,1,30,38,758,4.263,53.7751,13.91
unit_F1_m50_C60_a30_39.txt,50,60,1,30,39,846,4.3111,56.8022,15.47
unit_F1_m50_C60_a30_40.txt,50,60,1,30,40,714,4.1133,58.9533,27.19
unit_F1_m50_C60_a30_41.txt,50,60,1,30,41,826,4.2777,57.4061,14.38
unit_F1_m50_C60_a30_42.txt,50,60,1,30,42,778,4.4134,64.1743,21.25
unit_F1_m50_C60_a30_43.txt,50,60,1,30,43,836,4.0226,51.8798,28.44
unit_F1_m50_C60_a30_44.txt,50,60,1,30,44,818,4.2766,53.4915,39.53
unit_F1_m50_C60_a30_45.txt,50,60,1,30,45,800,4.4577,49.2475,14.53
unit_F1_m50_C60_a30_46.txt,50,60,1,30,46,860,4.3521,55.4428,18.75
unit_F1_m50_C60_a30_47.txt,50,60,1,30,47,838,4.1449,53.2616,21.72
unit_F1_m50_C60_a30_48.txt,50,60,1,30,48,890,4.1943,67.977,25.31
unit_F1_m50_C60_a30_49.txt,50,60,1,30,49,842,4.449,59.303,17.97
unit_F1_m50_C180_a3_0.txt,50,180,1,3,0,554,3.4961,18.999,0.63
unit_F1_m50_C180_a3_1.txt,50,180,1,3,1,426,2.9478,8.244,0.78
unit_F1_m50_C180_a3_2.txt,50,180,1,3,2,490,3.0814,11.7977,0.31
unit_F1_m50_C180_a3_3.txt,50,180,1,3,3,448,3.6029,31.2534,0.63
unit_F1_m50_C180_a3_4.txt,50,180,1,3,4,532,3.2498,12.6068,0.47
unit_F1_m50_C180_a3_5.txt,50,180,1,3,5,536,3.0478,10.8358,0.31
unit_F1_m50_C180_a3_6.txt,50,180,1,3,6,544,3.404,13.5916,0.31
unit_F1_m50_C180_a3_7.txt,50,180,1,3,7,392,2.5425,7.2152,0.31
unit_F1_m50_C180_a3_8.txt,50,180,1,3,8,438,2.7922,8.2663,0.47
unit_F1_m50_C180_a3_9.txt,50,180,1,3,9,310,2.6642,7.8056,0.78
unit_F1_m50_C180_a3_10.txt,50,180,1,3,10,528,3.5228,17.0889,0.31
unit_F1_m50_C180_a3_11.txt,50,180,1,3,11,568,3.8071,21.4043,0.63
unit_F1_m50_C180_a3_12.txt,50,180,1,3,12,418,3.1246,9.4836,0.63
unit_F1_m50_C180_a3_13.txt,50,180,1,3,13,378,3.2472,13.4166,0.31
unit_F1_m50_C180_a3_14.txt,50,180,1,3,14,492,3.4053,22.1002,0
unit_F1_m50_C180_a3_15.txt,50,180,1,3,15,302,3.3508,15.1058,0.31
unit_F1_m50_C180_a3_16.txt,50,180,1,3,16,472,3.1799,11.6041,0.63
unit_F1_m50_C180_a3_17.txt,50,180,1,3,17,484,3.4076,14.0751,0.78
unit_F1_m50_C180_a3_18.txt,50,180,1,3,18,554,3.6392,26.9406,0.47
unit_F1_m50_C180_a3_19.txt,50,180,1,3,19,448,2.7715,7.4126,0.31
unit_F1_m50_C180_a3_20.txt,50,180,1,3,20,346,3.1464,12.5884,0.31
unit_F1_m50_C180_a3_21.txt,50,180,1,3,21,598,3.6255,17.465,0.16
unit_F1_m50_C180_a3_22.txt,50,180,1,3,22,362,2.7783,8.7435,0.63
unit_F1_m50_C180_a3_23.txt,50,180,1,3,23,594,3.2833,16.8845,0.63
unit_F1_m50_C180_a3_24.txt,50,180,1,3,24,606,3.6101,17.9918,0.78
unit_F1_m50_C180_a3_25.txt,50,180,1,3,25,610,3.0602,10.9467,0.16
unit_F1_m50_C180_a3_26.txt,50,180,1,3,26,330,2.9078,9.6787,0.47
unit_F1_m50_C180_a3_27.txt,50,180,1,3,27,558,3.1023,9.0305,0.47
unit_F1_m50_C180_a3_28.txt,50,180,1,3,28,434,3.8809,22.2904,0.63
unit_F1_m50_C180_a3_29.txt,50,180,1,3,29,490,3.1684,9.7959,0.63
unit_F1_m50_C180_a3_30.txt,50,180,1,3,30,592,2.8123,7.0222,0.31
unit_F1_m50_C180_a3_31.txt,50,180,1,3,31,536,3.3011,13.7096,0.31
unit_F1_m50_C180_a3_32.txt,50,180,1,3,32,460,3.1753,12.9762,0.78
unit_F1_m50_C180_a3_33.txt,50,180,1,3,33,640,3.5618,16.4357,0.63
unit_F1_m50_C180_a3_34.txt,50,180,1,3,34,254,4.0242,32.8252,0.47
unit_F1_m50_C180_a3_35.txt,50,180,1,3,35,318,3.0914,19.4924,0.31
unit_F1_m50_C180_a3_36.txt,50,180,1,3,36,424,3.8065,24.2819,0.47
unit_F1_m50_C180_a3_37.txt,50,180,1,3,37,496,3.1338,11.9772,0.78
unit_F1_m50_C180_a3_38.txt,50,180,1,3,38,314,2.6996,7.2504,0.47
unit_F1_m50_C180_a3_39.txt,50,180,1,3,39,256,2.6048,5.7962,1.09
unit_F1_m50_C180_a3_40.txt,50,180,1,3,40,504,3.4688,14.4778,0.31
unit_F1_m50_C180_a3_41.txt,50,180,1,3,41,510,3.0058,8.8425,0.47
unit_F1_m50_C180_a3_42.txt,50,180,1,3,42,644,3.3238,11.4211,0.16
unit_F1_m50_C180_a3_43.txt,50,180,1,3,43,510,3.7239,19.7964,0.31
unit_F1_m50_C180_a3_44.txt,50,180,1,3,44,578,3.5046,16.4251,0.31
unit_F1_m50_C180_a3_45.txt,50,180,1,3,45,298,3.6852,21.0643,0.47
unit_F1_m50_C180_a3_46.txt,50,180,1,3,46,298,3.1537,11.1602,0.63
unit_F1_m50_C180_a3_47.txt,50,180,1,3,47,420,2.7855,7.9099,0.63
unit_F1_m50_C180_a3_48.txt,50,180,1,3,48,350,3.2906,11.8363,0.16
unit_F1_m50_C180_a3_49.txt,50,180,1,3,49,606,3.5234,17.8665,0.63
unit_F1_m50_C180_a7_0.txt,50,180,1,7,0,762,3.8312,39.0458,0.63
unit_F1_m50_C180_a7_1.txt,50,180,1,7,1,722,3.0567,12.0392,0.63
unit_F1_m50_C180_a7_2.txt,50,180,1,7,2,600,3.1446,15.7104,0.63
unit_F1_m50_C180_a7_3.txt,50,180,1,7,3,590,3.799,38.9082,0.16
unit_F1_m50_C180_a7_4.txt,50,180,1,7,4,702,3.5054,18.3664,0.31
unit_F1_m50_C180_a7_5.txt,50,180,1,7,5,738,3.319,17.4207,0.63
unit_F1_m50_C180_a7_6.txt,50,180,1,7,6,686,3.3474,15.9794,0.78
unit_F1_m50_C180_a7_7.txt,50,180,1,7,7,598,2.9618,11.4198,0.63
unit_F1_m50_C180_a7_8.txt,50,180,1,7,8,732,3.7589,23.639,0.47
unit_F1_m50_C180_a7_9.txt,50,180,1,7,9,744,3.5376,25.0112,0.78
unit_F1_m50_C180_a7_10.txt,50,180,1,7,10,710,3.7939,22.2826,0.78
unit_F1_m50_C180_a7_11.txt,50,180,1,7,11,716,3.9004,23.6376,0.47
unit_F1_m50_C180_a7_12.txt,50,180,1,7,12,538,3.8119,19.6051,0.63
unit_F1_m50_C180_a7_13.txt,50,180,1,7,13,696,3.6037,22.163,0.63
unit_F1_m50_C180_a7_14.txt,50,180,1,7,14,700,3.9354,27.7092,0.47
unit_F1_m50_C180_a7_15.txt,50,180,1,7,15,684,3.5769,19.6225,0.78
unit_F1_m50_C180_a7_16.txt,50,180,1,7,16,636,3.5563,23.1041,0.63
unit_F1_m50_C180_a7_17.txt,50,180,1,7,17,602,3.3974,17.4461,0
unit_F1_m50_C180_a7_18.txt,50,180,1,7,18,660,3.9515,26.5655,0.16
unit_F1_m50_C180_a7_19.txt,50,180,1,7,19,616,3.3928,17.3576,0.47
unit_F1_m50_C180_a7_20.txt,50,180,1,7,20,610,3.3818,25.5533,0.78
unit_F1_m50_C180_a7_21.txt,50,180,1,7,21,722,3.8088,23.972,0.47
unit_F1_m50_C180_a7_22.txt,50,180,1,7,22,712,3.4809,31.0925,0.31
unit_F1_m50_C180_a7_23.txt,50,180,1,7,23,840,3.9047,24.5076,0.63
unit_F1_m50_C180_a7_24.txt,50,180,1,7,24,680,3.7642,21.5576,0.78
unit_F1_m50_C180_a7_25.txt,50,180,1,7,25,800,3.8418,24.9973,0.94
unit_F1_m50_C180_a7_26.txt,50,180,1,7,26,740,3.3142,28.5253,0.78
unit_F1_m50_C180_a7_27.txt,50,180,1,7,27,622,3.6502,22.2643,0.16
unit_F1_m50_C180_a7_28.txt,50,180,1,7,28,738,3.901,27.684,0.47
unit_F1_m50_C180_a7_29.txt,50,180,1,7,29,720,3.4418,16.4409,1.09
unit_F1_m50_C180_a7_30.txt,50,180,1,7,30,752,2.9979,15.1544,1.25
unit_F1_m50_C180_a7_31.txt,50,180,1,7,31,640,3.9295,35.7827,0.94
unit_F1_m50_C180_a7_32.txt,50,180,1,7,32,734,3.6081,26.5815,1.09
unit_F1_m50_C180_a7_33.txt,50,180,1,7,33,734,3.9366,30.5171,1.56
unit_F1_m50_C180_a7_34.txt,50,180,1,7,34,654,4.0516,30.8018,0.94
unit_F1_m50_C180_a7_35.txt,50,180,1,7,35,704,3.6827,22.0016,0.94
unit_F1_m50_C180_a7_36.txt,50,180,1,7,36,616,3.815,36.0198,0.63
unit_F1_m50_C180_a7_37.txt,50,180,1,7,37,548,3.0995,15.3301,0.31
unit_F1_m50_C180_a7_38.txt,50,180,1,7,38,656,3.4394,18.4661,0.47
unit_F1_m50_C180_a7_39.txt,50,180,1,7,39,686,3.2852,14.8728,0.63
unit_F1_m50_C180_a7_40.txt,50,180,1,7,40,724,3.802,25.6545,0.16
unit_F1_m50_C180_a7_41.txt,50,180,1,7,41,666,3.4881,18.8529,0.63
unit_F1_m50_C180_a7_42.txt,50,180,1,7,42,746,3.5595,21.1527,1.09
unit_F1_m50_C180_a7_43.txt,50,180,1,7,43,722,3.7915,25.0869,0.47
unit_F1_m50_C180_a7_44.txt,50,180,1,7,44,706,3.5881,19.6159,0.63
unit_F1_m50_C180_a7_45.txt,50,180,1,7,45,544,3.6318,34.183,0.78
unit_F1_m50_C180_a7_46.txt,50,180,1,7,46,566,3.3266,19.1005,0.78
unit_F1_m50_C180_a7_47.txt,50,180,1,7,47,766,2.8416,10.4988,0.78
unit_F1_m50_C180_a7_48.txt,50,180,1,7,48,796,3.7875,32.5061,0.94
unit_F1_m50_C180_a7_49.txt,50,180,1,7,49,780,3.9615,27.3989,0.94
unit_F1_m50_C180_a15_0.txt,50,180,1,15,0,1128,3.798,33.5556,6.56
unit_F1_m50_C180_a15_1.txt,50,180,1,15,1,996,3.7561,32.9653,7.34
unit_F1_m50_C180_a15_2.txt,50,180,1,15,2,1038,3.717,32.716,9.06
unit_F1_m50_C180_a15_3.txt,50,180,1,15,3,1056,3.877,36.9643,5.47
unit_F1_m50_C180_a15_4.txt,50,180,1,15,4,1048,3.9582,38.6191,6.09
unit_F1_m50_C180_a15_5.txt,50,180,1,15,5,1202,3.845,51.4267,5.78
unit_F1_m50_C180_a15_6.txt,50,180,1,15,6,1034,4.0954,52.4851,7.34
unit_F1_m50_C180_a15_7.txt,50,180,1,15,7,1154,4.0345,37.0793,6.88
unit_F1_m50_C180_a15_8.txt,50,180,1,15,8,1128,3.9757,36.0132,4.53
unit_F1_m50_C180_a15_9.txt,50,180,1,15,9,1128,4.1709,45.3311,7.03
unit_F1_m50_C180_a15_10.txt,50,180,1,15,10,1116,3.9303,34.311,6.88
unit_F1_m50_C180_a15_11.txt,50,180,1,15,11,934,4.0444,33.6321,8.75
unit_F1_m50_C180_a15_12.txt,50,180,1,15,12,832,4.0054,38.1968,7.81
unit_F1_m50_C180_a15_13.txt,50,180,1,15,13,1064,4.0442,55.0374,5.47
unit_F1_m50_C180_a15_14.txt,50,180,1,15,14,1052,4.0674,51.8742,5.94
unit_F1_m50_C180_a15_15.txt,50,180,1,15,15,1132,3.9108,40.3219,9.53
unit_F1_m50_C180_a15_16.txt,50,180,1,15,16,974,3.7629,51.5836,3.75
unit_F1_m50_C180_a15_17.txt,50,180,1,15,17,1060,4.0459,47.2556,8.28
unit_F1_m50_C180_a15_18.txt,50,180,1,15,18,1060,4.1257,39.705,4.38
unit_F1_m50_C180_a15_19.txt,50,180,1,15,19,1106,3.5591,27.7371,4.22
unit_F1_m50_C180_a15_20.txt,50,180,1,15,20,1050,3.6059,25.5269,7.34
unit_F1_m50_C180_a15_21.txt,50,180,1,15,21,1114,3.915,55.1467,4.38
unit_F1_m50_C180_a15_22.txt,50,180,1,15,22,1014,4.0776,48.14,15.31
unit_F1_m50_C180_a15_23.txt,50,180,1,15,23,1122,3.8311,46.9329,7.81
unit_F1_m50_C180_a15_24.txt,50,180,1,15,24,1094,3.9611,35.8077,4.22
unit_F1_m50_C180_a15_25.txt,50,180,1,15,25,1098,4.0381,47.4823,8.13
unit_F1_m50_C180_a15_26.txt,50,180,1,15,26,1186,4.0892,51.1389,8.75
unit_F1_m50_C180_a15_27.txt,50,180,1,15,27,1016,4.0074,34.1728,13.59
unit_F1_m50_C180_a15_28.txt,50,180,1,15,28,1194,3.9836,39.9072,6.09
unit_F1_m50_C180_a15_29.txt,50,180,1,15,29,1202,3.5552,28.6374,8.28
unit_F1_m50_C180_a15_30.txt,50,180,1,15,30,1076,3.5444,32.608,13.91
unit_F1_m50_C180_a15_31.txt,50,180,1,15,31,994,4.1803,36.998,5.94
unit_F1_m50_C180_a15_32.txt,50,180,1,15,32,1032,3.7836,52.7174,4.84
unit_F1_m50_C180_a15_33.txt,50,180,1,15,33,980,4.1724,49.3513,5.78
unit_F1_m50_C180_a15_34.txt,50,180,1,15,34,1086,4.1485,42.5582,5.16
unit_F1_m50_C180_a15_35.txt,50,180,1,15,35,1016,3.8994,32.9247,3.59
unit_F1_m50_C180_a15_36.txt,50,180,1,15,36,1022,3.997,37.3879,7.19
unit_F1_m50_C180_a15_37.txt,50,180,1,15,37,946,3.8344,46.2192,5.94
unit_F1_m50_C180_a15_38.txt,50,180,1,15,38,978,4.0116,43.1385,10.78
unit_F1_m50_C180_a15_39.txt,50,180,1,15,39,1022,3.8764,48.3158,11.09
unit_F1_m50_C180_a15_40.txt,50,180,1,15,40,1232,4.0583,40.9844,4.06
unit_F1_m50_C180_a15_41.txt,50,180,1,15,41,1030,3.6465,33.6465,5.78
unit_F1_m50_C180_a15_42.txt,50,180,1,15,42,1068,4.1595,44.1264,6.56
unit_F1_m50_C180_a15_43.txt,50,180,1,15,43,1008,4.1201,40.1012,5.47
unit_F1_m50_C180_a15_44.txt,50,180,1,15,44,1048,4.0454,38.7411,5
unit_F1_m50_C180_a15_45.txt,50,180,1,15,45,922,3.948,35.059,9.69
unit_F1_m50_C180_a15_46.txt,50,180,1,15,46,1124,4.0921,43.2205,6.72
unit_F1_m50_C180_a15_47.txt,50,180,1,15,47,1120,4.2485,35.0278,9.06
unit_F1_m50_C180_a15_48.txt,50,180,1,15,48,1186,4.0762,41.3011,3.59
unit_F1_m50_C180_a15_49.txt,50,180,1,15,49,1082,4.0276,57.1,6.41
unit_F1_m50_C180_a30_0.txt,50,180,1,30,0,1932,4.3467,71.5158,14.22
unit_F1_m50_C180_a30_1.txt,50,180,1,30,1,1548,4.3301,67.8028,21.41
unit_F1_m50_C180_a30_2.txt,50,180,1,30,2,1746,4.281,67.4919,152.19
unit_F1_m50_C180_a30_3.txt,50,180,1,30,3,1768,4.359,60.2212,39.84
unit_F1_m50_C180_a30_4.txt,50,180,1,30,4,1820,4.1012,80.4743,149.38
unit_F1_m50_C180_a30_5.txt,50,180,1,30,5,1866,3.978,60.8425,22.19
unit_F1_m50_C180_a30_6.txt,50,180,1,30,6,1602,4.3318,75.3701,15.94
unit_F1_m50_C180_a30_7.txt,50,180,1,30,7,1982,4.2116,55.4486,20.63
unit_F1_m50_C180_a30_8.txt,50,180,1,30,8,1536,4.2471,46.9767,10.31
unit_F1_m50_C180_a30_9.txt,50,180,1,30,9,1900,4.2817,61.599,13.91
unit_F1_m50_C180_a30_10.txt,50,180,1,30,10,1634,4.204,58.5471,15.47
unit_F1_m50_C180_a30_11.txt,50,180,1,30,11,1506,4.2547,53.1335,20.47
unit_F1_m50_C180_a30_12.txt,50,180,1,30,12,1594,4.1755,54.0139,25.78
unit_F1_m50_C180_a30_13.txt,50,180,1,30,13,1860,4.2852,54.9727,70.63
unit_F1_m50_C180_a30_14.txt,50,180,1,30,14,1664,4.2119,54.0369,19.22
unit_F1_m50_C180_a30_15.txt,50,180,1,30,15,1956,4.3157,56.6839,30
unit_F1_m50_C180_a30_16.txt,50,180,1,30,16,1522,4.283,58.7853,9.84
unit_F1_m50_C180_a30_17.txt,50,180,1,30,17,1728,4.2237,57.998,12.5
unit_F1_m50_C180_a30_18.txt,50,180,1,30,18,1606,4.1781,48.7418,10.78
unit_F1_m50_C180_a30_19.txt,50,180,1,30,19,1656,4.1336,48.7404,13.91
unit_F1_m50_C180_a30_20.txt,50,180,1,30,20,1694,4.2376,52.8595,21.88
unit_F1_m50_C180_a30_21.txt,50,180,1,30,21,1784,4.1097,52.3355,11.56
unit_F1_m50_C180_a30_22.txt,50,180,1,30,22,1730,4.3152,53.502,15.78
unit_F1_m50_C180_a30_23.txt,50,180,1,30,23,1798,4.0794,50.5076,19.53
unit_F1_m50_C180_a30_24.txt,50,180,1,30,24,1664,4.0466,50.6687,29.22
unit_F1_m50_C180_a30_25.txt,50,180,1,30,25,1764,4.1235,60.6091,17.19
unit_F1_m50_C180_a30_26.txt,50,180,1,30,26,1776,4.1595,65.2719,22.81
unit_F1_m50_C180_a30_27.txt,50,180,1,30,27,1452,4.3294,49.5284,9.38
unit_F1_m50_C180_a30_28.txt,50,180,1,30,28,1730,4.3373,52.9109,17.66
unit_F1_m50_C180_a30_29.txt,50,180,1,30,29,1840,4.086,49.3333,30
unit_F1_m50_C180_a30_30.txt,50,180,1,30,30,1796,4.2676,60.4448,24.69
unit_F1_m50_C180_a30_31.txt,50,180,1,30,31,1608,4.2132,52.8987,15.94
unit_F1_m50_C180_a30_32.txt,50,180,1,30,32,1870,4.1253,56.2952,20.63
unit_F1_m50_C180_a30_33.txt,50,180,1,30,33,1740,4.155,60.4171,10
unit_F1_m50_C180_a30_34.txt,50,180,1,30,34,1768,4.2362,58.5769,22.5
unit_F1_m50_C180_a30_35.txt,50,180,1,30,35,1708,3.998,48.8633,12.5
unit_F1_m50_C180_a30_36.txt,50,180,1,30,36,1538,4.2681,62.157,10.94
unit_F1_m50_C180_a30_37.txt,50,180,1,30,37,1586,4.3536,64.2671,24.38
unit_F1_m50_C180_a30_38.txt,50,180,1,30,38,1652,4.2037,59.8019,38.28
unit_F1_m50_C180_a30_39.txt,50,180,1,30,39,1856,4.1673,62.836,17.19
unit_F1_m50_C180_a30_40.txt,50,180,1,30,40,1820,4.2686,48.946,31.09
unit_F1_m50_C180_a30_41.txt,50,180,1,30,41,1682,4.1338,54.5515,39.38
unit_F1_m50_C180_a30_42.txt,50,180,1,30,42,1550,4.3155,54.1773,18.28
unit_F1_m50_C180_a30_43.txt,50,180,1,30,43,1654,4.3749,67.1461,18.59
unit_F1_m50_C180_a30_44.txt,50,180,1,30,44,1552,4.1848,49.846,54.06
unit_F1_m50_C180_a30_45.txt,50,180,1,30,45,1784,4.2913,58.3347,60.63
unit_F1_m50_C180_a30_46.txt,50,180,1,30,46,1814,4.3045,56.2441,15.47
unit_F1_m50_C180_a30_47.txt,50,180,1,30,47,1882,4.2841,68.3679,25
unit_F1_m50_C180_a30_48.txt,50,180,1,30,48,1726,4.1658,57.8365,29.53
unit_F1_m50_C180_a30_49.txt,50,180,1,30,49,1630,4.2201,53.9716,11.25
