filename,demand,num_aisles,num_cells,alpha,articles,seed,objective,NF time [ms],GTSP time [ms]
unit_F2_m5_C30_a3_0.txt,unit,5,30,2,3,0,56,29.642,15
unit_F2_m5_C30_a3_1.txt,unit,5,30,2,3,1,86,28.7987,6
unit_F2_m5_C30_a3_2.txt,unit,5,30,2,3,2,38,5.8056,3
unit_F2_m5_C30_a3_3.txt,unit,5,30,2,3,3,62,22.4,5
unit_F2_m5_C30_a3_4.txt,unit,5,30,2,3,4,80,3.0295,3
unit_F2_m5_C30_a3_5.txt,unit,5,30,2,3,5,54,49.5019,7
unit_F2_m5_C30_a3_6.txt,unit,5,30,2,3,6,38,20.1341,5
unit_F2_m5_C30_a3_7.txt,unit,5,30,2,3,7,54,56.3644,4
unit_F2_m5_C30_a3_8.txt,unit,5,30,2,3,8,56,33.0347,5
unit_F2_m5_C30_a3_9.txt,unit,5,30,2,3,9,50,26.3771,11
unit_F2_m5_C30_a3_10.txt,unit,5,30,2,3,10,36,18.772,4
unit_F2_m5_C30_a3_11.txt,unit,5,30,2,3,11,30,10.5266,4
unit_F2_m5_C30_a3_12.txt,unit,5,30,2,3,12,52,7.8868,3
unit_F2_m5_C30_a3_13.txt,unit,5,30,2,3,13,60,17.3475,4
unit_F2_m5_C30_a3_14.txt,unit,5,30,2,3,14,30,18.4639,4
unit_F2_m5_C30_a3_15.txt,unit,5,30,2,3,15,42,56.1612,6
unit_F2_m5_C30_a3_16.txt,unit,5,30,2,3,16,44,34.0437,5
unit_F2_m5_C30_a3_17.txt,unit,5,30,2,3,17,44,18.7415,4
unit_F2_m5_C30_a3_18.txt,unit,5,30,2,3,18,34,22.2656,5
unit_F2_m5_C30_a3_19.txt,unit,5,30,2,3,19,76,12.5835,4
unit_F2_m5_C30_a3_20.txt,unit,5,30,2,3,20,26,7.7766,3
unit_F2_m5_C30_a3_21.txt,unit,5,30,2,3,21,52,43.6962,6
unit_F2_m5_C30_a3_22.txt,unit,5,30,2,3,22,38,43.5437,5
unit_F2_m5_C30_a3_23.txt,unit,5,30,2,3,23,50,25.4237,5
unit_F2_m5_C30_a3_24.txt,unit,5,30,2,3,24,66,16.485,3
unit_F2_m5_C30_a3_25.txt,unit,5,30,2,3,25,62,10.4397,4
unit_F2_m5_C30_a3_26.txt,unit,5,30,2,3,26,50,25.4942,4
unit_F2_m5_C30_a3_27.txt,unit,5,30,2,3,27,38,12.7119,4
unit_F2_m5_C30_a3_28.txt,unit,5,30,2,3,28,40,16.8021,7
unit_F2_m5_C30_a3_29.txt,unit,5,30,2,3,29,58,18.3311,3
unit_F2_m5_C30_a3_30.txt,unit,5,30,2,3,30,54,3.3696,3
unit_F2_m5_C30_a3_31.txt,unit,5,30,2,3,31,48,5.2886,4
unit_F2_m5_C30_a3_32.txt,unit,5,30,2,3,32,52,17.3865,3
unit_F2_m5_C30_a3_33.txt,unit,5,30,2,3,33,34,18.2829,4
unit_F2_m5_C30_a3_34.txt,unit,5,30,2,3,34,38,30.7186,4
unit_F2_m5_C30_a3_35.txt,unit,5,30,2,3,35,44,9.569,3
unit_F2_m5_C30_a3_36.txt,unit,5,30,2,3,36,60,17.5062,3
unit_F2_m5_C30_a3_37.txt,unit,5,30,2,3,37,64,14.954,4
unit_F2_m5_C30_a3_38.txt,unit,5,30,2,3,38,48,14.2295,4
unit_F2_m5_C30_a3_39.txt,unit,5,30,2,3,39,44,20.3261,5
unit_F2_m5_C30_a3_40.txt,unit,5,30,2,3,40,34,61.7351,8
unit_F2_m5_C30_a3_41.txt,unit,5,30,2,3,41,50,38.6251,4
unit_F2_m5_C30_a3_42.txt,unit,5,30,2,3,42,44,18.9529,3
unit_F2_m5_C30_a3_43.txt,unit,5,30,2,3,43,64,4.1463,3
unit_F2_m5_C30_a3_44.txt,unit,5,30,2,3,44,36,16.416,6
unit_F2_m5_C30_a3_45.txt,unit,5,30,2,3,45,54,17.2548,3
unit_F2_m5_C30_a3_46.txt,unit,5,30,2,3,46,38,37.6636,4
unit_F2_m5_C30_a3_47.txt,unit,5,30,2,3,47,26,8.6146,2
unit_F2_m5_C30_a3_48.txt,unit,5,30,2,3,48,50,34.4123,3
unit_F2_m5_C30_a3_49.txt,unit,5,30,2,3,49,78,20.624,5
unit_F2_m5_C30_a7_0.txt,unit,5,30,2,7,0,94,42.0366,44
unit_F2_m5_C30_a7_1.txt,unit,5,30,2,7,1,88,29.5511,34
unit_F2_m5_C30_a7_2.txt,unit,5,30,2,7,2,74,43.1016,9
unit_F2_m5_C30_a7_3.txt,unit,5,30,2,7,3,62,34.1897,36
unit_F2_m5_C30_a7_4.txt,unit,5,30,2,7,4,86,32.8819,7
unit_F2_m5_C30_a7_5.txt,unit,5,30,2,7,5,68,35.118,207
unit_F2_m5_C30_a7_6.txt,unit,5,30,2,7,6,48,31.5952,22
unit_F2_m5_C30_a7_7.txt,unit,5,30,2,7,7,90,29.1594,14
unit_F2_m5_C30_a7_8.txt,unit,5,30,2,7,8,62,31.8911,47
unit_F2_m5_C30_a7_9.txt,unit,5,30,2,7,9,88,16.3305,9
unit_F2_m5_C30_a7_10.txt,unit,5,30,2,7,10,64,40.8721,22
unit_F2_m5_C30_a7_11.txt,unit,5,30,2,7,11,44,47.6731,24
unit_F2_m5_C30_a7_12.txt,unit,5,30,2,7,12,86,16.9599,5
unit_F2_m5_C30_a7_13.txt,unit,5,30,2,7,13,76,21.9074,18
unit_F2_m5_C30_a7_14.txt,unit,5,30,2,7,14,86,32.1352,68
unit_F2_m5_C30_a7_15.txt,unit,5,30,2,7,15,78,29.0516,43
unit_F2_m5_C30_a7_16.txt,unit,5,30,2,7,16,56,39.1412,76
unit_F2_m5_C30_a7_17.txt,unit,5,30,2,7,17,82,23.6583,17
unit_F2_m5_C30_a7_18.txt,unit,5,30,2,7,18,78,40.9054,105
unit_F2_m5_C30_a7_19.txt,unit,5,30,2,7,19,82,23.7131,13
unit_F2_m5_C30_a7_20.txt,unit,5,30,2,7,20,52,35.4593,27
unit_F2_m5_C30_a7_21.txt,unit,5,30,2,7,21,82,82.9955,148
unit_F2_m5_C30_a7_22.txt,unit,5,30,2,7,22,82,44.1819,16
unit_F2_m5_C30_a7_23.txt,unit,5,30,2,7,23,82,52.4967,41
unit_F2_m5_C30_a7_24.txt,unit,5,30,2,7,24,102,25.0146,11
unit_F2_m5_C30_a7_25.txt,unit,5,30,2,7,25,84,30.7949,25
unit_F2_m5_C30_a7_26.txt,unit,5,30,2,7,26,88,28.4523,24
unit_F2_m5_C30_a7_27.txt,unit,5,30,2,7,27,86,49.555,100
unit_F2_m5_C30_a7_28.txt,unit,5,30,2,7,28,58,55.3398,84
unit_F2_m5_C30_a7_29.txt,unit,5,30,2,7,29,88,25.9659,14
unit_F2_m5_C30_a7_30.txt,unit,5,30,2,7,30,70,27.2339,17
unit_F2_m5_C30_a7_31.txt,unit,5,30,2,7,31,54,42.5064,46
unit_F2_m5_C30_a7_32.txt,unit,5,30,2,7,32,62,46.1867,44
unit_F2_m5_C30_a7_33.txt,unit,5,30,2,7,33,62,32.284,27
unit_F2_m5_C30_a7_34.txt,unit,5,30,2,7,34,78,45.0484,28
unit_F2_m5_C30_a7_35.txt,unit,5,30,2,7,35,82,25.8097,26
unit_F2_m5_C30_a7_36.txt,unit,5,30,2,7,36,74,50.1068,49
unit_F2_m5_C30_a7_37.txt,unit,5,30,2,7,37,64,47.1509,28
unit_F2_m5_C30_a7_38.txt,unit,5,30,2,7,38,60,24.1878,34
unit_F2_m5_C30_a7_39.txt,unit,5,30,2,7,39,50,63.2238,56
unit_F2_m5_C30_a7_40.txt,unit,5,30,2,7,40,66,30.9331,95
unit_F2_m5_C30_a7_41.txt,unit,5,30,2,7,41,50,38.195,14
unit_F2_m5_C30_a7_42.txt,unit,5,30,2,7,42,62,29.664,23
unit_F2_m5_C30_a7_43.txt,unit,5,30,2,7,43,88,36.7031,17
unit_F2_m5_C30_a7_44.txt,unit,5,30,2,7,44,62,53.5991,39
unit_F2_m5_C30_a7_45.txt,unit,5,30,2,7,45,60,69.6232,50
unit_F2_m5_C30_a7_46.txt,unit,5,30,2,7,46,60,30.8298,79
unit_F2_m5_C30_a7_47.txt,unit,5,30,2,7,47,46,70.878,60
unit_F2_m5_C30_a7_48.txt,unit,5,30,2,7,48,58,30.729,18
unit_F2_m5_C30_a7_49.txt,unit,5,30,2,7,49,82,26.7183,22
unit_F2_m5_C30_a15_0.txt,unit,5,30,2,15,0,110,89.2147,3077
unit_F2_m5_C30_a15_1.txt,unit,5,30,2,15,1,88,73.8465,224
unit_F2_m5_C30_a15_2.txt,unit,5,30,2,15,2,94,43.7711,159
unit_F2_m5_C30_a15_3.txt,unit,5,30,2,15,3,86,57.9337,1243
unit_F2_m5_C30_a15_4.txt,unit,5,30,2,15,4,108,72.7604,679
unit_F2_m5_C30_a15_5.txt,unit,5,30,2,15,5,94,80.5829,2303
unit_F2_m5_C30_a15_6.txt,unit,5,30,2,15,6,82,84.6531,225
unit_F2_m5_C30_a15_7.txt,unit,5,30,2,15,7,100,68.9521,1261
unit_F2_m5_C30_a15_8.txt,unit,5,30,2,15,8,80,59.7424,379
unit_F2_m5_C30_a15_9.txt,unit,5,30,2,15,9,120,36.811,178
unit_F2_m5_C30_a15_10.txt,unit,5,30,2,15,10,80,128.13,2009
unit_F2_m5_C30_a15_11.txt,unit,5,30,2,15,11,74,72.0574,828
unit_F2_m5_C30_a15_12.txt,unit,5,30,2,15,12,96,62.162,56
unit_F2_m5_C30_a15_13.txt,unit,5,30,2,15,13,90,73.9305,432
unit_F2_m5_C30_a15_14.txt,unit,5,30,2,15,14,98,34.7298,85
unit_F2_m5_C30_a15_15.txt,unit,5,30,2,15,15,84,78.6901,406
unit_F2_m5_C30_a15_16.txt,unit,5,30,2,15,16,80,67.6226,743
unit_F2_m5_C30_a15_17.txt,unit,5,30,2,15,17,116,105.62,1074
unit_F2_m5_C30_a15_18.txt,unit,5,30,2,15,18,106,52.6377,464
unit_F2_m5_C30_a15_19.txt,unit,5,30,2,15,19,98,59.2629,677
unit_F2_m5_C30_a15_20.txt,unit,5,30,2,15,20,88,200.36,998
unit_F2_m5_C30_a15_21.txt,unit,5,30,2,15,21,88,141.577,2349
unit_F2_m5_C30_a15_22.txt,unit,5,30,2,15,22,90,101.4,677
unit_F2_m5_C30_a15_23.txt,unit,5,30,2,15,23,110,60.3472,135
unit_F2_m5_C30_a15_24.txt,unit,5,30,2,15,24,114,65.4991,161
unit_F2_m5_C30_a15_25.txt,unit,5,30,2,15,25,88,48.5698,126
unit_F2_m5_C30_a15_26.txt,unit,5,30,2,15,26,96,51.3359,233
unit_F2_m5_C30_a15_27.txt,unit,5,30,2,15,27,94,63.2816,502
unit_F2_m5_C30_a15_28.txt,unit,5,30,2,15,28,66,102.274,1097
unit_F2_m5_C30_a15_29.txt,unit,5,30,2,15,29,102,35.5311,56
unit_F2_m5_C30_a15_30.txt,unit,5,30,2,15,30,102,91.6677,478
unit_F2_m5_C30_a15_31.txt,unit,5,30,2,15,31,112,46.1635,533
unit_F2_m5_C30_a15_32.txt,unit,5,30,2,15,32,82,61.6298,500
unit_F2_m5_C30_a15_33.txt,unit,5,30,2,15,33,100,53.1941,282
unit_F2_m5_C30_a15_34.txt,unit,5,30,2,15,34,108,47.9215,364
unit_F2_m5_C30_a15_35.txt,unit,5,30,2,15,35,92,53.2265,123
unit_F2_m5_C30_a15_36.txt,unit,5,30,2,15,36,86,65.4849,272
unit_F2_m5_C30_a15_37.txt,unit,5,30,2,15,37,108,61.3401,164
unit_F2_m5_C30_a15_38.txt,unit,5,30,2,15,38,102,103.064,335
unit_F2_m5_C30_a15_39.txt,unit,5,30,2,15,39,76,136.727,555
unit_F2_m5_C30_a15_40.txt,unit,5,30,2,15,40,94,157.794,3873
unit_F2_m5_C30_a15_41.txt,unit,5,30,2,15,41,120,52.1996,134
unit_F2_m5_C30_a15_42.txt,unit,5,30,2,15,42,102,85.2384,875
unit_F2_m5_C30_a15_43.txt,unit,5,30,2,15,43,112,37.4523,109
unit_F2_m5_C30_a15_44.txt,unit,5,30,2,15,44,72,93.8513,318
unit_F2_m5_C30_a15_45.txt,unit,5,30,2,15,45,94,232.903,1496
unit_F2_m5_C30_a15_46.txt,unit,5,30,2,15,46,82,234.097,3995
unit_F2_m5_C30_a15_47.txt,unit,5,30,2,15,47,86,116.288,3952
unit_F2_m5_C30_a15_48.txt,unit,5,30,2,15,48,102,77.1756,306
unit_F2_m5_C30_a15_49.txt,unit,5,30,2,15,49,96,40.7023,405
unit_F2_m5_C30_a30_0.txt,unit,5,30,2,30,0,154,111.312,7017
unit_F2_m5_C30_a30_1.txt,unit,5,30,2,30,1,124,136.762,8586
unit_F2_m5_C30_a30_2.txt,unit,5,30,2,30,2,148,109.252,4201
unit_F2_m5_C30_a30_3.txt,unit,5,30,2,30,3,150,82.9396,6345
unit_F2_m5_C30_a30_4.txt,unit,5,30,2,30,4,128,162.298,11749
unit_F2_m5_C30_a30_5.txt,unit,5,30,2,30,5,138,111.451,16313
unit_F2_m5_C30_a30_6.txt,unit,5,30,2,30,6,114,126.824,3418
unit_F2_m5_C30_a30_7.txt,unit,5,30,2,30,7,136,87.6699,6346
unit_F2_m5_C30_a30_8.txt,unit,5,30,2,30,8,114,107.458,8736
unit_F2_m5_C30_a30_9.txt,unit,5,30,2,30,9,144,97.754,1738
unit_F2_m5_C30_a30_10.txt,unit,5,30,2,30,10,122,206.137,15614
unit_F2_m5_C30_a30_11.txt,unit,5,30,2,30,11,122,238.541,25722
unit_F2_m5_C30_a30_12.txt,unit,5,30,2,30,12,136,85.7241,6146
unit_F2_m5_C30_a30_13.txt,unit,5,30,2,30,13,128,100.875,3852
unit_F2_m5_C30_a30_14.txt,unit,5,30,2,30,14,136,77.1004,7255
unit_F2_m5_C30_a30_15.txt,unit,5,30,2,30,15,138,102.604,5409
unit_F2_m5_C30_a30_16.txt,unit,5,30,2,30,16,134,114.779,6658
unit_F2_m5_C30_a30_17.txt,unit,5,30,2,30,17,132,178.876,4644
unit_F2_m5_C30_a30_18.txt,unit,5,30,2,30,18,148,146.566,7724
unit_F2_m5_C30_a30_19.txt,unit,5,30,2,30,19,126,139.94,4697
unit_F2_m5_C30_a30_20.txt,unit,5,30,2,30,20,114,108.875,7652
unit_F2_m5_C30_a30_21.txt,unit,5,30,2,30,21,146,84.5529,6867
unit_F2_m5_C30_a30_22.txt,unit,5,30,2,30,22,120,176.826,3233
unit_F2_m5_C30_a30_23.txt,unit,5,30,2,30,23,126,90.851,4660
unit_F2_m5_C30_a30_24.txt,unit,5,30,2,30,24,146,85.3383,3675
unit_F2_m5_C30_a30_25.txt,unit,5,30,2,30,25,120,232.356,16547
unit_F2_m5_C30_a30_26.txt,unit,5,30,2,30,26,144,111.792,12954
unit_F2_m5_C30_a30_27.txt,unit,5,30,2,30,27,126,110.931,6330
unit_F2_m5_C30_a30_28.txt,unit,5,30,2,30,28,120,153.48,5661
unit_F2_m5_C30_a30_29.txt,unit,5,30,2,30,29,118,63.807,9602
unit_F2_m5_C30_a30_30.txt,unit,5,30,2,30,30,134,135.756,10850
unit_F2_m5_C30_a30_31.txt,unit,5,30,2,30,31,124,95.6203,5531
unit_F2_m5_C30_a30_32.txt,unit,5,30,2,30,32,122,124.17,2910
unit_F2_m5_C30_a30_33.txt,unit,5,30,2,30,33,134,188.673,8423
unit_F2_m5_C30_a30_34.txt,unit,5,30,2,30,34,140,139.3,5516
unit_F2_m5_C30_a30_35.txt,unit,5,30,2,30,35,128,60.808,829
unit_F2_m5_C30_a30_36.txt,unit,5,30,2,30,36,148,80.1786,4515
unit_F2_m5_C30_a30_37.txt,unit,5,30,2,30,37,158,76.0819,2663
unit_F2_m5_C30_a30_38.txt,unit,5,30,2,30,38,116,197.995,9200
unit_F2_m5_C30_a30_39.txt,unit,5,30,2,30,39,144,139.028,6691
unit_F2_m5_C30_a30_40.txt,unit,5,30,2,30,40,134,235.183,60000
unit_F2_m5_C30_a30_41.txt,unit,5,30,2,30,41,134,88.8987,5776
unit_F2_m5_C30_a30_42.txt,unit,5,30,2,30,42,142,152.032,26633
unit_F2_m5_C30_a30_43.txt,unit,5,30,2,30,43,116,146.735,1694
unit_F2_m5_C30_a30_44.txt,unit,5,30,2,30,44,124,276.582,29429
unit_F2_m5_C30_a30_45.txt,unit,5,30,2,30,45,124,149.103,7110
unit_F2_m5_C30_a30_46.txt,unit,5,30,2,30,46,122,200.912,25487
unit_F2_m5_C30_a30_47.txt,unit,5,30,2,30,47,120,140.118,17828
unit_F2_m5_C30_a30_48.txt,unit,5,30,2,30,48,132,94.1177,6254
unit_F2_m5_C30_a30_49.txt,unit,5,30,2,30,49,126,113.584,12484
unit_F2_m5_C60_a3_0.txt,unit,5,60,2,3,0,106,9.3283,3
unit_F2_m5_C60_a3_1.txt,unit,5,60,2,3,1,74,79.2823,7
unit_F2_m5_C60_a3_2.txt,unit,5,60,2,3,2,102,8.1678,3
unit_F2_m5_C60_a3_3.txt,unit,5,60,2,3,3,128,9.9234,4
unit_F2_m5_C60_a3_4.txt,unit,5,60,2,3,4,84,21.1008,4
unit_F2_m5_C60_a3_5.txt,unit,5,60,2,3,5,80,2.3095,6
unit_F2_m5_C60_a3_6.txt,unit,5,60,2,3,6,56,22.0215,8
unit_F2_m5_C60_a3_7.txt,unit,5,60,2,3,7,108,89.6947,9
unit_F2_m5_C60_a3_8.txt,unit,5,60,2,3,8,46,35.018,3
unit_F2_m5_C60_a3_9.txt,unit,5,60,2,3,9,80,35.8797,4
unit_F2_m5_C60_a3_10.txt,unit,5,60,2,3,10,80,37.5846,4
unit_F2_m5_C60_a3_11.txt,unit,5,60,2,3,11,74,23.13,5
unit_F2_m5_C60_a3_12.txt,unit,5,60,2,3,12,120,8.1652,4
unit_F2_m5_C60_a3_13.txt,unit,5,60,2,3,13,66,41.9469,5
unit_F2_m5_C60_a3_14.txt,unit,5,60,2,3,14,104,27.9256,5
unit_F2_m5_C60_a3_15.txt,unit,5,60,2,3,15,60,26.0828,3
unit_F2_m5_C60_a3_16.txt,unit,5,60,2,3,16,92,18.4925,4
unit_F2_m5_C60_a3_17.txt,unit,5,60,2,3,17,98,21.6088,4
unit_F2_m5_C60_a3_18.txt,unit,5,60,2,3,18,56,49.7095,6
unit_F2_m5_C60_a3_19.txt,unit,5,60,2,3,19,64,51.6398,5
unit_F2_m5_C60_a3_20.txt,unit,5,60,2,3,20,48,45.62,4
unit_F2_m5_C60_a3_21.txt,unit,5,60,2,3,21,100,25.8386,4
unit_F2_m5_C60_a3_22.txt,unit,5,60,2,3,22,98,2.8286,4
unit_F2_m5_C60_a3_23.txt,unit,5,60,2,3,23,134,18.608,5
unit_F2_m5_C60_a3_24.txt,unit,5,60,2,3,24,72,75.6038,10
unit_F2_m5_C60_a3_25.txt,unit,5,60,2,3,25,84,44.1162,12
unit_F2_m5_C60_a3_26.txt,unit,5,60,2,3,26,86,86.2337,7
unit_F2_m5_C60_a3_27.txt,unit,5,60,2,3,27,42,26.6041,4
unit_F2_m5_C60_a3_28.txt,unit,5,60,2,3,28,74,82.3206,13
unit_F2_m5_C60_a3_29.txt,unit,5,60,2,3,29,148,2.1976,3
unit_F2_m5_C60_a3_30.txt,unit,5,60,2,3,30,130,11.939,4
unit_F2_m5_C60_a3_31.txt,unit,5,60,2,3,31,92,13.7582,3
unit_F2_m5_C60_a3_32.txt,unit,5,60,2,3,32,86,24.7475,5
unit_F2_m5_C60_a3_33.txt,unit,5,60,2,3,33,128,22.3689,7
unit_F2_m5_C60_a3_34.txt,unit,5,60,2,3,34,122,2.9407,3
unit_F2_m5_C60_a3_35.txt,unit,5,60,2,3,35,80,15.4473,3
unit_F2_m5_C60_a3_36.txt,unit,5,60,2,3,36,72,38.4096,4
unit_F2_m5_C60_a3_37.txt,unit,5,60,2,3,37,70,7.7841,3
unit_F2_m5_C60_a3_38.txt,unit,5,60,2,3,38,46,5.9669,2
unit_F2_m5_C60_a3_39.txt,unit,5,60,2,3,39,98,1.9107,2
unit_F2_m5_C60_a3_40.txt,unit,5,60,2,3,40,82,21.0068,3
unit_F2_m5_C60_a3_41.txt,unit,5,60,2,3,41,70,8.4718,4
unit_F2_m5_C60_a3_42.txt,unit,5,60,2,3,42,64,36.7481,6
unit_F2_m5_C60_a3_43.txt,unit,5,60,2,3,43,74,29.6703,9
unit_F2_m5_C60_a3_44.txt,unit,5,60,2,3,44,104,8.7368,3
unit_F2_m5_C60_a3_45.txt,unit,5,60,2,3,45,82,27.8358,3
unit_F2_m5_C60_a3_46.txt,unit,5,60,2,3,46,74,22.7625,4
unit_F2_m5_C60_a3_47.txt,unit,5,60,2,3,47,100,17.2912,4
unit_F2_m5_C60_a3_48.txt,unit,5,60,2,3,48,128,7.8882,4
unit_F2_m5_C60_a3_49.txt,unit,5,60,2,3,49,94,24.0269,5
unit_F2_m5_C60_a7_0.txt,unit,5,60,2,7,0,150,29.4189,22
unit_F2_m5_C60_a7_1.txt,unit,5,60,2,7,1,96,39.2459,117
unit_F2_m5_C60_a7_2.txt,unit,5,60,2,7,2,112,24.1913,33
unit_F2_m5_C60_a7_3.txt,unit,5,60,2,7,3,144,25.619,33
unit_F2_m5_C60_a7_4.txt,unit,5,60,2,7,4,124,26.1514,46
unit_F2_m5_C60_a7_5.txt,unit,5,60,2,7,5,106,18.1797,6
unit_F2_m5_C60_a7_6.txt,unit,5,60,2,7,6,148,23.4344,35
unit_F2_m5_C60_a7_7.txt,unit,5,60,2,7,7,120,66.5169,77
unit_F2_m5_C60_a7_8.txt,unit,5,60,2,7,8,74,33.0535,24
unit_F2_m5_C60_a7_9.txt,unit,5,60,2,7,9,108,30.481,83
unit_F2_m5_C60_a7_10.txt,unit,5,60,2,7,10,92,33.6079,79
unit_F2_m5_C60_a7_11.txt,unit,5,60,2,7,11,106,37.435,20
unit_F2_m5_C60_a7_12.txt,unit,5,60,2,7,12,156,26.8675,29
unit_F2_m5_C60_a7_13.txt,unit,5,60,2,7,13,78,76.0398,139
unit_F2_m5_C60_a7_14.txt,unit,5,60,2,7,14,126,40.7198,25
unit_F2_m5_C60_a7_15.txt,unit,5,60,2,7,15,118,37.1542,17
unit_F2_m5_C60_a7_16.txt,unit,5,60,2,7,16,108,24.9149,22
unit_F2_m5_C60_a7_17.txt,unit,5,60,2,7,17,102,53.1775,46
unit_F2_m5_C60_a7_18.txt,unit,5,60,2,7,18,148,25.1985,13
unit_F2_m5_C60_a7_19.txt,unit,5,60,2,7,19,96,80.3447,70
unit_F2_m5_C60_a7_20.txt,unit,5,60,2,7,20,148,34.5079,32
unit_F2_m5_C60_a7_21.txt,unit,5,60,2,7,21,146,20.6629,22
unit_F2_m5_C60_a7_22.txt,unit,5,60,2,7,22,112,43.5125,11
unit_F2_m5_C60_a7_23.txt,unit,5,60,2,7,23,134,29.5058,44
unit_F2_m5_C60_a7_24.txt,unit,5,60,2,7,24,142,37.4522,45
unit_F2_m5_C60_a7_25.txt,unit,5,60,2,7,25,128,34.4665,14
unit_F2_m5_C60_a7_26.txt,unit,5,60,2,7,26,92,57.1012,65
unit_F2_m5_C60_a7_27.txt,unit,5,60,2,7,27,152,46.8065,85
unit_F2_m5_C60_a7_28.txt,unit,5,60,2,7,28,86,71.7642,94
unit_F2_m5_C60_a7_29.txt,unit,5,60,2,7,29,184,22.0536,11
unit_F2_m5_C60_a7_30.txt,unit,5,60,2,7,30,130,29.1217,29
unit_F2_m5_C60_a7_31.txt,unit,5,60,2,7,31,112,28.0441,28
unit_F2_m5_C60_a7_32.txt,unit,5,60,2,7,32,86,70.4114,98
unit_F2_m5_C60_a7_33.txt,unit,5,60,2,7,33,128,45.7817,438
unit_F2_m5_C60_a7_34.txt,unit,5,60,2,7,34,144,35.8317,8
unit_F2_m5_C60_a7_35.txt,unit,5,60,2,7,35,102,51.5936,22
unit_F2_m5_C60_a7_36.txt,unit,5,60,2,7,36,136,25.0027,35
unit_F2_m5_C60_a7_37.txt,unit,5,60,2,7,37,90,75.8867,10
unit_F2_m5_C60_a7_38.txt,unit,5,60,2,7,38,118,30.0924,44
unit_F2_m5_C60_a7_39.txt,unit,5,60,2,7,39,106,49.7391,7
unit_F2_m5_C60_a7_40.txt,unit,5,60,2,7,40,116,32.1704,17
unit_F2_m5_C60_a7_41.txt,unit,5,60,2,7,41,84,38.8375,58
unit_F2_m5_C60_a7_42.txt,unit,5,60,2,7,42,74,83.7464,34
unit_F2_m5_C60_a7_43.txt,unit,5,60,2,7,43,142,34.6337,18
unit_F2_m5_C60_a7_44.txt,unit,5,60,2,7,44,148,17.8516,9
unit_F2_m5_C60_a7_45.txt,unit,5,60,2,7,45,130,26.6529,26
unit_F2_m5_C60_a7_46.txt,unit,5,60,2,7,46,86,56.4711,92
unit_F2_m5_C60_a7_47.txt,unit,5,60,2,7,47,114,32.6066,184
unit_F2_m5_C60_a7_48.txt,unit,5,60,2,7,48,138,47.492,101
unit_F2_m5_C60_a7_49.txt,unit,5,60,2,7,49,124,37.329,54
unit_F2_m5_C60_a15_0.txt,unit,5,60,2,15,0,156,53.1373,292
unit_F2_m5_C60_a15_1.txt,unit,5,60,2,15,1,170,58.7459,1050
unit_F2_m5_C60_a15_2.txt,unit,5,60,2,15,2,186,66.7738,1023
unit_F2_m5_C60_a15_3.txt,unit,5,60,2,15,3,158,88.1747,4106
unit_F2_m5_C60_a15_4.txt,unit,5,60,2,15,4,174,45.1009,188
unit_F2_m5_C60_a15_5.txt,unit,5,60,2,15,5,158,92.4036,119
unit_F2_m5_C60_a15_6.txt,unit,5,60,2,15,6,158,34.0319,67
unit_F2_m5_C60_a15_7.txt,unit,5,60,2,15,7,158,39.0705,234
unit_F2_m5_C60_a15_8.txt,unit,5,60,2,15,8,124,77.8852,361
unit_F2_m5_C60_a15_9.txt,unit,5,60,2,15,9,158,55.1172,573
unit_F2_m5_C60_a15_10.txt,unit,5,60,2,15,10,166,90.265,912
unit_F2_m5_C60_a15_11.txt,unit,5,60,2,15,11,138,58.1513,453
unit_F2_m5_C60_a15_12.txt,unit,5,60,2,15,12,176,77.0663,231
unit_F2_m5_C60_a15_13.txt,unit,5,60,2,15,13,120,68.3665,1521
unit_F2_m5_C60_a15_14.txt,unit,5,60,2,15,14,162,51.239,305
unit_F2_m5_C60_a15_15.txt,unit,5,60,2,15,15,162,78.9213,1065
unit_F2_m5_C60_a15_16.txt,unit,5,60,2,15,16,166,49.6732,1070
unit_F2_m5_C60_a15_17.txt,unit,5,60,2,15,17,150,90.184,1381
unit_F2_m5_C60_a15_18.txt,unit,5,60,2,15,18,178,61.1031,1075
unit_F2_m5_C60_a15_19.txt,unit,5,60,2,15,19,134,118.175,6124
unit_F2_m5_C60_a15_20.txt,unit,5,60,2,15,20,166,64.6342,379
unit_F2_m5_C60_a15_21.txt,unit,5,60,2,15,21,166,57.6845,483
unit_F2_m5_C60_a15_22.txt,unit,5,60,2,15,22,152,48.4926,211
unit_F2_m5_C60_a15_23.txt,unit,5,60,2,15,23,150,127.95,3529
unit_F2_m5_C60_a15_24.txt,unit,5,60,2,15,24,162,52.1931,450
unit_F2_m5_C60_a15_25.txt,unit,5,60,2,15,25,162,55.4267,111
unit_F2_m5_C60_a15_26.txt,unit,5,60,2,15,26,154,118.773,850
unit_F2_m5_C60_a15_27.txt,unit,5,60,2,15,27,174,90.9205,2215
unit_F2_m5_C60_a15_28.txt,unit,5,60,2,15,28,134,182.443,5679
unit_F2_m5_C60_a15_29.txt,unit,5,60,2,15,29,184,50.9516,1076
unit_F2_m5_C60_a15_30.txt,unit,5,60,2,15,30,176,82.3768,1461
unit_F2_m5_C60_a15_31.txt,unit,5,60,2,15,31,148,80.1865,1505
unit_F2_m5_C60_a15_32.txt,unit,5,60,2,15,32,124,162.995,1847
unit_F2_m5_C60_a15_33.txt,unit,5,60,2,15,33,162,119.462,18220
unit_F2_m5_C60_a15_34.txt,unit,5,60,2,15,34,166,34.9975,91
unit_F2_m5_C60_a15_35.txt,unit,5,60,2,15,35,142,48.9588,330
unit_F2_m5_C60_a15_36.txt,unit,5,60,2,15,36,150,75.0359,761
unit_F2_m5_C60_a15_37.txt,unit,5,60,2,15,37,170,164.477,3295
unit_F2_m5_C60_a15_38.txt,unit,5,60,2,15,38,154,51.3386,182
unit_F2_m5_C60_a15_39.txt,unit,5,60,2,15,39,188,66.6806,210
unit_F2_m5_C60_a15_40.txt,unit,5,60,2,15,40,154,42.2946,99
unit_F2_m5_C60_a15_41.txt,unit,5,60,2,15,41,132,56.3429,594
unit_F2_m5_C60_a15_42.txt,unit,5,60,2,15,42,146,143.646,3390
unit_F2_m5_C60_a15_43.txt,unit,5,60,2,15,43,152,50.6333,411
unit_F2_m5_C60_a15_44.txt,unit,5,60,2,15,44,148,35.5967,48
unit_F2_m5_C60_a15_45.txt,unit,5,60,2,15,45,152,59.5738,299
unit_F2_m5_C60_a15_46.txt,unit,5,60,2,15,46,166,76.0748,819
unit_F2_m5_C60_a15_47.txt,unit,5,60,2,15,47,162,42.2546,263
unit_F2_m5_C60_a15_48.txt,unit,5,60,2,15,48,182,47.1666,246
unit_F2_m5_C60_a15_49.txt,unit,5,60,2,15,49,168,77.0812,621
unit_F2_m5_C60_a30_0.txt,unit,5,60,2,30,0,220,243.908,12534
unit_F2_m5_C60_a30_1.txt,unit,5,60,2,30,1,220,236.549,39891
unit_F2_m5_C60_a30_2.txt,unit,5,60,2,30,2,204,177.111,8037
unit_F2_m5_C60_a30_3.txt,unit,5,60,2,30,3,184,204.571,9505
unit_F2_m5_C60_a30_4.txt,unit,5,60,2,30,4,252,83.2359,5556
unit_F2_m5_C60_a30_5.txt,unit,5,60,2,30,5,222,119.093,3281
unit_F2_m5_C60_a30_6.txt,unit,5,60,2,30,6,208,117.395,7365
unit_F2_m5_C60_a30_7.txt,unit,5,60,2,30,7,224,153.395,12610
unit_F2_m5_C60_a30_8.txt,unit,5,60,2,30,8,190,206.882,13052
unit_F2_m5_C60_a30_9.txt,unit,5,60,2,30,9,216,198.252,21235
unit_F2_m5_C60_a30_10.txt,unit,5,60,2,30,10,196,225.345,10130
unit_F2_m5_C60_a30_11.txt,unit,5,60,2,30,11,238,109.636,10859
unit_F2_m5_C60_a30_12.txt,unit,5,60,2,30,12,224,157.856,46347
unit_F2_m5_C60_a30_13.txt,unit,5,60,2,30,13,154,278.479,26492
unit_F2_m5_C60_a30_14.txt,unit,5,60,2,30,14,214,123.714,4808
unit_F2_m5_C60_a30_15.txt,unit,5,60,2,30,15,204,182.388,8010
unit_F2_m5_C60_a30_16.txt,unit,5,60,2,30,16,192,178.917,60000
unit_F2_m5_C60_a30_17.txt,unit,5,60,2,30,17,196,373.508,28197
unit_F2_m5_C60_a30_18.txt,unit,5,60,2,30,18,242,155.95,60000
unit_F2_m5_C60_a30_19.txt,unit,5,60,2,30,19,188,183.885,38925
unit_F2_m5_C60_a30_20.txt,unit,5,60,2,30,20,236,118.101,7957
unit_F2_m5_C60_a30_21.txt,unit,5,60,2,30,21,198,154.403,5206
unit_F2_m5_C60_a30_22.txt,unit,5,60,2,30,22,208,74.9461,1873
unit_F2_m5_C60_a30_23.txt,unit,5,60,2,30,23,182,167.222,8847
unit_F2_m5_C60_a30_24.txt,unit,5,60,2,30,24,180,217.73,14754
unit_F2_m5_C60_a30_25.txt,unit,5,60,2,30,25,222,158.827,34892
unit_F2_m5_C60_a30_26.txt,unit,5,60,2,30,26,202,178.501,17033
unit_F2_m5_C60_a30_27.txt,unit,5,60,2,30,27,222,148.808,34508
unit_F2_m5_C60_a30_28.txt,unit,5,60,2,30,28,170,359.148,42911
unit_F2_m5_C60_a30_29.txt,unit,5,60,2,30,29,220,286.824,18555
unit_F2_m5_C60_a30_30.txt,unit,5,60,2,30,30,214,150.875,8240
unit_F2_m5_C60_a30_31.txt,unit,5,60,2,30,31,274,120.786,17260
unit_F2_m5_C60_a30_32.txt,unit,5,60,2,30,32,194,130.578,3783
unit_F2_m5_C60_a30_33.txt,unit,5,60,2,30,33,202,222.633,17099
unit_F2_m5_C60_a30_34.txt,unit,5,60,2,30,34,182,122.273,926
unit_F2_m5_C60_a30_35.txt,unit,5,60,2,30,35,196,123.823,9776
unit_F2_m5_C60_a30_36.txt,unit,5,60,2,30,36,218,167.395,21125
unit_F2_m5_C60_a30_37.txt,unit,5,60,2,30,37,246,92.2493,9531
unit_F2_m5_C60_a30_38.txt,unit,5,60,2,30,38,216,101.176,2429
unit_F2_m5_C60_a30_39.txt,unit,5,60,2,30,39,260,92.6301,13227
unit_F2_m5_C60_a30_40.txt,unit,5,60,2,30,40,232,179.052,26717
unit_F2_m5_C60_a30_41.txt,unit,5,60,2,30,41,222,96.8456,2225
unit_F2_m5_C60_a30_42.txt,unit,5,60,2,30,42,208,268.709,25712
unit_F2_m5_C60_a30_43.txt,unit,5,60,2,30,43,182,301.085,12895
unit_F2_m5_C60_a30_44.txt,unit,5,60,2,30,44,190,77.6915,803
unit_F2_m5_C60_a30_45.txt,unit,5,60,2,30,45,214,190.148,12465
unit_F2_m5_C60_a30_46.txt,unit,5,60,2,30,46,204,157.553,6396
unit_F2_m5_C60_a30_47.txt,unit,5,60,2,30,47,208,158.349,18192
unit_F2_m5_C60_a30_48.txt,unit,5,60,2,30,48,274,76.2113,4643
unit_F2_m5_C60_a30_49.txt,unit,5,60,2,30,49,242,154.535,14096
unit_F2_m5_C180_a3_0.txt,unit,5,180,2,3,0,300,18.1554,6
unit_F2_m5_C180_a3_1.txt,unit,5,180,2,3,1,250,1.1816,3
unit_F2_m5_C180_a3_2.txt,unit,5,180,2,3,2,144,48.5572,12
unit_F2_m5_C180_a3_3.txt,unit,5,180,2,3,3,368,30.6678,6
unit_F2_m5_C180_a3_4.txt,unit,5,180,2,3,4,312,17.0436,6
unit_F2_m5_C180_a3_5.txt,unit,5,180,2,3,5,290,20.7873,10
unit_F2_m5_C180_a3_6.txt,unit,5,180,2,3,6,194,77.3431,16
unit_F2_m5_C180_a3_7.txt,unit,5,180,2,3,7,164,37.6399,5
unit_F2_m5_C180_a3_8.txt,unit,5,180,2,3,8,208,18.2207,7
unit_F2_m5_C180_a3_9.txt,unit,5,180,2,3,9,184,36.3289,5
unit_F2_m5_C180_a3_10.txt,unit,5,180,2,3,10,382,17.5731,3
unit_F2_m5_C180_a3_11.txt,unit,5,180,2,3,11,194,49.5747,6
unit_F2_m5_C180_a3_12.txt,unit,5,180,2,3,12,194,43.017,5
unit_F2_m5_C180_a3_13.txt,unit,5,180,2,3,13,296,46.3981,15
unit_F2_m5_C180_a3_14.txt,unit,5,180,2,3,14,194,41.2671,5
unit_F2_m5_C180_a3_15.txt,unit,5,180,2,3,15,204,53.5337,4
unit_F2_m5_C180_a3_16.txt,unit,5,180,2,3,16,112,41.1983,4
unit_F2_m5_C180_a3_17.txt,unit,5,180,2,3,17,172,45.2772,4
unit_F2_m5_C180_a3_18.txt,unit,5,180,2,3,18,194,58.6785,6
unit_F2_m5_C180_a3_19.txt,unit,5,180,2,3,19,130,42.5947,3
unit_F2_m5_C180_a3_20.txt,unit,5,180,2,3,20,294,5.848,3
unit_F2_m5_C180_a3_21.txt,unit,5,180,2,3,21,362,0.8823,3
unit_F2_m5_C180_a3_22.txt,unit,5,180,2,3,22,206,36.4429,5
unit_F2_m5_C180_a3_23.txt,unit,5,180,2,3,23,210,11.2398,5
unit_F2_m5_C180_a3_24.txt,unit,5,180,2,3,24,110,27.1941,5
unit_F2_m5_C180_a3_25.txt,unit,5,180,2,3,25,320,15.206,5
unit_F2_m5_C180_a3_26.txt,unit,5,180,2,3,26,168,32.2652,7
unit_F2_m5_C180_a3_27.txt,unit,5,180,2,3,27,48,26.2708,7
unit_F2_m5_C180_a3_28.txt,unit,5,180,2,3,28,178,30.874,5
unit_F2_m5_C180_a3_29.txt,unit,5,180,2,3,29,98,12.8862,3
unit_F2_m5_C180_a3_30.txt,unit,5,180,2,3,30,368,14.2046,3
unit_F2_m5_C180_a3_31.txt,unit,5,180,2,3,31,222,8.2326,4
unit_F2_m5_C180_a3_32.txt,unit,5,180,2,3,32,206,135.746,8
unit_F2_m5_C180_a3_33.txt,unit,5,180,2,3,33,284,21.4604,8
unit_F2_m5_C180_a3_34.txt,unit,5,180,2,3,34,74,26.5291,8
unit_F2_m5_C180_a3_35.txt,unit,5,180,2,3,35,304,27.3707,4
unit_F2_m5_C180_a3_36.txt,unit,5,180,2,3,36,172,259.021,9
unit_F2_m5_C180_a3_37.txt,unit,5,180,2,3,37,334,14.3126,4
unit_F2_m5_C180_a3_38.txt,unit,5,180,2,3,38,90,12.1172,3
unit_F2_m5_C180_a3_39.txt,unit,5,180,2,3,39,120,18.0061,4
unit_F2_m5_C180_a3_40.txt,unit,5,180,2,3,40,246,11.7795,4
unit_F2_m5_C180_a3_41.txt,unit,5,180,2,3,41,126,19.2632,3
unit_F2_m5_C180_a3_42.txt,unit,5,180,2,3,42,324,13.4474,9
unit_F2_m5_C180_a3_43.txt,unit,5,180,2,3,43,248,38.7173,4
unit_F2_m5_C180_a3_44.txt,unit,5,180,2,3,44,98,40.6774,10
unit_F2_m5_C180_a3_45.txt,unit,5,180,2,3,45,262,6.2201,3
unit_F2_m5_C180_a3_46.txt,unit,5,180,2,3,46,194,47.6069,8
unit_F2_m5_C180_a3_47.txt,unit,5,180,2,3,47,316,8.5711,4
unit_F2_m5_C180_a3_48.txt,unit,5,180,2,3,48,382,11.8828,3
unit_F2_m5_C180_a3_49.txt,unit,5,180,2,3,49,110,50.8992,6
unit_F2_m5_C180_a7_0.txt,unit,5,180,2,7,0,308,47.8096,69
unit_F2_m5_C180_a7_1.txt,unit,5,180,2,7,1,346,29.2798,19
unit_F2_m5_C180_a7_2.txt,unit,5,180,2,7,2,250,97.7514,90
unit_F2_m5_C180_a7_3.txt,unit,5,180,2,7,3,386,42.1341,256
unit_F2_m5_C180_a7_4.txt,unit,5,180,2,7,4,340,68.6811,97
unit_F2_m5_C180_a7_5.txt,unit,5,180,2,7,5,308,25.8044,17
unit_F2_m5_C180_a7_6.txt,unit,5,180,2,7,6,368,68.3423,257
unit_F2_m5_C180_a7_7.txt,unit,5,180,2,7,7,298,42.6103,24
unit_F2_m5_C180_a7_8.txt,unit,5,180,2,7,8,340,31.2496,42
unit_F2_m5_C180_a7_9.txt,unit,5,180,2,7,9,290,51.9749,18
unit_F2_m5_C180_a7_10.txt,unit,5,180,2,7,10,382,37.4211,21
unit_F2_m5_C180_a7_11.txt,unit,5,180,2,7,11,214,71.7127,46
unit_F2_m5_C180_a7_12.txt,unit,5,180,2,7,12,232,74.1863,119
unit_F2_m5_C180_a7_13.txt,unit,5,180,2,7,13,376,24.8378,75
unit_F2_m5_C180_a7_14.txt,unit,5,180,2,7,14,282,47.708,214
unit_F2_m5_C180_a7_15.txt,unit,5,180,2,7,15,280,27.172,40
unit_F2_m5_C180_a7_16.txt,unit,5,180,2,7,16,252,26.0522,55
unit_F2_m5_C180_a7_17.txt,unit,5,180,2,7,17,278,20.7582,16
unit_F2_m5_C180_a7_18.txt,unit,5,180,2,7,18,300,29.3141,26
unit_F2_m5_C180_a7_19.txt,unit,5,180,2,7,19,364,22.1709,23
unit_F2_m5_C180_a7_20.txt,unit,5,180,2,7,20,294,30.6982,85
unit_F2_m5_C180_a7_21.txt,unit,5,180,2,7,21,438,37.5565,13
unit_F2_m5_C180_a7_22.txt,unit,5,180,2,7,22,250,43.3384,103
unit_F2_m5_C180_a7_23.txt,unit,5,180,2,7,23,294,32.451,45
unit_F2_m5_C180_a7_24.txt,unit,5,180,2,7,24,302,34.7572,157
unit_F2_m5_C180_a7_25.txt,unit,5,180,2,7,25,324,38.3742,71
unit_F2_m5_C180_a7_26.txt,unit,5,180,2,7,26,226,27.1818,21
unit_F2_m5_C180_a7_27.txt,unit,5,180,2,7,27,230,117.901,507
unit_F2_m5_C180_a7_28.txt,unit,5,180,2,7,28,298,50.2076,58
unit_F2_m5_C180_a7_29.txt,unit,5,180,2,7,29,296,32.8939,19
unit_F2_m5_C180_a7_30.txt,unit,5,180,2,7,30,382,26.6761,55
unit_F2_m5_C180_a7_31.txt,unit,5,180,2,7,31,292,26.1417,36
unit_F2_m5_C180_a7_32.txt,unit,5,180,2,7,32,374,54.0955,163
unit_F2_m5_C180_a7_33.txt,unit,5,180,2,7,33,296,39.4241,32
unit_F2_m5_C180_a7_34.txt,unit,5,180,2,7,34,320,54.82,140
unit_F2_m5_C180_a7_35.txt,unit,5,180,2,7,35,348,28.3583,26
unit_F2_m5_C180_a7_36.txt,unit,5,180,2,7,36,202,357.215,139
unit_F2_m5_C180_a7_37.txt,unit,5,180,2,7,37,334,54.1149,38
unit_F2_m5_C180_a7_38.txt,unit,5,180,2,7,38,384,46.5043,121
unit_F2_m5_C180_a7_39.txt,unit,5,180,2,7,39,206,60.2736,193
unit_F2_m5_C180_a7_40.txt,unit,5,180,2,7,40,316,48.7714,31
unit_F2_m5_C180_a7_41.txt,unit,5,180,2,7,41,218,81.7839,73
unit_F2_m5_C180_a7_42.txt,unit,5,180,2,7,42,330,72.4527,82
unit_F2_m5_C180_a7_43.txt,unit,5,180,2,7,43,256,35.9868,39
unit_F2_m5_C180_a7_44.txt,unit,5,180,2,7,44,288,91.556,805
unit_F2_m5_C180_a7_45.txt,unit,5,180,2,7,45,368,31.2701,11
unit_F2_m5_C180_a7_46.txt,unit,5,180,2,7,46,356,31.9941,162
unit_F2_m5_C180_a7_47.txt,unit,5,180,2,7,47,382,33.8205,45
unit_F2_m5_C180_a7_48.txt,unit,5,180,2,7,48,418,24.0288,16
unit_F2_m5_C180_a7_49.txt,unit,5,180,2,7,49,368,33.9678,192
unit_F2_m5_C180_a15_0.txt,unit,5,180,2,15,0,390,51.5956,829
unit_F2_m5_C180_a15_1.txt,unit,5,180,2,15,1,452,48.2693,149
unit_F2_m5_C180_a15_2.txt,unit,5,180,2,15,2,396,145.417,1296
unit_F2_m5_C180_a15_3.txt,unit,5,180,2,15,3,394,55.9068,3773
unit_F2_m5_C180_a15_4.txt,unit,5,180,2,15,4,434,74.5071,267
unit_F2_m5_C180_a15_5.txt,unit,5,180,2,15,5,406,69.5392,1438
unit_F2_m5_C180_a15_6.txt,unit,5,180,2,15,6,400,131.321,9750
unit_F2_m5_C180_a15_7.txt,unit,5,180,2,15,7,452,81.7384,2498
unit_F2_m5_C180_a15_8.txt,unit,5,180,2,15,8,408,55.8872,1094
unit_F2_m5_C180_a15_9.txt,unit,5,180,2,15,9,338,109.065,412
unit_F2_m5_C180_a15_10.txt,unit,5,180,2,15,10,452,107.632,1118
unit_F2_m5_C180_a15_11.txt,unit,5,180,2,15,11,436,248.569,2308
unit_F2_m5_C180_a15_12.txt,unit,5,180,2,15,12,422,107.203,4018
unit_F2_m5_C180_a15_13.txt,unit,5,180,2,15,13,394,50.6451,831
unit_F2_m5_C180_a15_14.txt,unit,5,180,2,15,14,390,41.7203,177
unit_F2_m5_C180_a15_15.txt,unit,5,180,2,15,15,404,95.3237,2116
unit_F2_m5_C180_a15_16.txt,unit,5,180,2,15,16,432,55.0686,217
unit_F2_m5_C180_a15_17.txt,unit,5,180,2,15,17,434,92.2532,255
unit_F2_m5_C180_a15_18.txt,unit,5,180,2,15,18,404,88.0336,417
unit_F2_m5_C180_a15_19.txt,unit,5,180,2,15,19,456,49.5324,379
unit_F2_m5_C180_a15_20.txt,unit,5,180,2,15,20,326,111.706,669
unit_F2_m5_C180_a15_21.txt,unit,5,180,2,15,21,482,71.4221,549
unit_F2_m5_C180_a15_22.txt,unit,5,180,2,15,22,410,66.1672,2464
unit_F2_m5_C180_a15_23.txt,unit,5,180,2,15,23,432,67.1434,726
unit_F2_m5_C180_a15_24.txt,unit,5,180,2,15,24,306,104.9,1655
unit_F2_m5_C180_a15_25.txt,unit,5,180,2,15,25,392,64.2294,825
unit_F2_m5_C180_a15_26.txt,unit,5,180,2,15,26,306,55.0109,1100
unit_F2_m5_C180_a15_27.txt,unit,5,180,2,15,27,388,184.558,5692
unit_F2_m5_C180_a15_28.txt,unit,5,180,2,15,28,374,91.4372,579
unit_F2_m5_C180_a15_29.txt,unit,5,180,2,15,29,366,75.908,573
unit_F2_m5_C180_a15_30.txt,unit,5,180,2,15,30,400,72.3882,1268
unit_F2_m5_C180_a15_31.txt,unit,5,180,2,15,31,452,64.2023,450
unit_F2_m5_C180_a15_32.txt,unit,5,180,2,15,32,388,95.4,2703
unit_F2_m5_C180_a15_33.txt,unit,5,180,2,15,33,342,110.875,2048
unit_F2_m5_C180_a15_34.txt,unit,5,180,2,15,34,382,100.656,10565
unit_F2_m5_C180_a15_35.txt,unit,5,180,2,15,35,510,56.0473,140
unit_F2_m5_C180_a15_36.txt,unit,5,180,2,15,36,360,95.5025,883
unit_F2_m5_C180_a15_37.txt,unit,5,180,2,15,37,382,45.1942,181
unit_F2_m5_C180_a15_38.txt,unit,5,180,2,15,38,460,90.2453,2368
unit_F2_m5_C180_a15_39.txt,unit,5,180,2,15,39,400,101.099,1764
unit_F2_m5_C180_a15_40.txt,unit,5,180,2,15,40,440,41.1243,220
unit_F2_m5_C180_a15_41.txt,unit,5,180,2,15,41,342,125.947,1362
unit_F2_m5_C180_a15_42.txt,unit,5,180,2,15,42,404,132.861,2387
unit_F2_m5_C180_a15_43.txt,unit,5,180,2,15,43,294,90.9127,1387
unit_F2_m5_C180_a15_44.txt,unit,5,180,2,15,44,382,192.892,14960
unit_F2_m5_C180_a15_45.txt,unit,5,180,2,15,45,456,33.4659,188
unit_F2_m5_C180_a15_46.txt,unit,5,180,2,15,46,392,87.9269,5541
unit_F2_m5_C180_a15_47.txt,unit,5,180,2,15,47,394,80.8829,527
unit_F2_m5_C180_a15_48.txt,unit,5,180,2,15,48,470,33.0698,330
unit_F2_m5_C180_a15_49.txt,unit,5,180,2,15,49,398,97.7373,39164
unit_F2_m5_C180_a30_0.txt,unit,5,180,2,30,0,432,392.994,60000
unit_F2_m5_C180_a30_1.txt,unit,5,180,2,30,1,550,170.167,6357
unit_F2_m5_C180_a30_2.txt,unit,5,180,2,30,2,430,272.087,36770
unit_F2_m5_C180_a30_3.txt,unit,5,180,2,30,3,578,157.774,16140
unit_F2_m5_C180_a30_4.txt,unit,5,180,2,30,4,462,127.506,10273
unit_F2_m5_C180_a30_5.txt,unit,5,180,2,30,5,446,264.006,46985
unit_F2_m5_C180_a30_6.txt,unit,5,180,2,30,6,458,203.319,15746
unit_F2_m5_C180_a30_7.txt,unit,5,180,2,30,7,534,129.494,21648
unit_F2_m5_C180_a30_8.txt,unit,5,180,2,30,8,484,195.465,18509
unit_F2_m5_C180_a30_9.txt,unit,5,180,2,30,9,554,312.237,24925
unit_F2_m5_C180_a30_10.txt,unit,5,180,2,30,10,600,250.404,60000
unit_F2_m5_C180_a30_11.txt,unit,5,180,2,30,11,510,712.558,60000
unit_F2_m5_C180_a30_12.txt,unit,5,180,2,30,12,448,202.352,8830
unit_F2_m5_C180_a30_13.txt,unit,5,180,2,30,13,468,260.555,36262
unit_F2_m5_C180_a30_14.txt,unit,5,180,2,30,14,606,108.233,60000
unit_F2_m5_C180_a30_15.txt,unit,5,180,2,30,15,518,111.767,5675
unit_F2_m5_C180_a30_16.txt,unit,5,180,2,30,16,516,103.028,2747
unit_F2_m5_C180_a30_17.txt,unit,5,180,2,30,17,580,278.243,22142
unit_F2_m5_C180_a30_18.txt,unit,5,180,2,30,18,564,152.782,10487
unit_F2_m5_C180_a30_19.txt,unit,5,180,2,30,19,620,115.068,11608
unit_F2_m5_C180_a30_20.txt,unit,5,180,2,30,20,484,261.962,37487
unit_F2_m5_C180_a30_21.txt,unit,5,180,2,30,21,510,162.202,5653
unit_F2_m5_C180_a30_22.txt,unit,5,180,2,30,22,550,182.883,15939
unit_F2_m5_C180_a30_23.txt,unit,5,180,2,30,23,450,239.638,29088
unit_F2_m5_C180_a30_24.txt,unit,5,180,2,30,24,482,167.008,14317
unit_F2_m5_C180_a30_25.txt,unit,5,180,2,30,25,680,157.981,4658
unit_F2_m5_C180_a30_26.txt,unit,5,180,2,30,26,516,175.214,39831
unit_F2_m5_C180_a30_27.txt,unit,5,180,2,30,27,516,250.03,34651
unit_F2_m5_C180_a30_28.txt,unit,5,180,2,30,28,502,254.491,24492
unit_F2_m5_C180_a30_29.txt,unit,5,180,2,30,29,594,318.884,60000
unit_F2_m5_C180_a30_30.txt,unit,5,180,2,30,30,542,228.16,16322
unit_F2_m5_C180_a30_31.txt,unit,5,180,2,30,31,472,238.76,12535
unit_F2_m5_C180_a30_32.txt,unit,5,180,2,30,32,514,212.627,31490
unit_F2_m5_C180_a30_33.txt,unit,5,180,2,30,33,596,175.695,22730
unit_F2_m5_C180_a30_34.txt,unit,5,180,2,30,34,506,362.981,60000
unit_F2_m5_C180_a30_35.txt,unit,5,180,2,30,35,672,177.816,7367
unit_F2_m5_C180_a30_36.txt,unit,5,180,2,30,36,470,323.568,40676
unit_F2_m5_C180_a30_37.txt,unit,5,180,2,30,37,530,274.572,60000
unit_F2_m5_C180_a30_38.txt,unit,5,180,2,30,38,548,205.835,33296
unit_F2_m5_C180_a30_39.txt,unit,5,180,2,30,39,484,413.989,57330
unit_F2_m5_C180_a30_40.txt,unit,5,180,2,30,40,500,260.435,14511
unit_F2_m5_C180_a30_41.txt,unit,5,180,2,30,41,488,232.293,20520
unit_F2_m5_C180_a30_42.txt,unit,5,180,2,30,42,490,243.104,60000
unit_F2_m5_C180_a30_43.txt,unit,5,180,2,30,43,574,165.109,7377
unit_F2_m5_C180_a30_44.txt,unit,5,180,2,30,44,528,336.272,60000
unit_F2_m5_C180_a30_45.txt,unit,5,180,2,30,45,510,166.196,60000
unit_F2_m5_C180_a30_46.txt,unit,5,180,2,30,46,566,224.198,26628
unit_F2_m5_C180_a30_47.txt,unit,5,180,2,30,47,548,137.114,8166
unit_F2_m5_C180_a30_48.txt,unit,5,180,2,30,48,574,140.151,6749
unit_F2_m5_C180_a30_49.txt,unit,5,180,2,30,49,418,197.411,22534
unit_F2_m10_C30_a3_0.txt,unit,10,30,2,3,0,32,35.0009,4
unit_F2_m10_C30_a3_1.txt,unit,10,30,2,3,1,50,95.5602,8
unit_F2_m10_C30_a3_2.txt,unit,10,30,2,3,2,44,31.3682,4
unit_F2_m10_C30_a3_3.txt,unit,10,30,2,3,3,34,35.4266,7
unit_F2_m10_C30_a3_4.txt,unit,10,30,2,3,4,60,39.6935,4
unit_F2_m10_C30_a3_5.txt,unit,10,30,2,3,5,78,17.9867,4
unit_F2_m10_C30_a3_6.txt,unit,10,30,2,3,6,60,71.3338,4
unit_F2_m10_C30_a3_7.txt,unit,10,30,2,3,7,48,98.1968,6
unit_F2_m10_C30_a3_8.txt,unit,10,30,2,3,8,76,32.7484,4
unit_F2_m10_C30_a3_9.txt,unit,10,30,2,3,9,50,10.2275,2
unit_F2_m10_C30_a3_10.txt,unit,10,30,2,3,10,70,77.9961,4
unit_F2_m10_C30_a3_11.txt,unit,10,30,2,3,11,106,43.5363,5
unit_F2_m10_C30_a3_12.txt,unit,10,30,2,3,12,78,33.7792,5
unit_F2_m10_C30_a3_13.txt,unit,10,30,2,3,13,74,60.5666,6
unit_F2_m10_C30_a3_14.txt,unit,10,30,2,3,14,88,29.1003,3
unit_F2_m10_C30_a3_15.txt,unit,10,30,2,3,15,20,68.9114,7
unit_F2_m10_C30_a3_16.txt,unit,10,30,2,3,16,80,59.7093,6
unit_F2_m10_C30_a3_17.txt,unit,10,30,2,3,17,38,51.525,7
unit_F2_m10_C30_a3_18.txt,unit,10,30,2,3,18,64,28.9805,4
unit_F2_m10_C30_a3_19.txt,unit,10,30,2,3,19,88,10.3761,3
unit_F2_m10_C30_a3_20.txt,unit,10,30,2,3,20,74,61.2893,4
unit_F2_m10_C30_a3_21.txt,unit,10,30,2,3,21,78,30.001,5
unit_F2_m10_C30_a3_22.txt,unit,10,30,2,3,22,42,58.444,10
unit_F2_m10_C30_a3_23.txt,unit,10,30,2,3,23,82,7.996,7
unit_F2_m10_C30_a3_24.txt,unit,10,30,2,3,24,60,80.2494,21
unit_F2_m10_C30_a3_25.txt,unit,10,30,2,3,25,66,20.5462,4
unit_F2_m10_C30_a3_26.txt,unit,10,30,2,3,26,88,44.3972,3
unit_F2_m10_C30_a3_27.txt,unit,10,30,2,3,27,94,32.9216,4
unit_F2_m10_C30_a3_28.txt,unit,10,30,2,3,28,42,58.3224,3
unit_F2_m10_C30_a3_29.txt,unit,10,30,2,3,29,42,32.1154,5
unit_F2_m10_C30_a3_30.txt,unit,10,30,2,3,30,86,47.3442,4
unit_F2_m10_C30_a3_31.txt,unit,10,30,2,3,31,60,64.0253,8
unit_F2_m10_C30_a3_32.txt,unit,10,30,2,3,32,74,6.3445,2
unit_F2_m10_C30_a3_33.txt,unit,10,30,2,3,33,52,117.442,6
unit_F2_m10_C30_a3_34.txt,unit,10,30,2,3,34,54,43.6805,6
unit_F2_m10_C30_a3_35.txt,unit,10,30,2,3,35,58,12.3752,3
unit_F2_m10_C30_a3_36.txt,unit,10,30,2,3,36,28,34.2205,4
unit_F2_m10_C30_a3_37.txt,unit,10,30,2,3,37,50,96.4469,5
unit_F2_m10_C30_a3_38.txt,unit,10,30,2,3,38,66,7.9629,3
unit_F2_m10_C30_a3_39.txt,unit,10,30,2,3,39,58,44.4117,4
unit_F2_m10_C30_a3_40.txt,unit,10,30,2,3,40,46,55.3535,6
unit_F2_m10_C30_a3_41.txt,unit,10,30,2,3,41,52,41.0038,4
unit_F2_m10_C30_a3_42.txt,unit,10,30,2,3,42,68,41.8093,7
unit_F2_m10_C30_a3_43.txt,unit,10,30,2,3,43,74,19.1107,3
unit_F2_m10_C30_a3_44.txt,unit,10,30,2,3,44,52,46.4488,4
unit_F2_m10_C30_a3_45.txt,unit,10,30,2,3,45,78,11.7436,3
unit_F2_m10_C30_a3_46.txt,unit,10,30,2,3,46,60,6.6794,4
unit_F2_m10_C30_a3_47.txt,unit,10,30,2,3,47,60,37.4853,6
unit_F2_m10_C30_a3_48.txt,unit,10,30,2,3,48,78,23.1948,4
unit_F2_m10_C30_a3_49.txt,unit,10,30,2,3,49,92,23.9273,5
unit_F2_m10_C30_a7_0.txt,unit,10,30,2,7,0,100,34.7511,26
unit_F2_m10_C30_a7_1.txt,unit,10,30,2,7,1,60,59.7511,19
unit_F2_m10_C30_a7_2.txt,unit,10,30,2,7,2,64,37.8181,35
unit_F2_m10_C30_a7_3.txt,unit,10,30,2,7,3,52,63.2277,62
unit_F2_m10_C30_a7_4.txt,unit,10,30,2,7,4,104,55.0941,18
unit_F2_m10_C30_a7_5.txt,unit,10,30,2,7,5,98,34.3389,16
unit_F2_m10_C30_a7_6.txt,unit,10,30,2,7,6,92,85.5483,32
unit_F2_m10_C30_a7_7.txt,unit,10,30,2,7,7,68,70.2947,51
unit_F2_m10_C30_a7_8.txt,unit,10,30,2,7,8,80,79.3894,32
unit_F2_m10_C30_a7_9.txt,unit,10,30,2,7,9,124,37.1643,18
unit_F2_m10_C30_a7_10.txt,unit,10,30,2,7,10,88,76.5363,70
unit_F2_m10_C30_a7_11.txt,unit,10,30,2,7,11,112,36.065,14
unit_F2_m10_C30_a7_12.txt,unit,10,30,2,7,12,100,59.1684,27
unit_F2_m10_C30_a7_13.txt,unit,10,30,2,7,13,90,39.6816,13
unit_F2_m10_C30_a7_14.txt,unit,10,30,2,7,14,110,36.6362,11
unit_F2_m10_C30_a7_15.txt,unit,10,30,2,7,15,88,92.5402,41
unit_F2_m10_C30_a7_16.txt,unit,10,30,2,7,16,94,42.7252,23
unit_F2_m10_C30_a7_17.txt,unit,10,30,2,7,17,70,87.0796,171
unit_F2_m10_C30_a7_18.txt,unit,10,30,2,7,18,82,54.4258,36
unit_F2_m10_C30_a7_19.txt,unit,10,30,2,7,19,100,33.7926,43
unit_F2_m10_C30_a7_20.txt,unit,10,30,2,7,20,76,41.023,16
unit_F2_m10_C30_a7_21.txt,unit,10,30,2,7,21,102,52.0124,17
unit_F2_m10_C30_a7_22.txt,unit,10,30,2,7,22,66,112.3,53
unit_F2_m10_C30_a7_23.txt,unit,10,30,2,7,23,102,33.5754,9
unit_F2_m10_C30_a7_24.txt,unit,10,30,2,7,24,72,59.2583,64
unit_F2_m10_C30_a7_25.txt,unit,10,30,2,7,25,92,56.2068,18
unit_F2_m10_C30_a7_26.txt,unit,10,30,2,7,26,98,78.1771,31
unit_F2_m10_C30_a7_27.txt,unit,10,30,2,7,27,94,64.7496,75
unit_F2_m10_C30_a7_28.txt,unit,10,30,2,7,28,66,58.9126,21
unit_F2_m10_C30_a7_29.txt,unit,10,30,2,7,29,84,88.2759,51
unit_F2_m10_C30_a7_30.txt,unit,10,30,2,7,30,100,51.2302,36
unit_F2_m10_C30_a7_31.txt,unit,10,30,2,7,31,98,54.5946,13
unit_F2_m10_C30_a7_32.txt,unit,10,30,2,7,32,92,53.4793,11
unit_F2_m10_C30_a7_33.txt,unit,10,30,2,7,33,82,253.889,96
unit_F2_m10_C30_a7_34.txt,unit,10,30,2,7,34,106,98.0042,70
unit_F2_m10_C30_a7_35.txt,unit,10,30,2,7,35,94,67.0396,36
unit_F2_m10_C30_a7_36.txt,unit,10,30,2,7,36,74,175.55,47
unit_F2_m10_C30_a7_37.txt,unit,10,30,2,7,37,64,132.948,41
unit_F2_m10_C30_a7_38.txt,unit,10,30,2,7,38,82,44.2175,20
unit_F2_m10_C30_a7_39.txt,unit,10,30,2,7,39,88,38.6032,44
unit_F2_m10_C30_a7_40.txt,unit,10,30,2,7,40,76,56.9866,20
unit_F2_m10_C30_a7_41.txt,unit,10,30,2,7,41,86,519.739,86
unit_F2_m10_C30_a7_42.txt,unit,10,30,2,7,42,80,130.765,114
unit_F2_m10_C30_a7_43.txt,unit,10,30,2,7,43,118,48.348,35
unit_F2_m10_C30_a7_44.txt,unit,10,30,2,7,44,96,51.9253,17
unit_F2_m10_C30_a7_45.txt,unit,10,30,2,7,45,90,99.4792,68
unit_F2_m10_C30_a7_46.txt,unit,10,30,2,7,46,92,44.0372,6
unit_F2_m10_C30_a7_47.txt,unit,10,30,2,7,47,78,59.7296,38
unit_F2_m10_C30_a7_48.txt,unit,10,30,2,7,48,98,40.648,12
unit_F2_m10_C30_a7_49.txt,unit,10,30,2,7,49,104,57.0203,25
unit_F2_m10_C30_a15_0.txt,unit,10,30,2,15,0,118,85.8727,379
unit_F2_m10_C30_a15_1.txt,unit,10,30,2,15,1,134,122.54,1111
unit_F2_m10_C30_a15_2.txt,unit,10,30,2,15,2,88,100.164,302
unit_F2_m10_C30_a15_3.txt,unit,10,30,2,15,3,126,184.747,2063
unit_F2_m10_C30_a15_4.txt,unit,10,30,2,15,4,138,59.3639,61
unit_F2_m10_C30_a15_5.txt,unit,10,30,2,15,5,150,72.9764,104
unit_F2_m10_C30_a15_6.txt,unit,10,30,2,15,6,144,90.8648,100
unit_F2_m10_C30_a15_7.txt,unit,10,30,2,15,7,126,53.0329,146
unit_F2_m10_C30_a15_8.txt,unit,10,30,2,15,8,124,63.4042,454
unit_F2_m10_C30_a15_9.txt,unit,10,30,2,15,9,134,83.4678,464
unit_F2_m10_C30_a15_10.txt,unit,10,30,2,15,10,140,81.3935,1359
unit_F2_m10_C30_a15_11.txt,unit,10,30,2,15,11,154,76.4674,819
unit_F2_m10_C30_a15_12.txt,unit,10,30,2,15,12,126,92.164,198
unit_F2_m10_C30_a15_13.txt,unit,10,30,2,15,13,112,88.7517,105
unit_F2_m10_C30_a15_14.txt,unit,10,30,2,15,14,148,126.419,156
unit_F2_m10_C30_a15_15.txt,unit,10,30,2,15,15,126,229.878,2696
unit_F2_m10_C30_a15_16.txt,unit,10,30,2,15,16,156,84.2052,215
unit_F2_m10_C30_a15_17.txt,unit,10,30,2,15,17,128,186.285,1541
unit_F2_m10_C30_a15_18.txt,unit,10,30,2,15,18,158,76.6565,137
unit_F2_m10_C30_a15_19.txt,unit,10,30,2,15,19,110,57.3933,145
unit_F2_m10_C30_a15_20.txt,unit,10,30,2,15,20,104,97.4917,335
unit_F2_m10_C30_a15_21.txt,unit,10,30,2,15,21,128,91.6872,150
unit_F2_m10_C30_a15_22.txt,unit,10,30,2,15,22,126,100.54,89
unit_F2_m10_C30_a15_23.txt,unit,10,30,2,15,23,142,48.5211,70
unit_F2_m10_C30_a15_24.txt,unit,10,30,2,15,24,114,140.656,435
unit_F2_m10_C30_a15_25.txt,unit,10,30,2,15,25,136,141.211,1831
unit_F2_m10_C30_a15_26.txt,unit,10,30,2,15,26,128,96.8781,698
unit_F2_m10_C30_a15_27.txt,unit,10,30,2,15,27,116,80.3556,140
unit_F2_m10_C30_a15_28.txt,unit,10,30,2,15,28,112,240.719,856
unit_F2_m10_C30_a15_29.txt,unit,10,30,2,15,29,114,229.786,1465
unit_F2_m10_C30_a15_30.txt,unit,10,30,2,15,30,122,107.447,2009
unit_F2_m10_C30_a15_31.txt,unit,10,30,2,15,31,120,102.189,1080
unit_F2_m10_C30_a15_32.txt,unit,10,30,2,15,32,140,121.592,310
unit_F2_m10_C30_a15_33.txt,unit,10,30,2,15,33,128,179.495,504
unit_F2_m10_C30_a15_34.txt,unit,10,30,2,15,34,132,82.7828,195
unit_F2_m10_C30_a15_35.txt,unit,10,30,2,15,35,128,89.3171,360
unit_F2_m10_C30_a15_36.txt,unit,10,30,2,15,36,118,163.322,870
unit_F2_m10_C30_a15_37.txt,unit,10,30,2,15,37,96,75.2031,154
unit_F2_m10_C30_a15_38.txt,unit,10,30,2,15,38,126,70.2575,118
unit_F2_m10_C30_a15_39.txt,unit,10,30,2,15,39,140,56.4139,104
unit_F2_m10_C30_a15_40.txt,unit,10,30,2,15,40,160,79.9271,186
unit_F2_m10_C30_a15_41.txt,unit,10,30,2,15,41,112,77.443,231
unit_F2_m10_C30_a15_42.txt,unit,10,30,2,15,42,130,106.534,684
unit_F2_m10_C30_a15_43.txt,unit,10,30,2,15,43,134,174.247,1688
unit_F2_m10_C30_a15_44.txt,unit,10,30,2,15,44,146,74.8542,272
unit_F2_m10_C30_a15_45.txt,unit,10,30,2,15,45,114,578.889,2026
unit_F2_m10_C30_a15_46.txt,unit,10,30,2,15,46,120,58.8967,323
unit_F2_m10_C30_a15_47.txt,unit,10,30,2,15,47,128,87.5185,263
unit_F2_m10_C30_a15_48.txt,unit,10,30,2,15,48,122,69.9876,50
unit_F2_m10_C30_a15_49.txt,unit,10,30,2,15,49,116,73.2482,44
unit_F2_m10_C30_a30_0.txt,unit,10,30,2,30,0,158,213.472,8894
unit_F2_m10_C30_a30_1.txt,unit,10,30,2,30,1,172,189.932,16149
unit_F2_m10_C30_a30_2.txt,unit,10,30,2,30,2,152,145.394,4704
unit_F2_m10_C30_a30_3.txt,unit,10,30,2,30,3,192,319.045,8050
unit_F2_m10_C30_a30_4.txt,unit,10,30,2,30,4,200,119.063,6365
unit_F2_m10_C30_a30_5.txt,unit,10,30,2,30,5,176,141.556,10346
unit_F2_m10_C30_a30_6.txt,unit,10,30,2,30,6,168,176.714,3129
unit_F2_m10_C30_a30_7.txt,unit,10,30,2,30,7,190,158.755,17660
unit_F2_m10_C30_a30_8.txt,unit,10,30,2,30,8,164,127.946,5519
unit_F2_m10_C30_a30_9.txt,unit,10,30,2,30,9,194,117.689,3677
unit_F2_m10_C30_a30_10.txt,unit,10,30,2,30,10,184,211.944,6174
unit_F2_m10_C30_a30_11.txt,unit,10,30,2,30,11,184,182.22,5086
unit_F2_m10_C30_a30_12.txt,unit,10,30,2,30,12,182,230.14,8110
unit_F2_m10_C30_a30_13.txt,unit,10,30,2,30,13,172,219.209,7306
unit_F2_m10_C30_a30_14.txt,unit,10,30,2,30,14,188,93.9953,2583
unit_F2_m10_C30_a30_15.txt,unit,10,30,2,30,15,174,196.719,12695
unit_F2_m10_C30_a30_16.txt,unit,10,30,2,30,16,206,128.503,7897
unit_F2_m10_C30_a30_17.txt,unit,10,30,2,30,17,166,185.375,8773
unit_F2_m10_C30_a30_18.txt,unit,10,30,2,30,18,176,191.276,4360
unit_F2_m10_C30_a30_19.txt,unit,10,30,2,30,19,168,106.521,1999
unit_F2_m10_C30_a30_20.txt,unit,10,30,2,30,20,186,140.114,15729
unit_F2_m10_C30_a30_21.txt,unit,10,30,2,30,21,178,256.925,6232
unit_F2_m10_C30_a30_22.txt,unit,10,30,2,30,22,196,158.565,2197
unit_F2_m10_C30_a30_23.txt,unit,10,30,2,30,23,200,125.243,2979
unit_F2_m10_C30_a30_24.txt,unit,10,30,2,30,24,206,322.305,8144
unit_F2_m10_C30_a30_25.txt,unit,10,30,2,30,25,176,186.034,13611
unit_F2_m10_C30_a30_26.txt,unit,10,30,2,30,26,176,169.077,10531
unit_F2_m10_C30_a30_27.txt,unit,10,30,2,30,27,196,246.522,6385
unit_F2_m10_C30_a30_28.txt,unit,10,30,2,30,28,174,334.115,12850
unit_F2_m10_C30_a30_29.txt,unit,10,30,2,30,29,160,139.918,6761
unit_F2_m10_C30_a30_30.txt,unit,10,30,2,30,30,196,196.58,14013
unit_F2_m10_C30_a30_31.txt,unit,10,30,2,30,31,174,194.015,10910
unit_F2_m10_C30_a30_32.txt,unit,10,30,2,30,32,164,156.334,4803
unit_F2_m10_C30_a30_33.txt,unit,10,30,2,30,33,178,543.53,9614
unit_F2_m10_C30_a30_34.txt,unit,10,30,2,30,34,176,193.331,13324
unit_F2_m10_C30_a30_35.txt,unit,10,30,2,30,35,190,246.732,6359
unit_F2_m10_C30_a30_36.txt,unit,10,30,2,30,36,168,174.152,9400
unit_F2_m10_C30_a30_37.txt,unit,10,30,2,30,37,212,137.793,6191
unit_F2_m10_C30_a30_38.txt,unit,10,30,2,30,38,182,111.216,1819
unit_F2_m10_C30_a30_39.txt,unit,10,30,2,30,39,178,119.515,829
unit_F2_m10_C30_a30_40.txt,unit,10,30,2,30,40,198,104.782,2355
unit_F2_m10_C30_a30_41.txt,unit,10,30,2,30,41,192,116.094,1945
unit_F2_m10_C30_a30_42.txt,unit,10,30,2,30,42,188,169.937,4667
unit_F2_m10_C30_a30_43.txt,unit,10,30,2,30,43,190,204.173,2399
unit_F2_m10_C30_a30_44.txt,unit,10,30,2,30,44,182,114.673,1329
unit_F2_m10_C30_a30_45.txt,unit,10,30,2,30,45,174,588.213,10784
unit_F2_m10_C30_a30_46.txt,unit,10,30,2,30,46,158,111.027,3346
unit_F2_m10_C30_a30_47.txt,unit,10,30,2,30,47,184,217.631,18863
unit_F2_m10_C30_a30_48.txt,unit,10,30,2,30,48,188,147.108,1521
unit_F2_m10_C30_a30_49.txt,unit,10,30,2,30,49,196,158.376,5437
unit_F5_m10_C30_a3_0.txt,unit,10,30,5,3,0,44,170.046,10
unit_F5_m10_C30_a3_1.txt,unit,10,30,5,3,1,34,326.639,17
unit_F5_m10_C30_a3_2.txt,unit,10,30,5,3,2,36,782.41,64
unit_F5_m10_C30_a3_3.txt,unit,10,30,5,3,3,22,170.332,12
unit_F5_m10_C30_a3_4.txt,unit,10,30,5,3,4,28,95.3876,8
unit_F5_m10_C30_a3_5.txt,unit,10,30,5,3,5,52,77.251,10
unit_F5_m10_C30_a3_6.txt,unit,10,30,5,3,6,24,160.656,14
unit_F5_m10_C30_a3_7.txt,unit,10,30,5,3,7,52,72.5492,19
unit_F5_m10_C30_a3_8.txt,unit,10,30,5,3,8,32,704.375,26
unit_F5_m10_C30_a3_9.txt,unit,10,30,5,3,9,42,177.588,15
unit_F5_m10_C30_a3_10.txt,unit,10,30,5,3,10,58,105.185,12
unit_F5_m10_C30_a3_11.txt,unit,10,30,5,3,11,62,68.0902,15
unit_F5_m10_C30_a3_12.txt,unit,10,30,5,3,12,26,209.225,12
unit_F5_m10_C30_a3_13.txt,unit,10,30,5,3,13,90,63.3483,22
unit_F5_m10_C30_a3_14.txt,unit,10,30,5,3,14,36,1.518.51,38
unit_F5_m10_C30_a3_15.txt,unit,10,30,5,3,15,44,196.075,7
unit_F5_m10_C30_a3_16.txt,unit,10,30,5,3,16,26,535.979,37
unit_F5_m10_C30_a3_17.txt,unit,10,30,5,3,17,38,163.399,14
unit_F5_m10_C30_a3_18.txt,unit,10,30,5,3,18,66,39.6773,4
unit_F5_m10_C30_a3_19.txt,unit,10,30,5,3,19,64,174.608,14
unit_F5_m10_C30_a3_20.txt,unit,10,30,5,3,20,58,81.5777,8
unit_F5_m10_C30_a3_21.txt,unit,10,30,5,3,21,28,127.46,10
unit_F5_m10_C30_a3_22.txt,unit,10,30,5,3,22,52,131.58,38
unit_F5_m10_C30_a3_23.txt,unit,10,30,5,3,23,44,1.005.65,16
unit_F5_m10_C30_a3_24.txt,unit,10,30,5,3,24,86,45.9905,7
unit_F5_m10_C30_a3_25.txt,unit,10,30,5,3,25,36,258.043,23
unit_F5_m10_C30_a3_26.txt,unit,10,30,5,3,26,20,97.3943,8
unit_F5_m10_C30_a3_27.txt,unit,10,30,5,3,27,34,386.01,15
unit_F5_m10_C30_a3_28.txt,unit,10,30,5,3,28,40,182.131,26
unit_F5_m10_C30_a3_29.txt,unit,10,30,5,3,29,42,504.793,14
unit_F5_m10_C30_a3_30.txt,unit,10,30,5,3,30,16,93.9496,10
unit_F5_m10_C30_a3_31.txt,unit,10,30,5,3,31,52,121.078,10
unit_F5_m10_C30_a3_32.txt,unit,10,30,5,3,32,16,105.058,21
unit_F5_m10_C30_a3_33.txt,unit,10,30,5,3,33,76,68.6068,12
unit_F5_m10_C30_a3_34.txt,unit,10,30,5,3,34,26,185.5,16
unit_F5_m10_C30_a3_35.txt,unit,10,30,5,3,35,20,213.213,16
unit_F5_m10_C30_a3_36.txt,unit,10,30,5,3,36,58,133.011,7
unit_F5_m10_C30_a3_37.txt,unit,10,30,5,3,37,20,49.3992,6
unit_F5_m10_C30_a3_38.txt,unit,10,30,5,3,38,18,89.2846,13
unit_F5_m10_C30_a3_39.txt,unit,10,30,5,3,39,82,39.66,5
unit_F5_m10_C30_a3_40.txt,unit,10,30,5,3,40,26,58.9314,10
unit_F5_m10_C30_a3_41.txt,unit,10,30,5,3,41,28,78.3666,8
unit_F5_m10_C30_a3_42.txt,unit,10,30,5,3,42,28,72.1556,19
unit_F5_m10_C30_a3_43.txt,unit,10,30,5,3,43,78,114.57,12
unit_F5_m10_C30_a3_44.txt,unit,10,30,5,3,44,42,136.15,14
unit_F5_m10_C30_a3_45.txt,unit,10,30,5,3,45,26,72.4416,12
unit_F5_m10_C30_a3_46.txt,unit,10,30,5,3,46,22,173.993,31
unit_F5_m10_C30_a3_47.txt,unit,10,30,5,3,47,44,145.902,7
unit_F5_m10_C30_a3_48.txt,unit,10,30,5,3,48,26,186.478,8
unit_F5_m10_C30_a3_49.txt,unit,10,30,5,3,49,28,538.09,28
unit_F5_m10_C30_a7_0.txt,unit,10,30,5,7,0,72,303.603,1546
unit_F5_m10_C30_a7_1.txt,unit,10,30,5,7,1,44,1.087.27,9665
unit_F5_m10_C30_a7_2.txt,unit,10,30,5,7,2,54,734.17,3614
unit_F5_m10_C30_a7_3.txt,unit,10,30,5,7,3,56,1.278.62,18411
unit_F5_m10_C30_a7_4.txt,unit,10,30,5,7,4,52,143.119,999
unit_F5_m10_C30_a7_5.txt,unit,10,30,5,7,5,94,258.334,7724
unit_F5_m10_C30_a7_6.txt,unit,10,30,5,7,6,60,268.871,722
unit_F5_m10_C30_a7_7.txt,unit,10,30,5,7,7,64,170.932,1895
unit_F5_m10_C30_a7_8.txt,unit,10,30,5,7,8,50,3.012.24,12517
unit_F5_m10_C30_a7_9.txt,unit,10,30,5,7,9,96,135.638,3276
unit_F5_m10_C30_a7_10.txt,unit,10,30,5,7,10,82,97.9724,670
unit_F5_m10_C30_a7_11.txt,unit,10,30,5,7,11,62,213.401,4840
unit_F5_m10_C30_a7_12.txt,unit,10,30,5,7,12,42,476.432,4357
unit_F5_m10_C30_a7_13.txt,unit,10,30,5,7,13,106,71.6584,107
unit_F5_m10_C30_a7_14.txt,unit,10,30,5,7,14,52,3.371.12,8301
unit_F5_m10_C30_a7_15.txt,unit,10,30,5,7,15,56,1.014.53,2334
unit_F5_m10_C30_a7_16.txt,unit,10,30,5,7,16,82,372.715,11689
unit_F5_m10_C30_a7_17.txt,unit,10,30,5,7,17,70,120.962,1117
unit_F5_m10_C30_a7_18.txt,unit,10,30,5,7,18,68,106.394,1107
unit_F5_m10_C30_a7_19.txt,unit,10,30,5,7,19,76,1.986.44,2306
unit_F5_m10_C30_a7_20.txt,unit,10,30,5,7,20,58,151.721,475
unit_F5_m10_C30_a7_21.txt,unit,10,30,5,7,21,54,716.165,541
unit_F5_m10_C30_a7_22.txt,unit,10,30,5,7,22,58,376.51,2442
unit_F5_m10_C30_a7_23.txt,unit,10,30,5,7,23,68,262.637,2955
unit_F5_m10_C30_a7_24.txt,unit,10,30,5,7,24,102,115.387,457
unit_F5_m10_C30_a7_25.txt,unit,10,30,5,7,25,42,1.556.78,7978
unit_F5_m10_C30_a7_26.txt,unit,10,30,5,7,26,54,661.699,1159
unit_F5_m10_C30_a7_27.txt,unit,10,30,5,7,27,52,684.473,5286
unit_F5_m10_C30_a7_28.txt,unit,10,30,5,7,28,58,377.066,724
unit_F5_m10_C30_a7_29.txt,unit,10,30,5,7,29,56,2.257.08,4578
unit_F5_m10_C30_a7_30.txt,unit,10,30,5,7,30,44,974.287,2116
unit_F5_m10_C30_a7_31.txt,unit,10,30,5,7,31,66,137.358,1256
unit_F5_m10_C30_a7_32.txt,unit,10,30,5,7,32,46,123.91,456
unit_F5_m10_C30_a7_33.txt,unit,10,30,5,7,33,86,350.566,3468
unit_F5_m10_C30_a7_34.txt,unit,10,30,5,7,34,64,1.757.87,13124
unit_F5_m10_C30_a7_35.txt,unit,10,30,5,7,35,54,1.169.94,10893
unit_F5_m10_C30_a7_36.txt,unit,10,30,5,7,36,58,724.707,1149
unit_F5_m10_C30_a7_37.txt,unit,10,30,5,7,37,32,138.683,730
unit_F5_m10_C30_a7_38.txt,unit,10,30,5,7,38,44,2.072.50,1986
unit_F5_m10_C30_a7_39.txt,unit,10,30,5,7,39,82,119.045,116
unit_F5_m10_C30_a7_40.txt,unit,10,30,5,7,40,54,658.549,430
unit_F5_m10_C30_a7_41.txt,unit,10,30,5,7,41,60,165.985,614
unit_F5_m10_C30_a7_42.txt,unit,10,30,5,7,42,80,143.587,2415
unit_F5_m10_C30_a7_43.txt,unit,10,30,5,7,43,78,620.804,4632
unit_F5_m10_C30_a7_44.txt,unit,10,30,5,7,44,60,438.574,6019
unit_F5_m10_C30_a7_45.txt,unit,10,30,5,7,45,68,98.9107,399
unit_F5_m10_C30_a7_46.txt,unit,10,30,5,7,46,66,643.029,1461
unit_F5_m10_C30_a7_47.txt,unit,10,30,5,7,47,70,95.2259,29
unit_F5_m10_C30_a7_48.txt,unit,10,30,5,7,48,80,314.318,2084
unit_F5_m10_C30_a7_49.txt,unit,10,30,5,7,49,54,742.159,1956
unit_F5_m10_C30_a15_0.txt,unit,10,30,5,15,0,82,1.697.75,60000
unit_F5_m10_C30_a15_1.txt,unit,10,30,5,15,1,108,528.676,60000
unit_F5_m10_C30_a15_2.txt,unit,10,30,5,15,2,78,1.782.18,60000
unit_F5_m10_C30_a15_3.txt,unit,10,30,5,15,3,102,2.258.30,60000
unit_F5_m10_C30_a15_4.txt,unit,10,30,5,15,4,124,431.347,43137
unit_F5_m10_C30_a15_5.txt,unit,10,30,5,15,5,118,421.445,60000
unit_F5_m10_C30_a15_6.txt,unit,10,30,5,15,6,102,2.441.85,57658
unit_F5_m10_C30_a15_7.txt,unit,10,30,5,15,7,94,1.073.83,60000
unit_F5_m10_C30_a15_8.txt,unit,10,30,5,15,8,92,3.030.07,60000
unit_F5_m10_C30_a15_9.txt,unit,10,30,5,15,9,114,717.071,60000
unit_F5_m10_C30_a15_10.txt,unit,10,30,5,15,10,98,848.235,60000
unit_F5_m10_C30_a15_11.txt,unit,10,30,5,15,11,100,642.488,57287
unit_F5_m10_C30_a15_12.txt,unit,10,30,5,15,12,48,1.003.71,60000
unit_F5_m10_C30_a15_13.txt,unit,10,30,5,15,13,124,196.111,2330
unit_F5_m10_C30_a15_14.txt,unit,10,30,5,15,14,86,4.006.55,60000
unit_F5_m10_C30_a15_15.txt,unit,10,30,5,15,15,84,1.164.84,60000
unit_F5_m10_C30_a15_16.txt,unit,10,30,5,15,16,110,644.894,60000
unit_F5_m10_C30_a15_17.txt,unit,10,30,5,15,17,92,1.312.60,60000
unit_F5_m10_C30_a15_18.txt,unit,10,30,5,15,18,102,582.102,60000
unit_F5_m10_C30_a15_19.txt,unit,10,30,5,15,19,88,2.723.46,60000
unit_F5_m10_C30_a15_20.txt,unit,10,30,5,15,20,92,526.486,60000
unit_F5_m10_C30_a15_21.txt,unit,10,30,5,15,21,84,857.214,60000
unit_F5_m10_C30_a15_22.txt,unit,10,30,5,15,22,90,824.782,21109
unit_F5_m10_C30_a15_23.txt,unit,10,30,5,15,23,118,2.375.04,60000
unit_F5_m10_C30_a15_24.txt,unit,10,30,5,15,24,104,737.28,60000
unit_F5_m10_C30_a15_25.txt,unit,10,30,5,15,25,98,508.144,60000
unit_F5_m10_C30_a15_26.txt,unit,10,30,5,15,26,96,1.626.07,60000
unit_F5_m10_C30_a15_27.txt,unit,10,30,5,15,27,94,673.884,60000
unit_F5_m10_C30_a15_28.txt,unit,10,30,5,15,28,66,841.388,32888
unit_F5_m10_C30_a15_29.txt,unit,10,30,5,15,29,80,474.295,60000
unit_F5_m10_C30_a15_30.txt,unit,10,30,5,15,30,80,1.035.33,60000
unit_F5_m10_C30_a15_31.txt,unit,10,30,5,15,31,84,1.365.58,60000
unit_F5_m10_C30_a15_32.txt,unit,10,30,5,15,32,84,1.143.70,20880
unit_F5_m10_C30_a15_33.txt,unit,10,30,5,15,33,102,2.214.63,60000
unit_F5_m10_C30_a15_34.txt,unit,10,30,5,15,34,82,2.277.60,60000
unit_F5_m10_C30_a15_35.txt,unit,10,30,5,15,35,78,594.112,60000
unit_F5_m10_C30_a15_36.txt,unit,10,30,5,15,36,96,1.256.35,60000
unit_F5_m10_C30_a15_37.txt,unit,10,30,5,15,37,96,409.084,60000
unit_F5_m10_C30_a15_38.txt,unit,10,30,5,15,38,72,675.863,60000
unit_F5_m10_C30_a15_39.txt,unit,10,30,5,15,39,90,694.519,60000
unit_F5_m10_C30_a15_40.txt,unit,10,30,5,15,40,82,822.349,60000
unit_F5_m10_C30_a15_41.txt,unit,10,30,5,15,41,90,2.606.65,60000
unit_F5_m10_C30_a15_42.txt,unit,10,30,5,15,42,100,781.517,60000
unit_F5_m10_C30_a15_43.txt,unit,10,30,5,15,43,102,419.402,34972
unit_F5_m10_C30_a15_44.txt,unit,10,30,5,15,44,90,611.559,60000
unit_F5_m10_C30_a15_45.txt,unit,10,30,5,15,45,98,855.817,60000
unit_F5_m10_C30_a15_46.txt,unit,10,30,5,15,46,74,1.715.65,60000
unit_F5_m10_C30_a15_47.txt,unit,10,30,5,15,47,86,350.507,42200
unit_F5_m10_C30_a15_48.txt,unit,10,30,5,15,48,88,778.723,60000
unit_F5_m10_C30_a15_49.txt,unit,10,30,5,15,49,98,2.132.80,60000
unit_F5_m10_C30_a30_0.txt,unit,10,30,5,30,0,142,1.505.65,60000
unit_F5_m10_C30_a30_1.txt,unit,10,30,5,30,1,126,1.458.56,60000
unit_F5_m10_C30_a30_2.txt,unit,10,30,5,30,2,144,1.347.99,60000
unit_F5_m10_C30_a30_3.txt,unit,10,30,5,30,3,148,1.092.52,60000
unit_F5_m10_C30_a30_4.txt,unit,10,30,5,30,4,184,1.134.91,60000
unit_F5_m10_C30_a30_5.txt,unit,10,30,5,30,5,170,928.097,60000
unit_F5_m10_C30_a30_6.txt,unit,10,30,5,30,6,156,2.127.78,60000
unit_F5_m10_C30_a30_7.txt,unit,10,30,5,30,7,138,1.795.74,60000
unit_F5_m10_C30_a30_8.txt,unit,10,30,5,30,8,140,1.074.55,60000
unit_F5_m10_C30_a30_9.txt,unit,10,30,5,30,9,174,1.542.59,60000
unit_F5_m10_C30_a30_10.txt,unit,10,30,5,30,10,152,1.317.69,60000
unit_F5_m10_C30_a30_11.txt,unit,10,30,5,30,11,140,2.751.11,60000
unit_F5_m10_C30_a30_12.txt,unit,10,30,5,30,12,144,1.025.13,60000
unit_F5_m10_C30_a30_13.txt,unit,10,30,5,30,13,144,1.099.98,60000
unit_F5_m10_C30_a30_14.txt,unit,10,30,5,30,14,134,1.795.77,60000
unit_F5_m10_C30_a30_15.txt,unit,10,30,5,30,15,158,2.280.73,60000
unit_F5_m10_C30_a30_16.txt,unit,10,30,5,30,16,152,2.065.62,60000
unit_F5_m10_C30_a30_17.txt,unit,10,30,5,30,17,144,981.109,60000
unit_F5_m10_C30_a30_18.txt,unit,10,30,5,30,18,150,1.300.69,60000
unit_F5_m10_C30_a30_19.txt,unit,10,30,5,30,19,122,4.518.57,60000
unit_F5_m10_C30_a30_20.txt,unit,10,30,5,30,20,162,1.188.69,60000
unit_F5_m10_C30_a30_21.txt,unit,10,30,5,30,21,124,2.800.04,60000
unit_F5_m10_C30_a30_22.txt,unit,10,30,5,30,22,126,3.226.36,60000
unit_F5_m10_C30_a30_23.txt,unit,10,30,5,30,23,164,1.486.80,60000
unit_F5_m10_C30_a30_24.txt,unit,10,30,5,30,24,150,2.371.04,60000
unit_F5_m10_C30_a30_25.txt,unit,10,30,5,30,25,142,1.294.80,60000
unit_F5_m10_C30_a30_26.txt,unit,10,30,5,30,26,160,1.096.69,60000
unit_F5_m10_C30_a30_27.txt,unit,10,30,5,30,27,148,1.733.90,60000
unit_F5_m10_C30_a30_28.txt,unit,10,30,5,30,28,140,2.872.19,60000
unit_F5_m10_C30_a30_29.txt,unit,10,30,5,30,29,140,4.467.53,60000
unit_F5_m10_C30_a30_30.txt,unit,10,30,5,30,30,148,1.185.26,60000
unit_F5_m10_C30_a30_31.txt,unit,10,30,5,30,31,120,1.466.50,60000
unit_F5_m10_C30_a30_32.txt,unit,10,30,5,30,32,120,1.476.06,60000
unit_F5_m10_C30_a30_33.txt,unit,10,30,5,30,33,144,2.141.81,60000
unit_F5_m10_C30_a30_34.txt,unit,10,30,5,30,34,116,1.334.64,60000
unit_F5_m10_C30_a30_35.txt,unit,10,30,5,30,35,156,1.146.63,60000
unit_F5_m10_C30_a30_36.txt,unit,10,30,5,30,36,152,2.840.09,60000
unit_F5_m10_C30_a30_37.txt,unit,10,30,5,30,37,144,1.909.63,60000
unit_F5_m10_C30_a30_38.txt,unit,10,30,5,30,38,148,2.271.74,60000
unit_F5_m10_C30_a30_39.txt,unit,10,30,5,30,39,138,1.163.30,60000
unit_F5_m10_C30_a30_40.txt,unit,10,30,5,30,40,148,822.151,60000
unit_F5_m10_C30_a30_41.txt,unit,10,30,5,30,41,140,2.509.08,60000
unit_F5_m10_C30_a30_42.txt,unit,10,30,5,30,42,178,762.432,60000
unit_F5_m10_C30_a30_43.txt,unit,10,30,5,30,43,130,983.288,60000
unit_F5_m10_C30_a30_44.txt,unit,10,30,5,30,44,168,999.488,60000
unit_F5_m10_C30_a30_45.txt,unit,10,30,5,30,45,120,1.524.44,60000
unit_F5_m10_C30_a30_46.txt,unit,10,30,5,30,46,164,935.38,60000
unit_F5_m10_C30_a30_47.txt,unit,10,30,5,30,47,148,946.008,60000
unit_F5_m10_C30_a30_48.txt,unit,10,30,5,30,48,156,3.453.31,60000
unit_F5_m10_C30_a30_49.txt,unit,10,30,5,30,49,138,3.562.64,60000
unit_F2_m10_C60_a3_0.txt,unit,10,60,2,3,0,108,41.1673,3
unit_F2_m10_C60_a3_1.txt,unit,10,60,2,3,1,120,16.2986,3
unit_F2_m10_C60_a3_2.txt,unit,10,60,2,3,2,78,26.4115,3
unit_F2_m10_C60_a3_3.txt,unit,10,60,2,3,3,38,8.0535,3
unit_F2_m10_C60_a3_4.txt,unit,10,60,2,3,4,90,29.0432,5
unit_F2_m10_C60_a3_5.txt,unit,10,60,2,3,5,98,24.4082,3
unit_F2_m10_C60_a3_6.txt,unit,10,60,2,3,6,108,72.174,5
unit_F2_m10_C60_a3_7.txt,unit,10,60,2,3,7,140,16.23,3
unit_F2_m10_C60_a3_8.txt,unit,10,60,2,3,8,80,160.475,7
unit_F2_m10_C60_a3_9.txt,unit,10,60,2,3,9,120,3.128,3
unit_F2_m10_C60_a3_10.txt,unit,10,60,2,3,10,92,31.3485,3
unit_F2_m10_C60_a3_11.txt,unit,10,60,2,3,11,86,41.8557,3
unit_F2_m10_C60_a3_12.txt,unit,10,60,2,3,12,116,36.1123,4
unit_F2_m10_C60_a3_13.txt,unit,10,60,2,3,13,160,7.042,2
unit_F2_m10_C60_a3_14.txt,unit,10,60,2,3,14,86,6.9643,3
unit_F2_m10_C60_a3_15.txt,unit,10,60,2,3,15,114,28.848,7
unit_F2_m10_C60_a3_16.txt,unit,10,60,2,3,16,140,17.1737,4
unit_F2_m10_C60_a3_17.txt,unit,10,60,2,3,17,128,26.0777,4
unit_F2_m10_C60_a3_18.txt,unit,10,60,2,3,18,52,80.8808,6
unit_F2_m10_C60_a3_19.txt,unit,10,60,2,3,19,102,61.0236,4
unit_F2_m10_C60_a3_20.txt,unit,10,60,2,3,20,92,99.7808,3
unit_F2_m10_C60_a3_21.txt,unit,10,60,2,3,21,102,26.2576,4
unit_F2_m10_C60_a3_22.txt,unit,10,60,2,3,22,160,28.0751,3
unit_F2_m10_C60_a3_23.txt,unit,10,60,2,3,23,160,23.96,3
unit_F2_m10_C60_a3_24.txt,unit,10,60,2,3,24,116,114.651,6
unit_F2_m10_C60_a3_25.txt,unit,10,60,2,3,25,92,510.251,14
unit_F2_m10_C60_a3_26.txt,unit,10,60,2,3,26,154,34.8538,5
unit_F2_m10_C60_a3_27.txt,unit,10,60,2,3,27,86,45.1195,5
unit_F2_m10_C60_a3_28.txt,unit,10,60,2,3,28,160,4.5862,6
unit_F2_m10_C60_a3_29.txt,unit,10,60,2,3,29,74,4.7769,5
unit_F2_m10_C60_a3_30.txt,unit,10,60,2,3,30,160,7.0395,7
unit_F2_m10_C60_a3_31.txt,unit,10,60,2,3,31,126,52.8572,8
unit_F2_m10_C60_a3_32.txt,unit,10,60,2,3,32,92,41.574,4
unit_F2_m10_C60_a3_33.txt,unit,10,60,2,3,33,86,46.498,4
unit_F2_m10_C60_a3_34.txt,unit,10,60,2,3,34,86,59.1916,7
unit_F2_m10_C60_a3_35.txt,unit,10,60,2,3,35,160,15.4271,4
unit_F2_m10_C60_a3_36.txt,unit,10,60,2,3,36,106,12.9145,3
unit_F2_m10_C60_a3_37.txt,unit,10,60,2,3,37,130,31.8531,4
unit_F2_m10_C60_a3_38.txt,unit,10,60,2,3,38,144,22.7982,3
unit_F2_m10_C60_a3_39.txt,unit,10,60,2,3,39,112,191.233,6
unit_F2_m10_C60_a3_40.txt,unit,10,60,2,3,40,96,415.704,10
unit_F2_m10_C60_a3_41.txt,unit,10,60,2,3,41,100,29.3388,5
unit_F2_m10_C60_a3_42.txt,unit,10,60,2,3,42,42,31.4239,6
unit_F2_m10_C60_a3_43.txt,unit,10,60,2,3,43,134,36.7272,4
unit_F2_m10_C60_a3_44.txt,unit,10,60,2,3,44,64,30.0797,3
unit_F2_m10_C60_a3_45.txt,unit,10,60,2,3,45,74,50.9922,4
unit_F2_m10_C60_a3_46.txt,unit,10,60,2,3,46,86,31.259,2
unit_F2_m10_C60_a3_47.txt,unit,10,60,2,3,47,108,22.74,3
unit_F2_m10_C60_a3_48.txt,unit,10,60,2,3,48,130,45.6269,6
unit_F2_m10_C60_a3_49.txt,unit,10,60,2,3,49,68,37.9986,7
unit_F2_m10_C60_a7_0.txt,unit,10,60,2,7,0,164,56.7313,56
unit_F2_m10_C60_a7_1.txt,unit,10,60,2,7,1,176,33.769,7
unit_F2_m10_C60_a7_2.txt,unit,10,60,2,7,2,168,66.4265,40
unit_F2_m10_C60_a7_3.txt,unit,10,60,2,7,3,124,54.5633,33
unit_F2_m10_C60_a7_4.txt,unit,10,60,2,7,4,148,79.6004,176
unit_F2_m10_C60_a7_5.txt,unit,10,60,2,7,5,160,91.6289,36
unit_F2_m10_C60_a7_6.txt,unit,10,60,2,7,6,142,31.2102,35
unit_F2_m10_C60_a7_7.txt,unit,10,60,2,7,7,174,36.0294,26
unit_F2_m10_C60_a7_8.txt,unit,10,60,2,7,8,158,322.863,106
unit_F2_m10_C60_a7_9.txt,unit,10,60,2,7,9,178,49.4738,32
unit_F2_m10_C60_a7_10.txt,unit,10,60,2,7,10,112,49.9627,6
unit_F2_m10_C60_a7_11.txt,unit,10,60,2,7,11,110,61.0146,46
unit_F2_m10_C60_a7_12.txt,unit,10,60,2,7,12,146,107.731,129
unit_F2_m10_C60_a7_13.txt,unit,10,60,2,7,13,184,28.4532,15
unit_F2_m10_C60_a7_14.txt,unit,10,60,2,7,14,186,63.0546,13
unit_F2_m10_C60_a7_15.txt,unit,10,60,2,7,15,154,54.4965,43
unit_F2_m10_C60_a7_16.txt,unit,10,60,2,7,16,146,58.4568,54
unit_F2_m10_C60_a7_17.txt,unit,10,60,2,7,17,172,47.2852,66
unit_F2_m10_C60_a7_18.txt,unit,10,60,2,7,18,90,69.0775,79
unit_F2_m10_C60_a7_19.txt,unit,10,60,2,7,19,148,53.033,83
unit_F2_m10_C60_a7_20.txt,unit,10,60,2,7,20,154,48.7937,69
unit_F2_m10_C60_a7_21.txt,unit,10,60,2,7,21,112,39.633,20
unit_F2_m10_C60_a7_22.txt,unit,10,60,2,7,22,172,48.0506,16
unit_F2_m10_C60_a7_23.txt,unit,10,60,2,7,23,164,42.5582,46
unit_F2_m10_C60_a7_24.txt,unit,10,60,2,7,24,156,43.1011,40
unit_F2_m10_C60_a7_25.txt,unit,10,60,2,7,25,134,109.77,33
unit_F2_m10_C60_a7_26.txt,unit,10,60,2,7,26,192,42.5155,6
unit_F2_m10_C60_a7_27.txt,unit,10,60,2,7,27,168,40.3099,47
unit_F2_m10_C60_a7_28.txt,unit,10,60,2,7,28,174,62.1351,22
unit_F2_m10_C60_a7_29.txt,unit,10,60,2,7,29,86,48.74,10
unit_F2_m10_C60_a7_30.txt,unit,10,60,2,7,30,166,88.926,24
unit_F2_m10_C60_a7_31.txt,unit,10,60,2,7,31,164,76.3548,23
unit_F2_m10_C60_a7_32.txt,unit,10,60,2,7,32,136,79.8365,32
unit_F2_m10_C60_a7_33.txt,unit,10,60,2,7,33,100,73.0624,13
unit_F2_m10_C60_a7_34.txt,unit,10,60,2,7,34,138,55.5519,20
unit_F2_m10_C60_a7_35.txt,unit,10,60,2,7,35,166,45.1358,51
unit_F2_m10_C60_a7_36.txt,unit,10,60,2,7,36,162,35.3816,22
unit_F2_m10_C60_a7_37.txt,unit,10,60,2,7,37,152,62.5445,145
unit_F2_m10_C60_a7_38.txt,unit,10,60,2,7,38,162,20.3064,15
unit_F2_m10_C60_a7_39.txt,unit,10,60,2,7,39,162,52.9349,19
unit_F2_m10_C60_a7_40.txt,unit,10,60,2,7,40,114,79.2239,75
unit_F2_m10_C60_a7_41.txt,unit,10,60,2,7,41,160,116.133,141
unit_F2_m10_C60_a7_42.txt,unit,10,60,2,7,42,116,50.9204,28
unit_F2_m10_C60_a7_43.txt,unit,10,60,2,7,43,142,49.9123,21
unit_F2_m10_C60_a7_44.txt,unit,10,60,2,7,44,152,69.7168,10
unit_F2_m10_C60_a7_45.txt,unit,10,60,2,7,45,100,71.6218,138
unit_F2_m10_C60_a7_46.txt,unit,10,60,2,7,46,112,145.704,76
unit_F2_m10_C60_a7_47.txt,unit,10,60,2,7,47,166,45.5474,28
unit_F2_m10_C60_a7_48.txt,unit,10,60,2,7,48,152,61.3636,90
unit_F2_m10_C60_a7_49.txt,unit,10,60,2,7,49,102,88.7503,221
unit_F2_m10_C60_a15_0.txt,unit,10,60,2,15,0,200,73.1385,277
unit_F2_m10_C60_a15_1.txt,unit,10,60,2,15,1,186,81.8803,200
unit_F2_m10_C60_a15_2.txt,unit,10,60,2,15,2,216,153.8,430
unit_F2_m10_C60_a15_3.txt,unit,10,60,2,15,3,250,70.3683,59
unit_F2_m10_C60_a15_4.txt,unit,10,60,2,15,4,184,73.7723,668
unit_F2_m10_C60_a15_5.txt,unit,10,60,2,15,5,202,105.525,936
unit_F2_m10_C60_a15_6.txt,unit,10,60,2,15,6,208,84.1546,137
unit_F2_m10_C60_a15_7.txt,unit,10,60,2,15,7,234,90.1498,230
unit_F2_m10_C60_a15_8.txt,unit,10,60,2,15,8,232,78.5067,149
unit_F2_m10_C60_a15_9.txt,unit,10,60,2,15,9,208,66.1483,383
unit_F2_m10_C60_a15_10.txt,unit,10,60,2,15,10,204,53.5093,86
unit_F2_m10_C60_a15_11.txt,unit,10,60,2,15,11,190,108.663,462
unit_F2_m10_C60_a15_12.txt,unit,10,60,2,15,12,178,92.6123,1408
unit_F2_m10_C60_a15_13.txt,unit,10,60,2,15,13,232,73.6787,77
unit_F2_m10_C60_a15_14.txt,unit,10,60,2,15,14,210,243.116,423
unit_F2_m10_C60_a15_15.txt,unit,10,60,2,15,15,208,108.313,826
unit_F2_m10_C60_a15_16.txt,unit,10,60,2,15,16,194,112.156,332
unit_F2_m10_C60_a15_17.txt,unit,10,60,2,15,17,212,91.0821,63
unit_F2_m10_C60_a15_18.txt,unit,10,60,2,15,18,168,96.3113,454
unit_F2_m10_C60_a15_19.txt,unit,10,60,2,15,19,192,102.74,524
unit_F2_m10_C60_a15_20.txt,unit,10,60,2,15,20,184,171.899,998
unit_F2_m10_C60_a15_21.txt,unit,10,60,2,15,21,176,86.3172,233
unit_F2_m10_C60_a15_22.txt,unit,10,60,2,15,22,226,57.3321,94
unit_F2_m10_C60_a15_23.txt,unit,10,60,2,15,23,216,43.3571,104
unit_F2_m10_C60_a15_24.txt,unit,10,60,2,15,24,220,68.7148,336
unit_F2_m10_C60_a15_25.txt,unit,10,60,2,15,25,192,72.8057,295
unit_F2_m10_C60_a15_26.txt,unit,10,60,2,15,26,276,119.643,129
unit_F2_m10_C60_a15_27.txt,unit,10,60,2,15,27,202,74.7255,333
unit_F2_m10_C60_a15_28.txt,unit,10,60,2,15,28,182,76.202,348
unit_F2_m10_C60_a15_29.txt,unit,10,60,2,15,29,138,65.5773,159
unit_F2_m10_C60_a15_30.txt,unit,10,60,2,15,30,226,131.993,234
unit_F2_m10_C60_a15_31.txt,unit,10,60,2,15,31,240,84.6075,83
unit_F2_m10_C60_a15_32.txt,unit,10,60,2,15,32,184,137.238,757
unit_F2_m10_C60_a15_33.txt,unit,10,60,2,15,33,160,247.842,302
unit_F2_m10_C60_a15_34.txt,unit,10,60,2,15,34,184,93.8851,323
unit_F2_m10_C60_a15_35.txt,unit,10,60,2,15,35,226,104.96,113
unit_F2_m10_C60_a15_36.txt,unit,10,60,2,15,36,214,113.189,303
unit_F2_m10_C60_a15_37.txt,unit,10,60,2,15,37,212,89.7588,639
unit_F2_m10_C60_a15_38.txt,unit,10,60,2,15,38,174,104.787,314
unit_F2_m10_C60_a15_39.txt,unit,10,60,2,15,39,180,140.144,589
unit_F2_m10_C60_a15_40.txt,unit,10,60,2,15,40,186,313.839,5870
unit_F2_m10_C60_a15_41.txt,unit,10,60,2,15,41,176,76.792,416
unit_F2_m10_C60_a15_42.txt,unit,10,60,2,15,42,176,130.565,275
unit_F2_m10_C60_a15_43.txt,unit,10,60,2,15,43,186,95.1369,287
unit_F2_m10_C60_a15_44.txt,unit,10,60,2,15,44,224,115.929,191
unit_F2_m10_C60_a15_45.txt,unit,10,60,2,15,45,144,129.205,1148
unit_F2_m10_C60_a15_46.txt,unit,10,60,2,15,46,166,86.2592,336
unit_F2_m10_C60_a15_47.txt,unit,10,60,2,15,47,236,68.7021,115
unit_F2_m10_C60_a15_48.txt,unit,10,60,2,15,48,220,169.861,1436
unit_F2_m10_C60_a15_49.txt,unit,10,60,2,15,49,182,115.548,1552
unit_F2_m10_C60_a30_0.txt,unit,10,60,2,30,0,312,147.381,5955
unit_F2_m10_C60_a30_1.txt,unit,10,60,2,30,1,254,377.897,12705
unit_F2_m10_C60_a30_2.txt,unit,10,60,2,30,2,252,173.662,6518
unit_F2_m10_C60_a30_3.txt,unit,10,60,2,30,3,384,320.357,3648
unit_F2_m10_C60_a30_4.txt,unit,10,60,2,30,4,300,132.348,16305
unit_F2_m10_C60_a30_5.txt,unit,10,60,2,30,5,258,203.32,4128
unit_F2_m10_C60_a30_6.txt,unit,10,60,2,30,6,326,111.171,1503
unit_F2_m10_C60_a30_7.txt,unit,10,60,2,30,7,282,130.877,3530
unit_F2_m10_C60_a30_8.txt,unit,10,60,2,30,8,258,188.408,10707
unit_F2_m10_C60_a30_9.txt,unit,10,60,2,30,9,322,112.193,953
unit_F2_m10_C60_a30_10.txt,unit,10,60,2,30,10,284,140.887,2237
unit_F2_m10_C60_a30_11.txt,unit,10,60,2,30,11,258,300.945,12971
unit_F2_m10_C60_a30_12.txt,unit,10,60,2,30,12,228,173.681,13623
unit_F2_m10_C60_a30_13.txt,unit,10,60,2,30,13,308,202.443,2892
unit_F2_m10_C60_a30_14.txt,unit,10,60,2,30,14,278,131.066,3135
unit_F2_m10_C60_a30_15.txt,unit,10,60,2,30,15,318,152.38,2911
unit_F2_m10_C60_a30_16.txt,unit,10,60,2,30,16,246,370.227,17143
unit_F2_m10_C60_a30_17.txt,unit,10,60,2,30,17,288,379.899,15859
unit_F2_m10_C60_a30_18.txt,unit,10,60,2,30,18,234,454.964,8588
unit_F2_m10_C60_a30_19.txt,unit,10,60,2,30,19,276,164.08,7360
unit_F2_m10_C60_a30_20.txt,unit,10,60,2,30,20,252,241.096,8731
unit_F2_m10_C60_a30_21.txt,unit,10,60,2,30,21,292,224.632,10185
unit_F2_m10_C60_a30_22.txt,unit,10,60,2,30,22,268,232.242,10218
unit_F2_m10_C60_a30_23.txt,unit,10,60,2,30,23,326,92.9263,1352
unit_F2_m10_C60_a30_24.txt,unit,10,60,2,30,24,292,307.796,12917
unit_F2_m10_C60_a30_25.txt,unit,10,60,2,30,25,274,213.012,5248
unit_F2_m10_C60_a30_26.txt,unit,10,60,2,30,26,324,214.968,7767
unit_F2_m10_C60_a30_27.txt,unit,10,60,2,30,27,294,178.703,18713
unit_F2_m10_C60_a30_28.txt,unit,10,60,2,30,28,256,275.147,12463
unit_F2_m10_C60_a30_29.txt,unit,10,60,2,30,29,296,94.6542,1842
unit_F2_m10_C60_a30_30.txt,unit,10,60,2,30,30,278,142.911,5317
unit_F2_m10_C60_a30_31.txt,unit,10,60,2,30,31,294,556.508,29243
unit_F2_m10_C60_a30_32.txt,unit,10,60,2,30,32,246,346.171,36285
unit_F2_m10_C60_a30_33.txt,unit,10,60,2,30,33,254,164.426,11809
unit_F2_m10_C60_a30_34.txt,unit,10,60,2,30,34,286,135.26,4065
unit_F2_m10_C60_a30_35.txt,unit,10,60,2,30,35,310,166.767,4949
unit_F2_m10_C60_a30_36.txt,unit,10,60,2,30,36,300,138.72,6347
unit_F2_m10_C60_a30_37.txt,unit,10,60,2,30,37,310,359.057,35193
unit_F2_m10_C60_a30_38.txt,unit,10,60,2,30,38,280,200.709,9626
unit_F2_m10_C60_a30_39.txt,unit,10,60,2,30,39,270,519.277,21157
unit_F2_m10_C60_a30_40.txt,unit,10,60,2,30,40,216,171.4,7526
unit_F2_m10_C60_a30_41.txt,unit,10,60,2,30,41,238,226.649,5923
unit_F2_m10_C60_a30_42.txt,unit,10,60,2,30,42,286,230.906,4365
unit_F2_m10_C60_a30_43.txt,unit,10,60,2,30,43,278,293.808,28210
unit_F2_m10_C60_a30_44.txt,unit,10,60,2,30,44,250,301.563,6941
unit_F2_m10_C60_a30_45.txt,unit,10,60,2,30,45,284,348.827,52745
unit_F2_m10_C60_a30_46.txt,unit,10,60,2,30,46,272,139.8,4274
unit_F2_m10_C60_a30_47.txt,unit,10,60,2,30,47,298,225.507,13196
unit_F2_m10_C60_a30_48.txt,unit,10,60,2,30,48,282,573.351,10734
unit_F2_m10_C60_a30_49.txt,unit,10,60,2,30,49,308,148.751,8545
unit_F5_m10_C60_a3_0.txt,unit,10,60,5,3,0,46,731.143,15
unit_F5_m10_C60_a3_1.txt,unit,10,60,5,3,1,90,211.654,21
unit_F5_m10_C60_a3_2.txt,unit,10,60,5,3,2,68,577.433,143
unit_F5_m10_C60_a3_3.txt,unit,10,60,5,3,3,68,140.82,8
unit_F5_m10_C60_a3_4.txt,unit,10,60,5,3,4,120,522.61,48
unit_F5_m10_C60_a3_5.txt,unit,10,60,5,3,5,122,66.7252,13
unit_F5_m10_C60_a3_6.txt,unit,10,60,5,3,6,140,66.2709,12
unit_F5_m10_C60_a3_7.txt,unit,10,60,5,3,7,54,1.145.24,33
unit_F5_m10_C60_a3_8.txt,unit,10,60,5,3,8,74,230.071,15
unit_F5_m10_C60_a3_9.txt,unit,10,60,5,3,9,46,361.665,18
unit_F5_m10_C60_a3_10.txt,unit,10,60,5,3,10,140,63.0031,8
unit_F5_m10_C60_a3_11.txt,unit,10,60,5,3,11,106,91.4396,11
unit_F5_m10_C60_a3_12.txt,unit,10,60,5,3,12,44,890.385,41
unit_F5_m10_C60_a3_13.txt,unit,10,60,5,3,13,122,415.292,357
unit_F5_m10_C60_a3_14.txt,unit,10,60,5,3,14,68,134.443,28
unit_F5_m10_C60_a3_15.txt,unit,10,60,5,3,15,64,562.708,19
unit_F5_m10_C60_a3_16.txt,unit,10,60,5,3,16,80,715.197,12
unit_F5_m10_C60_a3_17.txt,unit,10,60,5,3,17,94,103.492,23
unit_F5_m10_C60_a3_18.txt,unit,10,60,5,3,18,38,87.3343,9
unit_F5_m10_C60_a3_19.txt,unit,10,60,5,3,19,120,109.263,216
unit_F5_m10_C60_a3_20.txt,unit,10,60,5,3,20,74,395.452,17
unit_F5_m10_C60_a3_21.txt,unit,10,60,5,3,21,36,200.864,18
unit_F5_m10_C60_a3_22.txt,unit,10,60,5,3,22,62,345.391,26
unit_F5_m10_C60_a3_23.txt,unit,10,60,5,3,23,42,310.781,14
unit_F5_m10_C60_a3_24.txt,unit,10,60,5,3,24,110,65.1585,11
unit_F5_m10_C60_a3_25.txt,unit,10,60,5,3,25,92,50.6929,7
unit_F5_m10_C60_a3_26.txt,unit,10,60,5,3,26,60,122.901,10
unit_F5_m10_C60_a3_27.txt,unit,10,60,5,3,27,64,396.944,34
unit_F5_m10_C60_a3_28.txt,unit,10,60,5,3,28,92,362.277,35
unit_F5_m10_C60_a3_29.txt,unit,10,60,5,3,29,80,269.657,42
unit_F5_m10_C60_a3_30.txt,unit,10,60,5,3,30,34,194.508,15
unit_F5_m10_C60_a3_31.txt,unit,10,60,5,3,31,114,146.125,7
unit_F5_m10_C60_a3_32.txt,unit,10,60,5,3,32,46,83.2705,12
unit_F5_m10_C60_a3_33.txt,unit,10,60,5,3,33,60,51.3387,6
unit_F5_m10_C60_a3_34.txt,unit,10,60,5,3,34,40,164.369,14
unit_F5_m10_C60_a3_35.txt,unit,10,60,5,3,35,130,112.632,11
unit_F5_m10_C60_a3_36.txt,unit,10,60,5,3,36,32,194.868,15
unit_F5_m10_C60_a3_37.txt,unit,10,60,5,3,37,38,300.445,35
unit_F5_m10_C60_a3_38.txt,unit,10,60,5,3,38,40,58.7763,6
unit_F5_m10_C60_a3_39.txt,unit,10,60,5,3,39,50,156.396,15
unit_F5_m10_C60_a3_40.txt,unit,10,60,5,3,40,30,100.371,15
unit_F5_m10_C60_a3_41.txt,unit,10,60,5,3,41,92,39.4449,4
unit_F5_m10_C60_a3_42.txt,unit,10,60,5,3,42,30,79.559,12
unit_F5_m10_C60_a3_43.txt,unit,10,60,5,3,43,38,240.459,26
unit_F5_m10_C60_a3_44.txt,unit,10,60,5,3,44,26,68.9477,13
unit_F5_m10_C60_a3_45.txt,unit,10,60,5,3,45,90,67.3617,7
unit_F5_m10_C60_a3_46.txt,unit,10,60,5,3,46,42,163.702,12
unit_F5_m10_C60_a3_47.txt,unit,10,60,5,3,47,114,283.548,14
unit_F5_m10_C60_a3_48.txt,unit,10,60,5,3,48,124,43.8432,7
unit_F5_m10_C60_a3_49.txt,unit,10,60,5,3,49,58,1.104.60,15
unit_F5_m10_C60_a7_0.txt,unit,10,60,5,7,0,58,2.509.49,1375
unit_F5_m10_C60_a7_1.txt,unit,10,60,5,7,1,92,2.347.32,12212
unit_F5_m10_C60_a7_2.txt,unit,10,60,5,7,2,130,123.542,3784
unit_F5_m10_C60_a7_3.txt,unit,10,60,5,7,3,114,2.211.63,2161
unit_F5_m10_C60_a7_4.txt,unit,10,60,5,7,4,162,163.452,2681
unit_F5_m10_C60_a7_5.txt,unit,10,60,5,7,5,122,195.101,8333
unit_F5_m10_C60_a7_6.txt,unit,10,60,5,7,6,146,109.935,1357
unit_F5_m10_C60_a7_7.txt,unit,10,60,5,7,7,74,3.473.99,7820
unit_F5_m10_C60_a7_8.txt,unit,10,60,5,7,8,80,3.071.94,8106
unit_F5_m10_C60_a7_9.txt,unit,10,60,5,7,9,78,2.910.28,10118
unit_F5_m10_C60_a7_10.txt,unit,10,60,5,7,10,140,347.635,40493
unit_F5_m10_C60_a7_11.txt,unit,10,60,5,7,11,116,197.909,3708
unit_F5_m10_C60_a7_12.txt,unit,10,60,5,7,12,80,1.357.54,2316
unit_F5_m10_C60_a7_13.txt,unit,10,60,5,7,13,122,1.556.53,60000
unit_F5_m10_C60_a7_14.txt,unit,10,60,5,7,14,88,2.080.87,16728
unit_F5_m10_C60_a7_15.txt,unit,10,60,5,7,15,166,146.986,858
unit_F5_m10_C60_a7_16.txt,unit,10,60,5,7,16,80,3.109.35,5029
unit_F5_m10_C60_a7_17.txt,unit,10,60,5,7,17,104,823.466,2513
unit_F5_m10_C60_a7_18.txt,unit,10,60,5,7,18,118,291.894,4681
unit_F5_m10_C60_a7_19.txt,unit,10,60,5,7,19,120,243.605,35681
unit_F5_m10_C60_a7_20.txt,unit,10,60,5,7,20,98,150.152,1037
unit_F5_m10_C60_a7_21.txt,unit,10,60,5,7,21,80,7.598.74,56806
unit_F5_m10_C60_a7_22.txt,unit,10,60,5,7,22,94,479.598,2029
unit_F5_m10_C60_a7_23.txt,unit,10,60,5,7,23,92,630.543,1334
unit_F5_m10_C60_a7_24.txt,unit,10,60,5,7,24,110,243.06,10862
unit_F5_m10_C60_a7_25.txt,unit,10,60,5,7,25,108,95.7294,251
unit_F5_m10_C60_a7_26.txt,unit,10,60,5,7,26,118,171.233,987
unit_F5_m10_C60_a7_27.txt,unit,10,60,5,7,27,102,402.814,1456
unit_F5_m10_C60_a7_28.txt,unit,10,60,5,7,28,92,720.534,2544
unit_F5_m10_C60_a7_29.txt,unit,10,60,5,7,29,80,131.273,2219
unit_F5_m10_C60_a7_30.txt,unit,10,60,5,7,30,68,594.242,3040
unit_F5_m10_C60_a7_31.txt,unit,10,60,5,7,31,120,1.444.96,1445
unit_F5_m10_C60_a7_32.txt,unit,10,60,5,7,32,64,1.114.43,2026
unit_F5_m10_C60_a7_33.txt,unit,10,60,5,7,33,80,2.423.40,3220
unit_F5_m10_C60_a7_34.txt,unit,10,60,5,7,34,64,2.694.66,2094
unit_F5_m10_C60_a7_35.txt,unit,10,60,5,7,35,154,187.123,3322
unit_F5_m10_C60_a7_36.txt,unit,10,60,5,7,36,110,1.633.58,6508
unit_F5_m10_C60_a7_37.txt,unit,10,60,5,7,37,106,439.281,4010
unit_F5_m10_C60_a7_38.txt,unit,10,60,5,7,38,154,246.107,5072
unit_F5_m10_C60_a7_39.txt,unit,10,60,5,7,39,162,165.435,19329
unit_F5_m10_C60_a7_40.txt,unit,10,60,5,7,40,96,2.991.19,12366
unit_F5_m10_C60_a7_41.txt,unit,10,60,5,7,41,120,675.511,1613
unit_F5_m10_C60_a7_42.txt,unit,10,60,5,7,42,62,2.217.47,2529
unit_F5_m10_C60_a7_43.txt,unit,10,60,5,7,43,112,302.121,3499
unit_F5_m10_C60_a7_44.txt,unit,10,60,5,7,44,74,1.133.17,7267
unit_F5_m10_C60_a7_45.txt,unit,10,60,5,7,45,96,122.182,574
unit_F5_m10_C60_a7_46.txt,unit,10,60,5,7,46,80,413.048,1437
unit_F5_m10_C60_a7_47.txt,unit,10,60,5,7,47,120,3.057.92,3081
unit_F5_m10_C60_a7_48.txt,unit,10,60,5,7,48,134,333.146,4044
unit_F5_m10_C60_a7_49.txt,unit,10,60,5,7,49,70,983.498,1780
unit_F5_m10_C60_a15_0.txt,unit,10,60,5,15,0,104,1.859.67,60000
unit_F5_m10_C60_a15_1.txt,unit,10,60,5,15,1,188,563.515,60000
unit_F5_m10_C60_a15_2.txt,unit,10,60,5,15,2,154,1.056.07,60000
unit_F5_m10_C60_a15_3.txt,unit,10,60,5,15,3,142,806.038,60000
unit_F5_m10_C60_a15_4.txt,unit,10,60,5,15,4,166,1.374.88,60000
unit_F5_m10_C60_a15_5.txt,unit,10,60,5,15,5,160,438.081,50914
unit_F5_m10_C60_a15_6.txt,unit,10,60,5,15,6,162,433.152,60000
unit_F5_m10_C60_a15_7.txt,unit,10,60,5,15,7,92,4.627.85,60000
unit_F5_m10_C60_a15_8.txt,unit,10,60,5,15,8,150,1.249.15,60000
unit_F5_m10_C60_a15_9.txt,unit,10,60,5,15,9,176,609.27,60000
unit_F5_m10_C60_a15_10.txt,unit,10,60,5,15,10,174,408.11,60000
unit_F5_m10_C60_a15_11.txt,unit,10,60,5,15,11,144,709.993,60000
unit_F5_m10_C60_a15_12.txt,unit,10,60,5,15,12,110,3.029.84,60000
unit_F5_m10_C60_a15_13.txt,unit,10,60,5,15,13,144,994.248,60000
unit_F5_m10_C60_a15_14.txt,unit,10,60,5,15,14,156,1.047.15,60000
unit_F5_m10_C60_a15_15.txt,unit,10,60,5,15,15,170,520.674,51259
unit_F5_m10_C60_a15_16.txt,unit,10,60,5,15,16,112,755.552,60000
unit_F5_m10_C60_a15_17.txt,unit,10,60,5,15,17,122,2.884.96,60000
unit_F5_m10_C60_a15_18.txt,unit,10,60,5,15,18,146,563.695,60000
unit_F5_m10_C60_a15_19.txt,unit,10,60,5,15,19,132,1.053.29,60000
unit_F5_m10_C60_a15_20.txt,unit,10,60,5,15,20,136,805.953,60000
unit_F5_m10_C60_a15_21.txt,unit,10,60,5,15,21,128,5.412.80,60000
unit_F5_m10_C60_a15_22.txt,unit,10,60,5,15,22,142,732.945,60000
unit_F5_m10_C60_a15_23.txt,unit,10,60,5,15,23,136,5.039.07,60000
unit_F5_m10_C60_a15_24.txt,unit,10,60,5,15,24,166,1.264.98,60000
unit_F5_m10_C60_a15_25.txt,unit,10,60,5,15,25,148,533.333,44340
unit_F5_m10_C60_a15_26.txt,unit,10,60,5,15,26,158,1.095.06,60000
unit_F5_m10_C60_a15_27.txt,unit,10,60,5,15,27,148,1.969.62,34206
unit_F5_m10_C60_a15_28.txt,unit,10,60,5,15,28,108,1.916.90,60000
unit_F5_m10_C60_a15_29.txt,unit,10,60,5,15,29,148,548.687,60000
unit_F5_m10_C60_a15_30.txt,unit,10,60,5,15,30,92,1.613.77,60000
unit_F5_m10_C60_a15_31.txt,unit,10,60,5,15,31,192,560.054,60000
unit_F5_m10_C60_a15_32.txt,unit,10,60,5,15,32,112,693.357,60000
unit_F5_m10_C60_a15_33.txt,unit,10,60,5,15,33,108,1.114.41,60000
unit_F5_m10_C60_a15_34.txt,unit,10,60,5,15,34,116,1.181.77,40077
unit_F5_m10_C60_a15_35.txt,unit,10,60,5,15,35,154,2.495.68,60000
unit_F5_m10_C60_a15_36.txt,unit,10,60,5,15,36,118,3.404.80,60000
unit_F5_m10_C60_a15_37.txt,unit,10,60,5,15,37,172,1.769.70,60000
unit_F5_m10_C60_a15_38.txt,unit,10,60,5,15,38,186,440.135,60000
unit_F5_m10_C60_a15_39.txt,unit,10,60,5,15,39,166,934.908,60000
unit_F5_m10_C60_a15_40.txt,unit,10,60,5,15,40,128,3.778.80,60000
unit_F5_m10_C60_a15_41.txt,unit,10,60,5,15,41,128,2.873.68,60000
unit_F5_m10_C60_a15_42.txt,unit,10,60,5,15,42,102,3.653.47,60000
unit_F5_m10_C60_a15_43.txt,unit,10,60,5,15,43,178,856.902,60000
unit_F5_m10_C60_a15_44.txt,unit,10,60,5,15,44,110,4.842,60000
unit_F5_m10_C60_a15_45.txt,unit,10,60,5,15,45,132,574.5,60000
unit_F5_m10_C60_a15_46.txt,unit,10,60,5,15,46,152,694.688,60000
unit_F5_m10_C60_a15_47.txt,unit,10,60,5,15,47,138,1.751.43,60000
unit_F5_m10_C60_a15_48.txt,unit,10,60,5,15,48,168,1.297.42,60000
unit_F5_m10_C60_a15_49.txt,unit,10,60,5,15,49,98,1.203.27,26412
unit_F5_m10_C60_a30_0.txt,unit,10,60,5,30,0,188,5.075.93,60000
unit_F5_m10_C60_a30_1.txt,unit,10,60,5,30,1,226,4.709.02,60000
unit_F5_m10_C60_a30_2.txt,unit,10,60,5,30,2,206,3.534.89,60000
unit_F5_m10_C60_a30_3.txt,unit,10,60,5,30,3,182,7.152.94,60000
unit_F5_m10_C60_a30_4.txt,unit,10,60,5,30,4,202,3.212.09,60000
unit_F5_m10_C60_a30_5.txt,unit,10,60,5,30,5,176,3.596.55,60000
unit_F5_m10_C60_a30_6.txt,unit,10,60,5,30,6,212,2.011.98,60000
unit_F5_m10_C60_a30_7.txt,unit,10,60,5,30,7,178,4.259.61,60000
unit_F5_m10_C60_a30_8.txt,unit,10,60,5,30,8,186,5.457.41,60000
unit_F5_m10_C60_a30_9.txt,unit,10,60,5,30,9,244,1.933.17,60000
unit_F5_m10_C60_a30_10.txt,unit,10,60,5,30,10,234,1.133.68,60000
unit_F5_m10_C60_a30_11.txt,unit,10,60,5,30,11,206,2.213.41,60000
unit_F5_m10_C60_a30_12.txt,unit,10,60,5,30,12,178,2.354.03,60000
unit_F5_m10_C60_a30_13.txt,unit,10,60,5,30,13,174,4.657.41,60000
unit_F5_m10_C60_a30_14.txt,unit,10,60,5,30,14,206,1.297.35,60000
unit_F5_m10_C60_a30_15.txt,unit,10,60,5,30,15,212,2.374.84,60000
unit_F5_m10_C60_a30_16.txt,unit,10,60,5,30,16,170,3.501.65,60000
unit_F5_m10_C60_a30_17.txt,unit,10,60,5,30,17,182,3.540.12,60000
unit_F5_m10_C60_a30_18.txt,unit,10,60,5,30,18,220,2.010.25,60000
unit_F5_m10_C60_a30_19.txt,unit,10,60,5,30,19,194,2.968.19,60000
unit_F5_m10_C60_a30_20.txt,unit,10,60,5,30,20,162,2.112.11,60000
unit_F5_m10_C60_a30_21.txt,unit,10,60,5,30,21,148,4.292.69,60000
unit_F5_m10_C60_a30_22.txt,unit,10,60,5,30,22,198,2.004.92,60000
unit_F5_m10_C60_a30_23.txt,unit,10,60,5,30,23,182,8.972.50,60000
unit_F5_m10_C60_a30_24.txt,unit,10,60,5,30,24,214,2.319.26,60000
unit_F5_m10_C60_a30_25.txt,unit,10,60,5,30,25,204,2.156.90,60000
unit_F5_m10_C60_a30_26.txt,unit,10,60,5,30,26,216,4.042.17,60000
unit_F5_m10_C60_a30_27.txt,unit,10,60,5,30,27,192,3.360.30,60000
unit_F5_m10_C60_a30_28.txt,unit,10,60,5,30,28,164,4.076.27,60000
unit_F5_m10_C60_a30_29.txt,unit,10,60,5,30,29,212,1.438.27,60000
unit_F5_m10_C60_a30_30.txt,unit,10,60,5,30,30,166,4.292.33,60000
unit_F5_m10_C60_a30_31.txt,unit,10,60,5,30,31,204,1.234.73,60000
unit_F5_m10_C60_a30_32.txt,unit,10,60,5,30,32,174,4.891.94,60000
unit_F5_m10_C60_a30_33.txt,unit,10,60,5,30,33,184,5.029,60000
unit_F5_m10_C60_a30_34.txt,unit,10,60,5,30,34,190,3.748.68,60000
unit_F5_m10_C60_a30_35.txt,unit,10,60,5,30,35,176,3.028.85,60000
unit_F5_m10_C60_a30_36.txt,unit,10,60,5,30,36,148,2.799.13,60000
unit_F5_m10_C60_a30_37.txt,unit,10,60,5,30,37,198,2.405.28,60000
unit_F5_m10_C60_a30_38.txt,unit,10,60,5,30,38,200,2.075.84,60000
unit_F5_m10_C60_a30_39.txt,unit,10,60,5,30,39,188,5.578.44,60000
unit_F5_m10_C60_a30_40.txt,unit,10,60,5,30,40,192,5.521.26,60000
unit_F5_m10_C60_a30_41.txt,unit,10,60,5,30,41,162,1.960.30,60000
unit_F5_m10_C60_a30_42.txt,unit,10,60,5,30,42,148,2.479.12,60000
unit_F5_m10_C60_a30_43.txt,unit,10,60,5,30,43,212,3.237.86,60000
unit_F5_m10_C60_a30_44.txt,unit,10,60,5,30,44,182,7.471.62,60000
unit_F5_m10_C60_a30_45.txt,unit,10,60,5,30,45,178,1.511.63,60000
unit_F5_m10_C60_a30_46.txt,unit,10,60,5,30,46,236,3.671.49,60000
unit_F5_m10_C60_a30_47.txt,unit,10,60,5,30,47,182,6.216.44,60000
unit_F5_m10_C60_a30_48.txt,unit,10,60,5,30,48,236,1.572.60,60000
unit_F5_m10_C60_a30_49.txt,unit,10,60,5,30,49,160,5.054.43,60000
unit_F2_m10_C180_a3_0.txt,unit,10,180,2,3,0,212,52.1143,3
unit_F2_m10_C180_a3_1.txt,unit,10,180,2,3,1,394,20.4404,6
unit_F2_m10_C180_a3_2.txt,unit,10,180,2,3,2,280,25.2445,4
unit_F2_m10_C180_a3_3.txt,unit,10,180,2,3,3,304,20.4452,4
unit_F2_m10_C180_a3_4.txt,unit,10,180,2,3,4,236,16.6963,3
unit_F2_m10_C180_a3_5.txt,unit,10,180,2,3,5,218,22.9363,4
unit_F2_m10_C180_a3_6.txt,unit,10,180,2,3,6,204,376.493,10
unit_F2_m10_C180_a3_7.txt,unit,10,180,2,3,7,390,24.2821,4
unit_F2_m10_C180_a3_8.txt,unit,10,180,2,3,8,222,51.1594,4
unit_F2_m10_C180_a3_9.txt,unit,10,180,2,3,9,226,48.0771,4
unit_F2_m10_C180_a3_10.txt,unit,10,180,2,3,10,268,46.7264,6
unit_F2_m10_C180_a3_11.txt,unit,10,180,2,3,11,234,12.9736,4
unit_F2_m10_C180_a3_12.txt,unit,10,180,2,3,12,202,30.2264,5
unit_F2_m10_C180_a3_13.txt,unit,10,180,2,3,13,300,19.8189,7
unit_F2_m10_C180_a3_14.txt,unit,10,180,2,3,14,362,23.8249,7
unit_F2_m10_C180_a3_15.txt,unit,10,180,2,3,15,294,7.2713,3
unit_F2_m10_C180_a3_16.txt,unit,10,180,2,3,16,138,39.8455,7
unit_F2_m10_C180_a3_17.txt,unit,10,180,2,3,17,324,64.1882,4
unit_F2_m10_C180_a3_18.txt,unit,10,180,2,3,18,198,30.3977,3
unit_F2_m10_C180_a3_19.txt,unit,10,180,2,3,19,188,109.269,5
unit_F2_m10_C180_a3_20.txt,unit,10,180,2,3,20,248,2.0365,9
unit_F2_m10_C180_a3_21.txt,unit,10,180,2,3,21,370,46.6165,10
unit_F2_m10_C180_a3_22.txt,unit,10,180,2,3,22,182,68.9648,9
unit_F2_m10_C180_a3_23.txt,unit,10,180,2,3,23,152,138.157,13
unit_F2_m10_C180_a3_24.txt,unit,10,180,2,3,24,188,32.6593,3
unit_F2_m10_C180_a3_25.txt,unit,10,180,2,3,25,160,30.1136,3
unit_F2_m10_C180_a3_26.txt,unit,10,180,2,3,26,244,16.2299,3
unit_F2_m10_C180_a3_27.txt,unit,10,180,2,3,27,418,3.2517,5
unit_F2_m10_C180_a3_28.txt,unit,10,180,2,3,28,148,23.0848,3
unit_F2_m10_C180_a3_29.txt,unit,10,180,2,3,29,344,24.0769,6
unit_F2_m10_C180_a3_30.txt,unit,10,180,2,3,30,300,52.2094,8
unit_F2_m10_C180_a3_31.txt,unit,10,180,2,3,31,280,47.805,5
unit_F2_m10_C180_a3_32.txt,unit,10,180,2,3,32,398,9.4088,3
unit_F2_m10_C180_a3_33.txt,unit,10,180,2,3,33,332,19.4929,5
unit_F2_m10_C180_a3_34.txt,unit,10,180,2,3,34,110,31.5068,3
unit_F2_m10_C180_a3_35.txt,unit,10,180,2,3,35,128,68.2206,4
unit_F2_m10_C180_a3_36.txt,unit,10,180,2,3,36,368,9.8391,4
unit_F2_m10_C180_a3_37.txt,unit,10,180,2,3,37,244,55.7681,3
unit_F2_m10_C180_a3_38.txt,unit,10,180,2,3,38,88,36.7869,7
unit_F2_m10_C180_a3_39.txt,unit,10,180,2,3,39,204,10.2531,3
unit_F2_m10_C180_a3_40.txt,unit,10,180,2,3,40,184,20.9583,2
unit_F2_m10_C180_a3_41.txt,unit,10,180,2,3,41,214,2.9453,3
unit_F2_m10_C180_a3_42.txt,unit,10,180,2,3,42,280,21.4837,3
unit_F2_m10_C180_a3_43.txt,unit,10,180,2,3,43,354,35.6698,3
unit_F2_m10_C180_a3_44.txt,unit,10,180,2,3,44,94,22.4828,3
unit_F2_m10_C180_a3_45.txt,unit,10,180,2,3,45,242,34.4941,4
unit_F2_m10_C180_a3_46.txt,unit,10,180,2,3,46,168,45.0592,4
unit_F2_m10_C180_a3_47.txt,unit,10,180,2,3,47,162,54.0275,3
unit_F2_m10_C180_a3_48.txt,unit,10,180,2,3,48,262,23.0724,3
unit_F2_m10_C180_a3_49.txt,unit,10,180,2,3,49,388,45.283,6
unit_F2_m10_C180_a7_0.txt,unit,10,180,2,7,0,348,63.8523,65
unit_F2_m10_C180_a7_1.txt,unit,10,180,2,7,1,476,27.3375,31
unit_F2_m10_C180_a7_2.txt,unit,10,180,2,7,2,298,83.9828,55
unit_F2_m10_C180_a7_3.txt,unit,10,180,2,7,3,376,43.2781,62
unit_F2_m10_C180_a7_4.txt,unit,10,180,2,7,4,274,50.5699,28
unit_F2_m10_C180_a7_5.txt,unit,10,180,2,7,5,270,54.7813,30
unit_F2_m10_C180_a7_6.txt,unit,10,180,2,7,6,302,176.2,59
unit_F2_m10_C180_a7_7.txt,unit,10,180,2,7,7,408,49.141,47
unit_F2_m10_C180_a7_8.txt,unit,10,180,2,7,8,406,99.1685,136
unit_F2_m10_C180_a7_9.txt,unit,10,180,2,7,9,242,102.543,59
unit_F2_m10_C180_a7_10.txt,unit,10,180,2,7,10,364,161.794,28
unit_F2_m10_C180_a7_11.txt,unit,10,180,2,7,11,290,35.9826,12
unit_F2_m10_C180_a7_12.txt,unit,10,180,2,7,12,400,42.2977,17
unit_F2_m10_C180_a7_13.txt,unit,10,180,2,7,13,340,48.0987,124
unit_F2_m10_C180_a7_14.txt,unit,10,180,2,7,14,388,87.6856,59
unit_F2_m10_C180_a7_15.txt,unit,10,180,2,7,15,312,51.2764,13
unit_F2_m10_C180_a7_16.txt,unit,10,180,2,7,16,262,266,102
unit_F2_m10_C180_a7_17.txt,unit,10,180,2,7,17,376,368.083,140
unit_F2_m10_C180_a7_18.txt,unit,10,180,2,7,18,426,70.9977,17
unit_F2_m10_C180_a7_19.txt,unit,10,180,2,7,19,300,75.9707,268
unit_F2_m10_C180_a7_20.txt,unit,10,180,2,7,20,340,34.5582,3
unit_F2_m10_C180_a7_21.txt,unit,10,180,2,7,21,402,85.1902,96
unit_F2_m10_C180_a7_22.txt,unit,10,180,2,7,22,254,76.2389,45
unit_F2_m10_C180_a7_23.txt,unit,10,180,2,7,23,394,77.2592,1146
unit_F2_m10_C180_a7_24.txt,unit,10,180,2,7,24,412,55.0533,66
unit_F2_m10_C180_a7_25.txt,unit,10,180,2,7,25,342,34.7732,8
unit_F2_m10_C180_a7_26.txt,unit,10,180,2,7,26,412,49.5754,9
unit_F2_m10_C180_a7_27.txt,unit,10,180,2,7,27,468,29.3566,6
unit_F2_m10_C180_a7_28.txt,unit,10,180,2,7,28,296,44.2806,5
unit_F2_m10_C180_a7_29.txt,unit,10,180,2,7,29,412,49.1036,58
unit_F2_m10_C180_a7_30.txt,unit,10,180,2,7,30,406,41.5052,22
unit_F2_m10_C180_a7_31.txt,unit,10,180,2,7,31,400,52.7604,57
unit_F2_m10_C180_a7_32.txt,unit,10,180,2,7,32,398,40.5637,42
unit_F2_m10_C180_a7_33.txt,unit,10,180,2,7,33,408,46.4424,23
unit_F2_m10_C180_a7_34.txt,unit,10,180,2,7,34,226,126.841,82
unit_F2_m10_C180_a7_35.txt,unit,10,180,2,7,35,390,38.937,98
unit_F2_m10_C180_a7_36.txt,unit,10,180,2,7,36,374,65.7295,49
unit_F2_m10_C180_a7_37.txt,unit,10,180,2,7,37,342,59.751,17
unit_F2_m10_C180_a7_38.txt,unit,10,180,2,7,38,254,43.6586,30
unit_F2_m10_C180_a7_39.txt,unit,10,180,2,7,39,354,48.7872,39
unit_F2_m10_C180_a7_40.txt,unit,10,180,2,7,40,318,106.049,22
unit_F2_m10_C180_a7_41.txt,unit,10,180,2,7,41,304,48.591,14
unit_F2_m10_C180_a7_42.txt,unit,10,180,2,7,42,294,59.6477,64
unit_F2_m10_C180_a7_43.txt,unit,10,180,2,7,43,440,37.7407,15
unit_F2_m10_C180_a7_44.txt,unit,10,180,2,7,44,264,47.1992,21
unit_F2_m10_C180_a7_45.txt,unit,10,180,2,7,45,320,32.3921,14
unit_F2_m10_C180_a7_46.txt,unit,10,180,2,7,46,324,31.4943,5
unit_F2_m10_C180_a7_47.txt,unit,10,180,2,7,47,306,41.1842,11
unit_F2_m10_C180_a7_48.txt,unit,10,180,2,7,48,410,100.281,25
unit_F2_m10_C180_a7_49.txt,unit,10,180,2,7,49,394,59.4366,60
unit_F2_m10_C180_a15_0.txt,unit,10,180,2,15,0,434,76.9274,326
unit_F2_m10_C180_a15_1.txt,unit,10,180,2,15,1,518,82.23,267
unit_F2_m10_C180_a15_2.txt,unit,10,180,2,15,2,442,77.7162,236
unit_F2_m10_C180_a15_3.txt,unit,10,180,2,15,3,520,119.612,498
unit_F2_m10_C180_a15_4.txt,unit,10,180,2,15,4,498,258.467,1020
unit_F2_m10_C180_a15_5.txt,unit,10,180,2,15,5,440,88.1928,82
unit_F2_m10_C180_a15_6.txt,unit,10,180,2,15,6,384,136.633,460
unit_F2_m10_C180_a15_7.txt,unit,10,180,2,15,7,514,80.3286,397
unit_F2_m10_C180_a15_8.txt,unit,10,180,2,15,8,512,82.1838,419
unit_F2_m10_C180_a15_9.txt,unit,10,180,2,15,9,424,101.147,985
unit_F2_m10_C180_a15_10.txt,unit,10,180,2,15,10,426,102.97,754
unit_F2_m10_C180_a15_11.txt,unit,10,180,2,15,11,468,66.1378,616
unit_F2_m10_C180_a15_12.txt,unit,10,180,2,15,12,450,104.843,54
unit_F2_m10_C180_a15_13.txt,unit,10,180,2,15,13,536,138.057,870
unit_F2_m10_C180_a15_14.txt,unit,10,180,2,15,14,612,88.7507,106
unit_F2_m10_C180_a15_15.txt,unit,10,180,2,15,15,420,99.8771,491
unit_F2_m10_C180_a15_16.txt,unit,10,180,2,15,16,336,175.619,331
unit_F2_m10_C180_a15_17.txt,unit,10,180,2,15,17,430,498.408,2283
unit_F2_m10_C180_a15_18.txt,unit,10,180,2,15,18,490,96.9266,123
unit_F2_m10_C180_a15_19.txt,unit,10,180,2,15,19,442,103.684,320
unit_F2_m10_C180_a15_20.txt,unit,10,180,2,15,20,604,48.3395,83
unit_F2_m10_C180_a15_21.txt,unit,10,180,2,15,21,456,100.091,609
unit_F2_m10_C180_a15_22.txt,unit,10,180,2,15,22,434,123.569,95
unit_F2_m10_C180_a15_23.txt,unit,10,180,2,15,23,410,229.819,8956
unit_F2_m10_C180_a15_24.txt,unit,10,180,2,15,24,476,63.785,227
unit_F2_m10_C180_a15_25.txt,unit,10,180,2,15,25,490,64.307,172
unit_F2_m10_C180_a15_26.txt,unit,10,180,2,15,26,564,50.0317,56
unit_F2_m10_C180_a15_27.txt,unit,10,180,2,15,27,596,63.6063,123
unit_F2_m10_C180_a15_28.txt,unit,10,180,2,15,28,536,53.8203,53
unit_F2_m10_C180_a15_29.txt,unit,10,180,2,15,29,462,71.5889,1054
unit_F2_m10_C180_a15_30.txt,unit,10,180,2,15,30,576,60.9216,185
unit_F2_m10_C180_a15_31.txt,unit,10,180,2,15,31,496,68.5228,760
unit_F2_m10_C180_a15_32.txt,unit,10,180,2,15,32,540,100.609,471
unit_F2_m10_C180_a15_33.txt,unit,10,180,2,15,33,514,61.1099,105
unit_F2_m10_C180_a15_34.txt,unit,10,180,2,15,34,568,73.5406,202
unit_F2_m10_C180_a15_35.txt,unit,10,180,2,15,35,554,57.3043,137
unit_F2_m10_C180_a15_36.txt,unit,10,180,2,15,36,444,75.7061,188
unit_F2_m10_C180_a15_37.txt,unit,10,180,2,15,37,576,92.3228,830
unit_F2_m10_C180_a15_38.txt,unit,10,180,2,15,38,498,98.516,487
unit_F2_m10_C180_a15_39.txt,unit,10,180,2,15,39,502,60.1734,156
unit_F2_m10_C180_a15_40.txt,unit,10,180,2,15,40,448,207.064,1168
unit_F2_m10_C180_a15_41.txt,unit,10,180,2,15,41,552,123.042,386
unit_F2_m10_C180_a15_42.txt,unit,10,180,2,15,42,332,134.286,1791
unit_F2_m10_C180_a15_43.txt,unit,10,180,2,15,43,632,54.8259,68
unit_F2_m10_C180_a15_44.txt,unit,10,180,2,15,44,566,61.9798,178
unit_F2_m10_C180_a15_45.txt,unit,10,180,2,15,45,526,194.084,155
unit_F2_m10_C180_a15_46.txt,unit,10,180,2,15,46,580,72.6877,80
unit_F2_m10_C180_a15_47.txt,unit,10,180,2,15,47,500,448.674,896
unit_F2_m10_C180_a15_48.txt,unit,10,180,2,15,48,516,91.7686,403
unit_F2_m10_C180_a15_49.txt,unit,10,180,2,15,49,482,105.161,307
unit_F2_m10_C180_a30_0.txt,unit,10,180,2,30,0,654,221.166,18042
unit_F2_m10_C180_a30_1.txt,unit,10,180,2,30,1,654,163.603,2105
unit_F2_m10_C180_a30_2.txt,unit,10,180,2,30,2,732,156.042,3073
unit_F2_m10_C180_a30_3.txt,unit,10,180,2,30,3,656,138.658,5058
unit_F2_m10_C180_a30_4.txt,unit,10,180,2,30,4,658,500.337,30336
unit_F2_m10_C180_a30_5.txt,unit,10,180,2,30,5,638,311.844,11185
unit_F2_m10_C180_a30_6.txt,unit,10,180,2,30,6,710,184.537,9378
unit_F2_m10_C180_a30_7.txt,unit,10,180,2,30,7,712,118.878,3210
unit_F2_m10_C180_a30_8.txt,unit,10,180,2,30,8,684,282.002,18399
unit_F2_m10_C180_a30_9.txt,unit,10,180,2,30,9,506,331.7,19246
unit_F2_m10_C180_a30_10.txt,unit,10,180,2,30,10,694,234.739,11565
unit_F2_m10_C180_a30_11.txt,unit,10,180,2,30,11,634,136.615,20651
unit_F2_m10_C180_a30_12.txt,unit,10,180,2,30,12,654,164.164,6969
unit_F2_m10_C180_a30_13.txt,unit,10,180,2,30,13,768,181.414,11588
unit_F2_m10_C180_a30_14.txt,unit,10,180,2,30,14,906,108.635,1337
unit_F2_m10_C180_a30_15.txt,unit,10,180,2,30,15,634,131.651,1335
unit_F2_m10_C180_a30_16.txt,unit,10,180,2,30,16,562,345.088,9886
unit_F2_m10_C180_a30_17.txt,unit,10,180,2,30,17,584,260.667,29436
unit_F2_m10_C180_a30_18.txt,unit,10,180,2,30,18,646,131.994,6280
unit_F2_m10_C180_a30_19.txt,unit,10,180,2,30,19,556,242.601,17215
unit_F2_m10_C180_a30_20.txt,unit,10,180,2,30,20,808,95.8372,3069
unit_F2_m10_C180_a30_21.txt,unit,10,180,2,30,21,720,235.333,44116
unit_F2_m10_C180_a30_22.txt,unit,10,180,2,30,22,668,282.505,7094
unit_F2_m10_C180_a30_23.txt,unit,10,180,2,30,23,598,212.213,55968
unit_F2_m10_C180_a30_24.txt,unit,10,180,2,30,24,590,199.04,17882
unit_F2_m10_C180_a30_25.txt,unit,10,180,2,30,25,726,150.661,8072
unit_F2_m10_C180_a30_26.txt,unit,10,180,2,30,26,724,124.055,5504
unit_F2_m10_C180_a30_27.txt,unit,10,180,2,30,27,826,203.484,6523
unit_F2_m10_C180_a30_28.txt,unit,10,180,2,30,28,766,90.0381,1729
unit_F2_m10_C180_a30_29.txt,unit,10,180,2,30,29,736,163.374,6259
unit_F2_m10_C180_a30_30.txt,unit,10,180,2,30,30,842,130.065,4740
unit_F2_m10_C180_a30_31.txt,unit,10,180,2,30,31,686,130.381,2696
unit_F2_m10_C180_a30_32.txt,unit,10,180,2,30,32,622,170.453,3418
unit_F2_m10_C180_a30_33.txt,unit,10,180,2,30,33,772,194.485,10868
unit_F2_m10_C180_a30_34.txt,unit,10,180,2,30,34,730,192.377,8433
unit_F2_m10_C180_a30_35.txt,unit,10,180,2,30,35,784,199.496,7832
unit_F2_m10_C180_a30_36.txt,unit,10,180,2,30,36,674,181.081,5552
unit_F2_m10_C180_a30_37.txt,unit,10,180,2,30,37,716,217.123,14952
unit_F2_m10_C180_a30_38.txt,unit,10,180,2,30,38,684,214.196,10475
unit_F2_m10_C180_a30_39.txt,unit,10,180,2,30,39,816,94.5896,2820
unit_F2_m10_C180_a30_40.txt,unit,10,180,2,30,40,634,239.888,7104
unit_F2_m10_C180_a30_41.txt,unit,10,180,2,30,41,768,239.651,17007
unit_F2_m10_C180_a30_42.txt,unit,10,180,2,30,42,630,425.031,11311
unit_F2_m10_C180_a30_43.txt,unit,10,180,2,30,43,686,135.349,4256
unit_F2_m10_C180_a30_44.txt,unit,10,180,2,30,44,706,147.744,9758
unit_F2_m10_C180_a30_45.txt,unit,10,180,2,30,45,650,158.067,5237
unit_F2_m10_C180_a30_46.txt,unit,10,180,2,30,46,710,148.041,6291
unit_F2_m10_C180_a30_47.txt,unit,10,180,2,30,47,638,226.481,34186
unit_F2_m10_C180_a30_48.txt,unit,10,180,2,30,48,722,429.691,17285
unit_F2_m10_C180_a30_49.txt,unit,10,180,2,30,49,700,418.906,19449
unit_F5_m10_C180_a3_0.txt,unit,10,180,5,3,0,200,78.1986,6
unit_F5_m10_C180_a3_1.txt,unit,10,180,5,3,1,98,60.4995,7
unit_F5_m10_C180_a3_2.txt,unit,10,180,5,3,2,354,78.2186,115
unit_F5_m10_C180_a3_3.txt,unit,10,180,5,3,3,382,94.0162,7
unit_F5_m10_C180_a3_4.txt,unit,10,180,5,3,4,186,198.047,14
unit_F5_m10_C180_a3_5.txt,unit,10,180,5,3,5,118,119.01,13
unit_F5_m10_C180_a3_6.txt,unit,10,180,5,3,6,86,545.413,39
unit_F5_m10_C180_a3_7.txt,unit,10,180,5,3,7,180,178.617,8
unit_F5_m10_C180_a3_8.txt,unit,10,180,5,3,8,200,179.399,16
unit_F5_m10_C180_a3_9.txt,unit,10,180,5,3,9,312,48.8967,5
unit_F5_m10_C180_a3_10.txt,unit,10,180,5,3,10,188,2.847.13,33
unit_F5_m10_C180_a3_11.txt,unit,10,180,5,3,11,212,264.947,25
unit_F5_m10_C180_a3_12.txt,unit,10,180,5,3,12,146,650.176,13
unit_F5_m10_C180_a3_13.txt,unit,10,180,5,3,13,94,128.375,12
unit_F5_m10_C180_a3_14.txt,unit,10,180,5,3,14,242,97.1537,24
unit_F5_m10_C180_a3_15.txt,unit,10,180,5,3,15,84,472.707,28
unit_F5_m10_C180_a3_16.txt,unit,10,180,5,3,16,168,1.410.27,17
unit_F5_m10_C180_a3_17.txt,unit,10,180,5,3,17,98,688.47,21
unit_F5_m10_C180_a3_18.txt,unit,10,180,5,3,18,110,876.531,16
unit_F5_m10_C180_a3_19.txt,unit,10,180,5,3,19,72,251.434,11
unit_F5_m10_C180_a3_20.txt,unit,10,180,5,3,20,76,131.008,16
unit_F5_m10_C180_a3_21.txt,unit,10,180,5,3,21,104,1.336.62,30
unit_F5_m10_C180_a3_22.txt,unit,10,180,5,3,22,238,24.2182,4
unit_F5_m10_C180_a3_23.txt,unit,10,180,5,3,23,200,817.924,140
unit_F5_m10_C180_a3_24.txt,unit,10,180,5,3,24,48,120.382,32
unit_F5_m10_C180_a3_25.txt,unit,10,180,5,3,25,210,314.613,37
unit_F5_m10_C180_a3_26.txt,unit,10,180,5,3,26,284,169.977,12
unit_F5_m10_C180_a3_27.txt,unit,10,180,5,3,27,114,92.044,9
unit_F5_m10_C180_a3_28.txt,unit,10,180,5,3,28,196,143.675,19
unit_F5_m10_C180_a3_29.txt,unit,10,180,5,3,29,328,602.267,10
unit_F5_m10_C180_a3_30.txt,unit,10,180,5,3,30,74,163.243,16
unit_F5_m10_C180_a3_31.txt,unit,10,180,5,3,31,42,76.4732,6
unit_F5_m10_C180_a3_32.txt,unit,10,180,5,3,32,70,69.0326,11
unit_F5_m10_C180_a3_33.txt,unit,10,180,5,3,33,82,118.091,13
unit_F5_m10_C180_a3_34.txt,unit,10,180,5,3,34,22,115.41,14
unit_F5_m10_C180_a3_35.txt,unit,10,180,5,3,35,224,42.195,7
unit_F5_m10_C180_a3_36.txt,unit,10,180,5,3,36,108,187.864,8
unit_F5_m10_C180_a3_37.txt,unit,10,180,5,3,37,194,636.198,138
unit_F5_m10_C180_a3_38.txt,unit,10,180,5,3,38,260,71.7316,9
unit_F5_m10_C180_a3_39.txt,unit,10,180,5,3,39,114,244.995,26
unit_F5_m10_C180_a3_40.txt,unit,10,180,5,3,40,106,1.109.27,24
unit_F5_m10_C180_a3_41.txt,unit,10,180,5,3,41,60,140.124,29
unit_F5_m10_C180_a3_42.txt,unit,10,180,5,3,42,332,91.9155,112
unit_F5_m10_C180_a3_43.txt,unit,10,180,5,3,43,58,138.462,34
unit_F5_m10_C180_a3_44.txt,unit,10,180,5,3,44,108,64.1262,5
unit_F5_m10_C180_a3_45.txt,unit,10,180,5,3,45,134,1.357.56,41
unit_F5_m10_C180_a3_46.txt,unit,10,180,5,3,46,304,76.7875,8
unit_F5_m10_C180_a3_47.txt,unit,10,180,5,3,47,370,16.7032,9
unit_F5_m10_C180_a3_48.txt,unit,10,180,5,3,48,212,189.123,6
unit_F5_m10_C180_a3_49.txt,unit,10,180,5,3,49,66,198.097,13
unit_F5_m10_C180_a7_0.txt,unit,10,180,5,7,0,242,186.609,1793
unit_F5_m10_C180_a7_1.txt,unit,10,180,5,7,1,354,2.362.88,8177
unit_F5_m10_C180_a7_2.txt,unit,10,180,5,7,2,400,204.474,18282
unit_F5_m10_C180_a7_3.txt,unit,10,180,5,7,3,388,881.987,1148
unit_F5_m10_C180_a7_4.txt,unit,10,180,5,7,4,272,1.197.79,514
unit_F5_m10_C180_a7_5.txt,unit,10,180,5,7,5,390,115.091,19906
unit_F5_m10_C180_a7_6.txt,unit,10,180,5,7,6,378,385.574,60000
unit_F5_m10_C180_a7_7.txt,unit,10,180,5,7,7,206,539.275,1647
unit_F5_m10_C180_a7_8.txt,unit,10,180,5,7,8,252,153.663,3070
unit_F5_m10_C180_a7_9.txt,unit,10,180,5,7,9,360,110.619,765
unit_F5_m10_C180_a7_10.txt,unit,10,180,5,7,10,262,2.268.49,2165
unit_F5_m10_C180_a7_11.txt,unit,10,180,5,7,11,218,209.961,2012
unit_F5_m10_C180_a7_12.txt,unit,10,180,5,7,12,206,690.701,2130
unit_F5_m10_C180_a7_13.txt,unit,10,180,5,7,13,114,1.295.45,4371
unit_F5_m10_C180_a7_14.txt,unit,10,180,5,7,14,254,191.606,3239
unit_F5_m10_C180_a7_15.txt,unit,10,180,5,7,15,178,199.048,2377
unit_F5_m10_C180_a7_16.txt,unit,10,180,5,7,16,286,303.01,607
unit_F5_m10_C180_a7_17.txt,unit,10,180,5,7,17,210,2.074.81,35725
unit_F5_m10_C180_a7_18.txt,unit,10,180,5,7,18,250,164.923,4631
unit_F5_m10_C180_a7_19.txt,unit,10,180,5,7,19,114,1.345.57,8177
unit_F5_m10_C180_a7_20.txt,unit,10,180,5,7,20,180,1.817.13,7769
unit_F5_m10_C180_a7_21.txt,unit,10,180,5,7,21,104,523.486,4715
unit_F5_m10_C180_a7_22.txt,unit,10,180,5,7,22,270,154.808,908
unit_F5_m10_C180_a7_23.txt,unit,10,180,5,7,23,248,1.570.96,2122
unit_F5_m10_C180_a7_24.txt,unit,10,180,5,7,24,78,509.446,4593
unit_F5_m10_C180_a7_25.txt,unit,10,180,5,7,25,212,1.102.09,14130
unit_F5_m10_C180_a7_26.txt,unit,10,180,5,7,26,310,913.63,3244
unit_F5_m10_C180_a7_27.txt,unit,10,180,5,7,27,214,154.746,309
unit_F5_m10_C180_a7_28.txt,unit,10,180,5,7,28,258,2.186.50,923
unit_F5_m10_C180_a7_29.txt,unit,10,180,5,7,29,388,794.351,16324
unit_F5_m10_C180_a7_30.txt,unit,10,180,5,7,30,134,2.537.63,2662
unit_F5_m10_C180_a7_31.txt,unit,10,180,5,7,31,116,1.267.90,285
unit_F5_m10_C180_a7_32.txt,unit,10,180,5,7,32,204,1.521.54,6139
unit_F5_m10_C180_a7_33.txt,unit,10,180,5,7,33,210,1.292.13,7564
unit_F5_m10_C180_a7_34.txt,unit,10,180,5,7,34,206,580.983,3340
unit_F5_m10_C180_a7_35.txt,unit,10,180,5,7,35,232,121.373,1048
unit_F5_m10_C180_a7_36.txt,unit,10,180,5,7,36,358,145.513,633
unit_F5_m10_C180_a7_37.txt,unit,10,180,5,7,37,232,1.916.80,2760
unit_F5_m10_C180_a7_38.txt,unit,10,180,5,7,38,266,149.161,3280
unit_F5_m10_C180_a7_39.txt,unit,10,180,5,7,39,244,742.104,1983
unit_F5_m10_C180_a7_40.txt,unit,10,180,5,7,40,316,2.556.57,22834
unit_F5_m10_C180_a7_41.txt,unit,10,180,5,7,41,144,866.601,4971
unit_F5_m10_C180_a7_42.txt,unit,10,180,5,7,42,338,141.279,2279
unit_F5_m10_C180_a7_43.txt,unit,10,180,5,7,43,144,1.576.97,17746
unit_F5_m10_C180_a7_44.txt,unit,10,180,5,7,44,212,677.048,888
unit_F5_m10_C180_a7_45.txt,unit,10,180,5,7,45,336,227.531,14323
unit_F5_m10_C180_a7_46.txt,unit,10,180,5,7,46,382,131.562,1230
unit_F5_m10_C180_a7_47.txt,unit,10,180,5,7,47,376,129.873,561
unit_F5_m10_C180_a7_48.txt,unit,10,180,5,7,48,294,606.62,969
unit_F5_m10_C180_a7_49.txt,unit,10,180,5,7,49,120,200.405,1207
unit_F5_m10_C180_a15_0.txt,unit,10,180,5,15,0,248,865.917,42204
unit_F5_m10_C180_a15_1.txt,unit,10,180,5,15,1,384,4.379.07,60000
unit_F5_m10_C180_a15_2.txt,unit,10,180,5,15,2,450,588.536,60000
unit_F5_m10_C180_a15_3.txt,unit,10,180,5,15,3,400,659.018,60000
unit_F5_m10_C180_a15_4.txt,unit,10,180,5,15,4,404,570.333,60000
unit_F5_m10_C180_a15_5.txt,unit,10,180,5,15,5,400,2.136.59,60000
unit_F5_m10_C180_a15_6.txt,unit,10,180,5,15,6,388,961.858,60000
unit_F5_m10_C180_a15_7.txt,unit,10,180,5,15,7,280,1.094.34,29789
unit_F5_m10_C180_a15_8.txt,unit,10,180,5,15,8,264,829.921,60000
unit_F5_m10_C180_a15_9.txt,unit,10,180,5,15,9,394,1.479.44,60000
unit_F5_m10_C180_a15_10.txt,unit,10,180,5,15,10,380,1.573.49,60000
unit_F5_m10_C180_a15_11.txt,unit,10,180,5,15,11,328,636.164,51960
unit_F5_m10_C180_a15_12.txt,unit,10,180,5,15,12,232,2.656.71,60000
unit_F5_m10_C180_a15_13.txt,unit,10,180,5,15,13,212,3.798,60000
unit_F5_m10_C180_a15_14.txt,unit,10,180,5,15,14,268,867.764,60000
unit_F5_m10_C180_a15_15.txt,unit,10,180,5,15,15,296,4.333.91,60000
unit_F5_m10_C180_a15_16.txt,unit,10,180,5,15,16,342,822.964,60000
unit_F5_m10_C180_a15_17.txt,unit,10,180,5,15,17,232,5.035.33,60000
unit_F5_m10_C180_a15_18.txt,unit,10,180,5,15,18,380,2.296.08,60000
unit_F5_m10_C180_a15_19.txt,unit,10,180,5,15,19,194,22.792,60000
unit_F5_m10_C180_a15_20.txt,unit,10,180,5,15,20,360,1.160.07,60000
unit_F5_m10_C180_a15_21.txt,unit,10,180,5,15,21,258,4.827.70,60000
unit_F5_m10_C180_a15_22.txt,unit,10,180,5,15,22,284,1.073.79,60000
unit_F5_m10_C180_a15_23.txt,unit,10,180,5,15,23,412,758.177,60000
unit_F5_m10_C180_a15_24.txt,unit,10,180,5,15,24,276,7.204.88,60000
unit_F5_m10_C180_a15_25.txt,unit,10,180,5,15,25,358,1.765.84,60000
unit_F5_m10_C180_a15_26.txt,unit,10,180,5,15,26,408,688.244,60000
unit_F5_m10_C180_a15_27.txt,unit,10,180,5,15,27,218,992.85,60000
unit_F5_m10_C180_a15_28.txt,unit,10,180,5,15,28,404,3.163.52,60000
unit_F5_m10_C180_a15_29.txt,unit,10,180,5,15,29,394,572.466,60000
unit_F5_m10_C180_a15_30.txt,unit,10,180,5,15,30,222,7.309.31,60000
unit_F5_m10_C180_a15_31.txt,unit,10,180,5,15,31,250,8.913.04,60000
unit_F5_m10_C180_a15_32.txt,unit,10,180,5,15,32,406,979.199,60000
unit_F5_m10_C180_a15_33.txt,unit,10,180,5,15,33,352,3.832.29,52645
unit_F5_m10_C180_a15_34.txt,unit,10,180,5,15,34,370,3.042.83,60000
unit_F5_m10_C180_a15_35.txt,unit,10,180,5,15,35,326,1.554.35,60000
unit_F5_m10_C180_a15_36.txt,unit,10,180,5,15,36,532,529.238,60000
unit_F5_m10_C180_a15_37.txt,unit,10,180,5,15,37,254,3.441.02,46332
unit_F5_m10_C180_a15_38.txt,unit,10,180,5,15,38,300,929.161,60000
unit_F5_m10_C180_a15_39.txt,unit,10,180,5,15,39,264,3.684.69,60000
unit_F5_m10_C180_a15_40.txt,unit,10,180,5,15,40,334,1.385.62,60000
unit_F5_m10_C180_a15_41.txt,unit,10,180,5,15,41,266,1.256.45,55001
unit_F5_m10_C180_a15_42.txt,unit,10,180,5,15,42,344,700.06,60000
unit_F5_m10_C180_a15_43.txt,unit,10,180,5,15,43,206,3.139.20,60000
unit_F5_m10_C180_a15_44.txt,unit,10,180,5,15,44,292,1.760.77,60000
unit_F5_m10_C180_a15_45.txt,unit,10,180,5,15,45,336,701.707,46630
unit_F5_m10_C180_a15_46.txt,unit,10,180,5,15,46,404,545.712,60000
unit_F5_m10_C180_a15_47.txt,unit,10,180,5,15,47,384,514.449,60000
unit_F5_m10_C180_a15_48.txt,unit,10,180,5,15,48,344,2.303.75,60000
unit_F5_m10_C180_a15_49.txt,unit,10,180,5,15,49,230,2.486.21,60000
unit_F5_m10_C180_a30_0.txt,unit,10,180,5,30,0,484,5.815.81,60000
unit_F5_m10_C180_a30_1.txt,unit,10,180,5,30,1,408,11.072.60,60000
unit_F5_m10_C180_a30_2.txt,unit,10,180,5,30,2,544,2.231.98,60000
unit_F5_m10_C180_a30_3.txt,unit,10,180,5,30,3,406,6.242.80,60000
unit_F5_m10_C180_a30_4.txt,unit,10,180,5,30,4,532,1.716.49,60000
unit_F5_m10_C180_a30_5.txt,unit,10,180,5,30,5,486,2.788.89,60000
unit_F5_m10_C180_a30_6.txt,unit,10,180,5,30,6,440,3.422.24,60000
unit_F5_m10_C180_a30_7.txt,unit,10,180,5,30,7,438,3.347.66,60000
unit_F5_m10_C180_a30_8.txt,unit,10,180,5,30,8,452,3.006.08,60000
unit_F5_m10_C180_a30_9.txt,unit,10,180,5,30,9,452,4.282.37,60000
unit_F5_m10_C180_a30_10.txt,unit,10,180,5,30,10,414,2.824.54,60000
unit_F5_m10_C180_a30_11.txt,unit,10,180,5,30,11,464,2.163.59,60000
unit_F5_m10_C180_a30_12.txt,unit,10,180,5,30,12,404,5.298.52,60000
unit_F5_m10_C180_a30_13.txt,unit,10,180,5,30,13,274,10.135.70,60000
unit_F5_m10_C180_a30_14.txt,unit,10,180,5,30,14,434,7.446.81,60000
unit_F5_m10_C180_a30_15.txt,unit,10,180,5,30,15,376,6.935.24,60000
unit_F5_m10_C180_a30_16.txt,unit,10,180,5,30,16,504,1.416.50,60000
unit_F5_m10_C180_a30_17.txt,unit,10,180,5,30,17,304,3.827.51,60000
unit_F5_m10_C180_a30_18.txt,unit,10,180,5,30,18,456,3.725.18,60000
unit_F5_m10_C180_a30_19.txt,unit,10,180,5,30,19,312,2.800.97,60000
unit_F5_m10_C180_a30_20.txt,unit,10,180,5,30,20,430,1.994.96,60000
unit_F5_m10_C180_a30_21.txt,unit,10,180,5,30,21,416,7.622.43,60000
unit_F5_m10_C180_a30_22.txt,unit,10,180,5,30,22,444,1.361.80,60000
unit_F5_m10_C180_a30_23.txt,unit,10,180,5,30,23,506,1.912.66,60000
unit_F5_m10_C180_a30_24.txt,unit,10,180,5,30,24,442,2.794.02,60000
unit_F5_m10_C180_a30_25.txt,unit,10,180,5,30,25,396,5.620.79,60000
unit_F5_m10_C180_a30_26.txt,unit,10,180,5,30,26,424,1.989.41,60000
unit_F5_m10_C180_a30_27.txt,unit,10,180,5,30,27,446,4.675.54,60000
unit_F5_m10_C180_a30_28.txt,unit,10,180,5,30,28,500,4.208.55,60000
unit_F5_m10_C180_a30_29.txt,unit,10,180,5,30,29,540,1.972.85,60000
unit_F5_m10_C180_a30_30.txt,unit,10,180,5,30,30,296,2.922.40,60000
unit_F5_m10_C180_a30_31.txt,unit,10,180,5,30,31,392,6.456.28,60000
unit_F5_m10_C180_a30_32.txt,unit,10,180,5,30,32,462,3.410.81,60000
unit_F5_m10_C180_a30_33.txt,unit,10,180,5,30,33,398,6.601.27,60000
unit_F5_m10_C180_a30_34.txt,unit,10,180,5,30,34,410,3.456.11,60000
unit_F5_m10_C180_a30_35.txt,unit,10,180,5,30,35,410,1.358.81,60000
unit_F5_m10_C180_a30_36.txt,unit,10,180,5,30,36,598,1.199.34,60000
unit_F5_m10_C180_a30_37.txt,unit,10,180,5,30,37,284,3.541.99,60000
unit_F5_m10_C180_a30_38.txt,unit,10,180,5,30,38,346,3.130.68,60000
unit_F5_m10_C180_a30_39.txt,unit,10,180,5,30,39,436,3.563.26,60000
unit_F5_m10_C180_a30_40.txt,unit,10,180,5,30,40,462,2.570.52,60000
unit_F5_m10_C180_a30_41.txt,unit,10,180,5,30,41,482,1.488.95,60000
unit_F5_m10_C180_a30_42.txt,unit,10,180,5,30,42,476,1.418.43,60000
unit_F5_m10_C180_a30_43.txt,unit,10,180,5,30,43,282,4.820.12,60000
unit_F5_m10_C180_a30_44.txt,unit,10,180,5,30,44,434,2.197.23,60000
unit_F5_m10_C180_a30_45.txt,unit,10,180,5,30,45,370,3.014.84,60000
unit_F5_m10_C180_a30_46.txt,unit,10,180,5,30,46,466,2.782.26,60000
unit_F5_m10_C180_a30_47.txt,unit,10,180,5,30,47,446,1.668.75,60000
unit_F5_m10_C180_a30_48.txt,unit,10,180,5,30,48,474,4.630.92,60000
unit_F5_m10_C180_a30_49.txt,unit,10,180,5,30,49,338,3.565.28,60000
unit_F2_m25_C30_a3_0.txt,unit,25,30,2,3,0,58,92.1982,5
unit_F2_m25_C30_a3_1.txt,unit,25,30,2,3,1,90,33.8241,3
unit_F2_m25_C30_a3_2.txt,unit,25,30,2,3,2,72,70.6985,7
unit_F2_m25_C30_a3_3.txt,unit,25,30,2,3,3,70,31.4166,4
unit_F2_m25_C30_a3_4.txt,unit,25,30,2,3,4,98,73.8042,4
unit_F2_m25_C30_a3_5.txt,unit,25,30,2,3,5,106,51.6825,3
unit_F2_m25_C30_a3_6.txt,unit,25,30,2,3,6,70,79.283,8
unit_F2_m25_C30_a3_7.txt,unit,25,30,2,3,7,56,72.4245,6
unit_F2_m25_C30_a3_8.txt,unit,25,30,2,3,8,120,28.6772,3
unit_F2_m25_C30_a3_9.txt,unit,25,30,2,3,9,120,22.2585,2
unit_F2_m25_C30_a3_10.txt,unit,25,30,2,3,10,102,47.1313,4
unit_F2_m25_C30_a3_11.txt,unit,25,30,2,3,11,52,56.2607,4
unit_F2_m25_C30_a3_12.txt,unit,25,30,2,3,12,186,21.3828,6
unit_F2_m25_C30_a3_13.txt,unit,25,30,2,3,13,100,20.9536,3
unit_F2_m25_C30_a3_14.txt,unit,25,30,2,3,14,90,186.898,7
unit_F2_m25_C30_a3_15.txt,unit,25,30,2,3,15,124,15.5468,4
unit_F2_m25_C30_a3_16.txt,unit,25,30,2,3,16,58,94.5711,8
unit_F2_m25_C30_a3_17.txt,unit,25,30,2,3,17,82,36.3928,3
unit_F2_m25_C30_a3_18.txt,unit,25,30,2,3,18,44,50.3997,6
unit_F2_m25_C30_a3_19.txt,unit,25,30,2,3,19,128,61.5731,4
unit_F2_m25_C30_a3_20.txt,unit,25,30,2,3,20,132,51.9954,5
unit_F2_m25_C30_a3_21.txt,unit,25,30,2,3,21,62,43.9649,3
unit_F2_m25_C30_a3_22.txt,unit,25,30,2,3,22,130,26.9555,2
unit_F2_m25_C30_a3_23.txt,unit,25,30,2,3,23,62,259.056,9
unit_F2_m25_C30_a3_24.txt,unit,25,30,2,3,24,134,14.8153,3
unit_F2_m25_C30_a3_25.txt,unit,25,30,2,3,25,104,164.083,6
unit_F2_m25_C30_a3_26.txt,unit,25,30,2,3,26,110,54.1033,4
unit_F2_m25_C30_a3_27.txt,unit,25,30,2,3,27,64,40.0749,4
unit_F2_m25_C30_a3_28.txt,unit,25,30,2,3,28,52,74.4634,5
unit_F2_m25_C30_a3_29.txt,unit,25,30,2,3,29,56,99.7614,5
unit_F2_m25_C30_a3_30.txt,unit,25,30,2,3,30,112,39.5333,8
unit_F2_m25_C30_a3_31.txt,unit,25,30,2,3,31,172,20.9562,4
unit_F2_m25_C30_a3_32.txt,unit,25,30,2,3,32,82,52.8133,3
unit_F2_m25_C30_a3_33.txt,unit,25,30,2,3,33,68,57.7559,4
unit_F2_m25_C30_a3_34.txt,unit,25,30,2,3,34,72,35.4624,4
unit_F2_m25_C30_a3_35.txt,unit,25,30,2,3,35,84,57.789,4
unit_F2_m25_C30_a3_36.txt,unit,25,30,2,3,36,102,11.8185,3
unit_F2_m25_C30_a3_37.txt,unit,25,30,2,3,37,72,31.8544,3
unit_F2_m25_C30_a3_38.txt,unit,25,30,2,3,38,134,18.7387,3
unit_F2_m25_C30_a3_39.txt,unit,25,30,2,3,39,144,80.212,5
unit_F2_m25_C30_a3_40.txt,unit,25,30,2,3,40,134,23.0163,2
unit_F2_m25_C30_a3_41.txt,unit,25,30,2,3,41,94,322.528,8
unit_F2_m25_C30_a3_42.txt,unit,25,30,2,3,42,112,42.2082,3
unit_F2_m25_C30_a3_43.txt,unit,25,30,2,3,43,80,48.3347,4
unit_F2_m25_C30_a3_44.txt,unit,25,30,2,3,44,166,33.223,4
unit_F2_m25_C30_a3_45.txt,unit,25,30,2,3,45,122,11.2381,3
unit_F2_m25_C30_a3_46.txt,unit,25,30,2,3,46,114,20.0636,3
unit_F2_m25_C30_a3_47.txt,unit,25,30,2,3,47,144,29.0246,3
unit_F2_m25_C30_a3_48.txt,unit,25,30,2,3,48,52,83.5533,6
unit_F2_m25_C30_a3_49.txt,unit,25,30,2,3,49,80,42.3449,4
unit_F2_m25_C30_a7_0.txt,unit,25,30,2,7,0,168,98.0625,148
unit_F2_m25_C30_a7_1.txt,unit,25,30,2,7,1,126,66.3114,10
unit_F2_m25_C30_a7_2.txt,unit,25,30,2,7,2,146,529.527,64
unit_F2_m25_C30_a7_3.txt,unit,25,30,2,7,3,108,140.605,31
unit_F2_m25_C30_a7_4.txt,unit,25,30,2,7,4,156,71.1392,47
unit_F2_m25_C30_a7_5.txt,unit,25,30,2,7,5,144,68.982,23
unit_F2_m25_C30_a7_6.txt,unit,25,30,2,7,6,96,99.1507,29
unit_F2_m25_C30_a7_7.txt,unit,25,30,2,7,7,180,69.0809,21
unit_F2_m25_C30_a7_8.txt,unit,25,30,2,7,8,170,77.5677,13
unit_F2_m25_C30_a7_9.txt,unit,25,30,2,7,9,142,56.2859,11
unit_F2_m25_C30_a7_10.txt,unit,25,30,2,7,10,150,118.394,47
unit_F2_m25_C30_a7_11.txt,unit,25,30,2,7,11,166,119.013,90
unit_F2_m25_C30_a7_12.txt,unit,25,30,2,7,12,214,39.1161,22
unit_F2_m25_C30_a7_13.txt,unit,25,30,2,7,13,126,43.2608,12
unit_F2_m25_C30_a7_14.txt,unit,25,30,2,7,14,152,232.95,60
unit_F2_m25_C30_a7_15.txt,unit,25,30,2,7,15,126,55.8874,19
unit_F2_m25_C30_a7_16.txt,unit,25,30,2,7,16,102,228.913,112
unit_F2_m25_C30_a7_17.txt,unit,25,30,2,7,17,150,50.1482,6
unit_F2_m25_C30_a7_18.txt,unit,25,30,2,7,18,120,89.402,78
unit_F2_m25_C30_a7_19.txt,unit,25,30,2,7,19,170,39.4099,15
unit_F2_m25_C30_a7_20.txt,unit,25,30,2,7,20,142,121.449,37
unit_F2_m25_C30_a7_21.txt,unit,25,30,2,7,21,110,105.181,10
unit_F2_m25_C30_a7_22.txt,unit,25,30,2,7,22,164,49.068,15
unit_F2_m25_C30_a7_23.txt,unit,25,30,2,7,23,110,127.087,95
unit_F2_m25_C30_a7_24.txt,unit,25,30,2,7,24,170,59.9727,15
unit_F2_m25_C30_a7_25.txt,unit,25,30,2,7,25,124,60.0673,14
unit_F2_m25_C30_a7_26.txt,unit,25,30,2,7,26,136,76.0925,46
unit_F2_m25_C30_a7_27.txt,unit,25,30,2,7,27,100,99.2571,8
unit_F2_m25_C30_a7_28.txt,unit,25,30,2,7,28,174,89.0373,55
unit_F2_m25_C30_a7_29.txt,unit,25,30,2,7,29,128,173.757,127
unit_F2_m25_C30_a7_30.txt,unit,25,30,2,7,30,126,51.3912,13
unit_F2_m25_C30_a7_31.txt,unit,25,30,2,7,31,202,86.5965,79
unit_F2_m25_C30_a7_32.txt,unit,25,30,2,7,32,146,72.9644,14
unit_F2_m25_C30_a7_33.txt,unit,25,30,2,7,33,184,99.8779,24
unit_F2_m25_C30_a7_34.txt,unit,25,30,2,7,34,128,51.2508,17
unit_F2_m25_C30_a7_35.txt,unit,25,30,2,7,35,128,82.029,99
unit_F2_m25_C30_a7_36.txt,unit,25,30,2,7,36,138,51.3805,8
unit_F2_m25_C30_a7_37.txt,unit,25,30,2,7,37,144,97.9784,54
unit_F2_m25_C30_a7_38.txt,unit,25,30,2,7,38,216,62.2039,8
unit_F2_m25_C30_a7_39.txt,unit,25,30,2,7,39,178,46.6595,35
unit_F2_m25_C30_a7_40.txt,unit,25,30,2,7,40,164,81.2661,24
unit_F2_m25_C30_a7_41.txt,unit,25,30,2,7,41,128,372.67,130
unit_F2_m25_C30_a7_42.txt,unit,25,30,2,7,42,154,117.495,78
unit_F2_m25_C30_a7_43.txt,unit,25,30,2,7,43,150,178.764,54
unit_F2_m25_C30_a7_44.txt,unit,25,30,2,7,44,176,107.077,58
unit_F2_m25_C30_a7_45.txt,unit,25,30,2,7,45,182,99.3097,36
unit_F2_m25_C30_a7_46.txt,unit,25,30,2,7,46,156,40.2544,6
unit_F2_m25_C30_a7_47.txt,unit,25,30,2,7,47,210,35.4975,13
unit_F2_m25_C30_a7_48.txt,unit,25,30,2,7,48,116,124.599,180
unit_F2_m25_C30_a7_49.txt,unit,25,30,2,7,49,132,61.9987,14
unit_F2_m25_C30_a15_0.txt,unit,25,30,2,15,0,198,270.441,1619
unit_F2_m25_C30_a15_1.txt,unit,25,30,2,15,1,166,132.686,143
unit_F2_m25_C30_a15_2.txt,unit,25,30,2,15,2,198,180.56,238
unit_F2_m25_C30_a15_3.txt,unit,25,30,2,15,3,178,335.119,942
unit_F2_m25_C30_a15_4.txt,unit,25,30,2,15,4,198,111.222,297
unit_F2_m25_C30_a15_5.txt,unit,25,30,2,15,5,216,80.6311,123
unit_F2_m25_C30_a15_6.txt,unit,25,30,2,15,6,178,164.394,752
unit_F2_m25_C30_a15_7.txt,unit,25,30,2,15,7,240,131.96,982
unit_F2_m25_C30_a15_8.txt,unit,25,30,2,15,8,238,160.518,177
unit_F2_m25_C30_a15_9.txt,unit,25,30,2,15,9,194,149.267,229
unit_F2_m25_C30_a15_10.txt,unit,25,30,2,15,10,214,145.576,222
unit_F2_m25_C30_a15_11.txt,unit,25,30,2,15,11,214,128.454,672
unit_F2_m25_C30_a15_12.txt,unit,25,30,2,15,12,236,185.201,229
unit_F2_m25_C30_a15_13.txt,unit,25,30,2,15,13,162,143.857,935
unit_F2_m25_C30_a15_14.txt,unit,25,30,2,15,14,186,413.684,1740
unit_F2_m25_C30_a15_15.txt,unit,25,30,2,15,15,222,136.291,601
unit_F2_m25_C30_a15_16.txt,unit,25,30,2,15,16,188,266.734,1004
unit_F2_m25_C30_a15_17.txt,unit,25,30,2,15,17,232,257.97,291
unit_F2_m25_C30_a15_18.txt,unit,25,30,2,15,18,164,150.811,465
unit_F2_m25_C30_a15_19.txt,unit,25,30,2,15,19,194,140.822,152
unit_F2_m25_C30_a15_20.txt,unit,25,30,2,15,20,210,160.25,613
unit_F2_m25_C30_a15_21.txt,unit,25,30,2,15,21,172,359.92,1176
unit_F2_m25_C30_a15_22.txt,unit,25,30,2,15,22,228,108.314,343
unit_F2_m25_C30_a15_23.txt,unit,25,30,2,15,23,166,227.8,1195
unit_F2_m25_C30_a15_24.txt,unit,25,30,2,15,24,208,140.578,210
unit_F2_m25_C30_a15_25.txt,unit,25,30,2,15,25,210,214.933,701
unit_F2_m25_C30_a15_26.txt,unit,25,30,2,15,26,190,168.987,2679
unit_F2_m25_C30_a15_27.txt,unit,25,30,2,15,27,188,177.181,301
unit_F2_m25_C30_a15_28.txt,unit,25,30,2,15,28,228,113.322,261
unit_F2_m25_C30_a15_29.txt,unit,25,30,2,15,29,160,168.611,686
unit_F2_m25_C30_a15_30.txt,unit,25,30,2,15,30,226,132.108,480
unit_F2_m25_C30_a15_31.txt,unit,25,30,2,15,31,232,118.731,354
unit_F2_m25_C30_a15_32.txt,unit,25,30,2,15,32,198,145.257,284
unit_F2_m25_C30_a15_33.txt,unit,25,30,2,15,33,226,117.945,123
unit_F2_m25_C30_a15_34.txt,unit,25,30,2,15,34,246,140.736,327
unit_F2_m25_C30_a15_35.txt,unit,25,30,2,15,35,210,159.478,947
unit_F2_m25_C30_a15_36.txt,unit,25,30,2,15,36,188,101.084,122
unit_F2_m25_C30_a15_37.txt,unit,25,30,2,15,37,204,143.088,1079
unit_F2_m25_C30_a15_38.txt,unit,25,30,2,15,38,288,72.2286,50
unit_F2_m25_C30_a15_39.txt,unit,25,30,2,15,39,218,174.525,950
unit_F2_m25_C30_a15_40.txt,unit,25,30,2,15,40,226,193.188,697
unit_F2_m25_C30_a15_41.txt,unit,25,30,2,15,41,182,343.694,570
unit_F2_m25_C30_a15_42.txt,unit,25,30,2,15,42,206,157.969,273
unit_F2_m25_C30_a15_43.txt,unit,25,30,2,15,43,182,120.927,200
unit_F2_m25_C30_a15_44.txt,unit,25,30,2,15,44,268,136.928,340
unit_F2_m25_C30_a15_45.txt,unit,25,30,2,15,45,240,92.5061,319
unit_F2_m25_C30_a15_46.txt,unit,25,30,2,15,46,194,91.4815,55
unit_F2_m25_C30_a15_47.txt,unit,25,30,2,15,47,272,140.972,88
unit_F2_m25_C30_a15_48.txt,unit,25,30,2,15,48,184,423.503,1977
unit_F2_m25_C30_a15_49.txt,unit,25,30,2,15,49,198,246.389,294
unit_F2_m25_C30_a30_0.txt,unit,25,30,2,30,0,258,400.795,16028
unit_F2_m25_C30_a30_1.txt,unit,25,30,2,30,1,278,470.99,5573
unit_F2_m25_C30_a30_2.txt,unit,25,30,2,30,2,284,237.81,16945
unit_F2_m25_C30_a30_3.txt,unit,25,30,2,30,3,248,337.65,14627
unit_F2_m25_C30_a30_4.txt,unit,25,30,2,30,4,312,775.898,10544
unit_F2_m25_C30_a30_5.txt,unit,25,30,2,30,5,272,275.756,2037
unit_F2_m25_C30_a30_6.txt,unit,25,30,2,30,6,246,777.068,11455
unit_F2_m25_C30_a30_7.txt,unit,25,30,2,30,7,320,467.26,8726
unit_F2_m25_C30_a30_8.txt,unit,25,30,2,30,8,300,837.051,13421
unit_F2_m25_C30_a30_9.txt,unit,25,30,2,30,9,248,1.433.35,19186
unit_F2_m25_C30_a30_10.txt,unit,25,30,2,30,10,334,245.138,3510
unit_F2_m25_C30_a30_11.txt,unit,25,30,2,30,11,296,256.318,9892
unit_F2_m25_C30_a30_12.txt,unit,25,30,2,30,12,264,329.278,6558
unit_F2_m25_C30_a30_13.txt,unit,25,30,2,30,13,234,1.373.51,29492
unit_F2_m25_C30_a30_14.txt,unit,25,30,2,30,14,272,812.77,9426
unit_F2_m25_C30_a30_15.txt,unit,25,30,2,30,15,296,264.83,7271
unit_F2_m25_C30_a30_16.txt,unit,25,30,2,30,16,270,456.668,12032
unit_F2_m25_C30_a30_17.txt,unit,25,30,2,30,17,278,854.232,9677
unit_F2_m25_C30_a30_18.txt,unit,25,30,2,30,18,272,593.722,19692
unit_F2_m25_C30_a30_19.txt,unit,25,30,2,30,19,284,569.214,2755
unit_F2_m25_C30_a30_20.txt,unit,25,30,2,30,20,274,459.861,11925
unit_F2_m25_C30_a30_21.txt,unit,25,30,2,30,21,238,357.858,8443
unit_F2_m25_C30_a30_22.txt,unit,25,30,2,30,22,286,460.026,16182
unit_F2_m25_C30_a30_23.txt,unit,25,30,2,30,23,242,304.38,10580
unit_F2_m25_C30_a30_24.txt,unit,25,30,2,30,24,302,275.539,7999
unit_F2_m25_C30_a30_25.txt,unit,25,30,2,30,25,308,492.914,10544
unit_F2_m25_C30_a30_26.txt,unit,25,30,2,30,26,292,267.428,14971
unit_F2_m25_C30_a30_27.txt,unit,25,30,2,30,27,260,278.517,6768
unit_F2_m25_C30_a30_28.txt,unit,25,30,2,30,28,302,391.205,5399
unit_F2_m25_C30_a30_29.txt,unit,25,30,2,30,29,256,488.712,18374
unit_F2_m25_C30_a30_30.txt,unit,25,30,2,30,30,300,624.782,6936
unit_F2_m25_C30_a30_31.txt,unit,25,30,2,30,31,328,565.783,17575
unit_F2_m25_C30_a30_32.txt,unit,25,30,2,30,32,292,308.087,6751
unit_F2_m25_C30_a30_33.txt,unit,25,30,2,30,33,288,208.641,3017
unit_F2_m25_C30_a30_34.txt,unit,25,30,2,30,34,316,602.798,2894
unit_F2_m25_C30_a30_35.txt,unit,25,30,2,30,35,296,325.373,11101
unit_F2_m25_C30_a30_36.txt,unit,25,30,2,30,36,244,226.569,1856
unit_F2_m25_C30_a30_37.txt,unit,25,30,2,30,37,250,291.153,15290
unit_F2_m25_C30_a30_38.txt,unit,25,30,2,30,38,362,164.767,884
unit_F2_m25_C30_a30_39.txt,unit,25,30,2,30,39,262,323.921,11766
unit_F2_m25_C30_a30_40.txt,unit,25,30,2,30,40,294,775.695,18641
unit_F2_m25_C30_a30_41.txt,unit,25,30,2,30,41,284,216.512,5629
unit_F2_m25_C30_a30_42.txt,unit,25,30,2,30,42,314,206.242,6379
unit_F2_m25_C30_a30_43.txt,unit,25,30,2,30,43,268,499.619,4161
unit_F2_m25_C30_a30_44.txt,unit,25,30,2,30,44,330,348.161,6565
unit_F2_m25_C30_a30_45.txt,unit,25,30,2,30,45,300,195.778,2355
unit_F2_m25_C30_a30_46.txt,unit,25,30,2,30,46,254,332.444,3020
unit_F2_m25_C30_a30_47.txt,unit,25,30,2,30,47,348,197.809,3951
unit_F2_m25_C30_a30_48.txt,unit,25,30,2,30,48,240,721.668,25182
unit_F2_m25_C30_a30_49.txt,unit,25,30,2,30,49,258,269.151,5778
unit_F5_m25_C30_a3_0.txt,unit,25,30,5,3,0,92,93.4573,7
unit_F5_m25_C30_a3_1.txt,unit,25,30,5,3,1,56,89.9675,7
unit_F5_m25_C30_a3_2.txt,unit,25,30,5,3,2,82,93.7295,8
unit_F5_m25_C30_a3_3.txt,unit,25,30,5,3,3,50,208.233,27
unit_F5_m25_C30_a3_4.txt,unit,25,30,5,3,4,30,205.815,13
unit_F5_m25_C30_a3_5.txt,unit,25,30,5,3,5,94,95.5483,10
unit_F5_m25_C30_a3_6.txt,unit,25,30,5,3,6,78,70.2091,8
unit_F5_m25_C30_a3_7.txt,unit,25,30,5,3,7,24,205.987,17
unit_F5_m25_C30_a3_8.txt,unit,25,30,5,3,8,56,355.103,39
unit_F5_m25_C30_a3_9.txt,unit,25,30,5,3,9,34,169.507,36
unit_F5_m25_C30_a3_10.txt,unit,25,30,5,3,10,88,231.481,30
unit_F5_m25_C30_a3_11.txt,unit,25,30,5,3,11,42,62.2202,21
unit_F5_m25_C30_a3_12.txt,unit,25,30,5,3,12,68,193.982,25
unit_F5_m25_C30_a3_13.txt,unit,25,30,5,3,13,172,116.294,6
unit_F5_m25_C30_a3_14.txt,unit,25,30,5,3,14,40,726.7,18
unit_F5_m25_C30_a3_15.txt,unit,25,30,5,3,15,28,177.673,17
unit_F5_m25_C30_a3_16.txt,unit,25,30,5,3,16,64,88.7907,8
unit_F5_m25_C30_a3_17.txt,unit,25,30,5,3,17,64,206.003,11
unit_F5_m25_C30_a3_18.txt,unit,25,30,5,3,18,26,154.144,11
unit_F5_m25_C30_a3_19.txt,unit,25,30,5,3,19,118,57.5743,4
unit_F5_m25_C30_a3_20.txt,unit,25,30,5,3,20,32,76.625,4
unit_F5_m25_C30_a3_21.txt,unit,25,30,5,3,21,78,67.3761,4
unit_F5_m25_C30_a3_22.txt,unit,25,30,5,3,22,58,140.029,9
unit_F5_m25_C30_a3_23.txt,unit,25,30,5,3,23,126,121.205,17
unit_F5_m25_C30_a3_24.txt,unit,25,30,5,3,24,44,264.913,18
unit_F5_m25_C30_a3_25.txt,unit,25,30,5,3,25,136,59.9101,5
unit_F5_m25_C30_a3_26.txt,unit,25,30,5,3,26,60,171.905,11
unit_F5_m25_C30_a3_27.txt,unit,25,30,5,3,27,36,549.533,18
unit_F5_m25_C30_a3_28.txt,unit,25,30,5,3,28,52,202.172,13
unit_F5_m25_C30_a3_29.txt,unit,25,30,5,3,29,54,825.197,16
unit_F5_m25_C30_a3_30.txt,unit,25,30,5,3,30,70,83.1446,13
unit_F5_m25_C30_a3_31.txt,unit,25,30,5,3,31,102,502.145,37
unit_F5_m25_C30_a3_32.txt,unit,25,30,5,3,32,134,120.893,5
unit_F5_m25_C30_a3_33.txt,unit,25,30,5,3,33,56,732.026,20
unit_F5_m25_C30_a3_34.txt,unit,25,30,5,3,34,46,578.049,21
unit_F5_m25_C30_a3_35.txt,unit,25,30,5,3,35,28,260.947,32
unit_F5_m25_C30_a3_36.txt,unit,25,30,5,3,36,34,237.869,23
unit_F5_m25_C30_a3_37.txt,unit,25,30,5,3,37,94,206.551,10
unit_F5_m25_C30_a3_38.txt,unit,25,30,5,3,38,80,169.74,15
unit_F5_m25_C30_a3_39.txt,unit,25,30,5,3,39,38,250.812,16
unit_F5_m25_C30_a3_40.txt,unit,25,30,5,3,40,86,43.4556,5
unit_F5_m25_C30_a3_41.txt,unit,25,30,5,3,41,46,335.703,23
unit_F5_m25_C30_a3_42.txt,unit,25,30,5,3,42,88,173.506,7
unit_F5_m25_C30_a3_43.txt,unit,25,30,5,3,43,50,3.017.38,43
unit_F5_m25_C30_a3_44.txt,unit,25,30,5,3,44,46,468.362,8
unit_F5_m25_C30_a3_45.txt,unit,25,30,5,3,45,42,479.392,40
unit_F5_m25_C30_a3_46.txt,unit,25,30,5,3,46,48,1.240.69,36
unit_F5_m25_C30_a3_47.txt,unit,25,30,5,3,47,52,131.447,6
unit_F5_m25_C30_a3_48.txt,unit,25,30,5,3,48,44,164.423,10
unit_F5_m25_C30_a3_49.txt,unit,25,30,5,3,49,74,75.4442,9
unit_F5_m25_C30_a7_0.txt,unit,25,30,5,7,0,102,389.289,1987
unit_F5_m25_C30_a7_1.txt,unit,25,30,5,7,1,70,238.425,556
unit_F5_m25_C30_a7_2.txt,unit,25,30,5,7,2,202,202.56,16968
unit_F5_m25_C30_a7_3.txt,unit,25,30,5,7,3,98,689.533,13115
unit_F5_m25_C30_a7_4.txt,unit,25,30,5,7,4,58,1.107.24,3703
unit_F5_m25_C30_a7_5.txt,unit,25,30,5,7,5,102,483.926,2399
unit_F5_m25_C30_a7_6.txt,unit,25,30,5,7,6,94,875.572,7572
unit_F5_m25_C30_a7_7.txt,unit,25,30,5,7,7,106,358.924,5848
unit_F5_m25_C30_a7_8.txt,unit,25,30,5,7,8,142,407.247,11815
unit_F5_m25_C30_a7_9.txt,unit,25,30,5,7,9,124,221.973,5887
unit_F5_m25_C30_a7_10.txt,unit,25,30,5,7,10,100,672.989,3884
unit_F5_m25_C30_a7_11.txt,unit,25,30,5,7,11,76,199.695,1146
unit_F5_m25_C30_a7_12.txt,unit,25,30,5,7,12,78,1.187.67,6938
unit_F5_m25_C30_a7_13.txt,unit,25,30,5,7,13,172,127.921,733
unit_F5_m25_C30_a7_14.txt,unit,25,30,5,7,14,66,146.428,253
unit_F5_m25_C30_a7_15.txt,unit,25,30,5,7,15,50,4.426.27,8113
unit_F5_m25_C30_a7_16.txt,unit,25,30,5,7,16,82,218.428,3384
unit_F5_m25_C30_a7_17.txt,unit,25,30,5,7,17,92,347.015,4908
unit_F5_m25_C30_a7_18.txt,unit,25,30,5,7,18,74,775.28,2639
unit_F5_m25_C30_a7_19.txt,unit,25,30,5,7,19,174,216.534,4750
unit_F5_m25_C30_a7_20.txt,unit,25,30,5,7,20,68,243.832,1209
unit_F5_m25_C30_a7_21.txt,unit,25,30,5,7,21,110,449.873,556
unit_F5_m25_C30_a7_22.txt,unit,25,30,5,7,22,108,193.84,1038
unit_F5_m25_C30_a7_23.txt,unit,25,30,5,7,23,126,256.092,7418
unit_F5_m25_C30_a7_24.txt,unit,25,30,5,7,24,80,165.417,603
unit_F5_m25_C30_a7_25.txt,unit,25,30,5,7,25,162,389.175,2715
unit_F5_m25_C30_a7_26.txt,unit,25,30,5,7,26,74,270.726,1136
unit_F5_m25_C30_a7_27.txt,unit,25,30,5,7,27,68,164.349,332
unit_F5_m25_C30_a7_28.txt,unit,25,30,5,7,28,64,223.092,332
unit_F5_m25_C30_a7_29.txt,unit,25,30,5,7,29,62,4.099.19,7550
unit_F5_m25_C30_a7_30.txt,unit,25,30,5,7,30,80,545.563,4659
unit_F5_m25_C30_a7_31.txt,unit,25,30,5,7,31,162,548.475,4767
unit_F5_m25_C30_a7_32.txt,unit,25,30,5,7,32,188,127.019,208
unit_F5_m25_C30_a7_33.txt,unit,25,30,5,7,33,64,1.404.21,5235
unit_F5_m25_C30_a7_34.txt,unit,25,30,5,7,34,52,514.165,1079
unit_F5_m25_C30_a7_35.txt,unit,25,30,5,7,35,62,1.730.20,4766
unit_F5_m25_C30_a7_36.txt,unit,25,30,5,7,36,122,242.881,5507
unit_F5_m25_C30_a7_37.txt,unit,25,30,5,7,37,128,225.648,169
unit_F5_m25_C30_a7_38.txt,unit,25,30,5,7,38,110,658.354,10453
unit_F5_m25_C30_a7_39.txt,unit,25,30,5,7,39,106,407.318,3226
unit_F5_m25_C30_a7_40.txt,unit,25,30,5,7,40,126,114.128,432
unit_F5_m25_C30_a7_41.txt,unit,25,30,5,7,41,134,147.068,671
unit_F5_m25_C30_a7_42.txt,unit,25,30,5,7,42,98,177.337,130
unit_F5_m25_C30_a7_43.txt,unit,25,30,5,7,43,82,763.938,1871
unit_F5_m25_C30_a7_44.txt,unit,25,30,5,7,44,80,998.41,1169
unit_F5_m25_C30_a7_45.txt,unit,25,30,5,7,45,62,470.424,734
unit_F5_m25_C30_a7_46.txt,unit,25,30,5,7,46,156,225.759,8879
unit_F5_m25_C30_a7_47.txt,unit,25,30,5,7,47,66,446.604,310
unit_F5_m25_C30_a7_48.txt,unit,25,30,5,7,48,60,174.099,444
unit_F5_m25_C30_a7_49.txt,unit,25,30,5,7,49,102,548.712,2877
unit_F5_m25_C30_a15_0.txt,unit,25,30,5,15,0,108,603.791,60000
unit_F5_m25_C30_a15_1.txt,unit,25,30,5,15,1,110,2.017.64,60000
unit_F5_m25_C30_a15_2.txt,unit,25,30,5,15,2,218,472.846,60000
unit_F5_m25_C30_a15_3.txt,unit,25,30,5,15,3,132,779.821,60000
unit_F5_m25_C30_a15_4.txt,unit,25,30,5,15,4,90,3.559.68,60000
unit_F5_m25_C30_a15_5.txt,unit,25,30,5,15,5,186,410.595,60000
unit_F5_m25_C30_a15_6.txt,unit,25,30,5,15,6,152,1.149.98,60000
unit_F5_m25_C30_a15_7.txt,unit,25,30,5,15,7,120,488.236,60000
unit_F5_m25_C30_a15_8.txt,unit,25,30,5,15,8,166,1.761.95,60000
unit_F5_m25_C30_a15_9.txt,unit,25,30,5,15,9,164,657.426,60000
unit_F5_m25_C30_a15_10.txt,unit,25,30,5,15,10,142,2.436.79,60000
unit_F5_m25_C30_a15_11.txt,unit,25,30,5,15,11,148,873.242,60000
unit_F5_m25_C30_a15_12.txt,unit,25,30,5,15,12,142,537.395,60000
unit_F5_m25_C30_a15_13.txt,unit,25,30,5,15,13,184,706.786,60000
unit_F5_m25_C30_a15_14.txt,unit,25,30,5,15,14,104,2.041.23,60000
unit_F5_m25_C30_a15_15.txt,unit,25,30,5,15,15,116,630.999,60000
unit_F5_m25_C30_a15_16.txt,unit,25,30,5,15,16,110,761.218,60000
unit_F5_m25_C30_a15_17.txt,unit,25,30,5,15,17,126,793.887,60000
unit_F5_m25_C30_a15_18.txt,unit,25,30,5,15,18,112,514.82,60000
unit_F5_m25_C30_a15_19.txt,unit,25,30,5,15,19,184,470.712,60000
unit_F5_m25_C30_a15_20.txt,unit,25,30,5,15,20,154,1.204.51,60000
unit_F5_m25_C30_a15_21.txt,unit,25,30,5,15,21,154,442.384,35805
unit_F5_m25_C30_a15_22.txt,unit,25,30,5,15,22,148,488.044,60000
unit_F5_m25_C30_a15_23.txt,unit,25,30,5,15,23,134,650.295,60000
unit_F5_m25_C30_a15_24.txt,unit,25,30,5,15,24,118,481.257,17450
unit_F5_m25_C30_a15_25.txt,unit,25,30,5,15,25,170,1.163.79,60000
unit_F5_m25_C30_a15_26.txt,unit,25,30,5,15,26,160,567.691,60000
unit_F5_m25_C30_a15_27.txt,unit,25,30,5,15,27,138,400.475,16862
unit_F5_m25_C30_a15_28.txt,unit,25,30,5,15,28,158,653.171,60000
unit_F5_m25_C30_a15_29.txt,unit,25,30,5,15,29,106,1.460.56,60000
unit_F5_m25_C30_a15_30.txt,unit,25,30,5,15,30,112,1.005.38,60000
unit_F5_m25_C30_a15_31.txt,unit,25,30,5,15,31,168,545.485,60000
unit_F5_m25_C30_a15_32.txt,unit,25,30,5,15,32,196,495.984,60000
unit_F5_m25_C30_a15_33.txt,unit,25,30,5,15,33,98,631.463,60000
unit_F5_m25_C30_a15_34.txt,unit,25,30,5,15,34,148,1.327.89,60000
unit_F5_m25_C30_a15_35.txt,unit,25,30,5,15,35,100,1.925.97,60000
unit_F5_m25_C30_a15_36.txt,unit,25,30,5,15,36,178,496.714,60000
unit_F5_m25_C30_a15_37.txt,unit,25,30,5,15,37,166,925.334,60000
unit_F5_m25_C30_a15_38.txt,unit,25,30,5,15,38,118,981.32,60000
unit_F5_m25_C30_a15_39.txt,unit,25,30,5,15,39,126,1.147.69,60000
unit_F5_m25_C30_a15_40.txt,unit,25,30,5,15,40,152,434.511,60000
unit_F5_m25_C30_a15_41.txt,unit,25,30,5,15,41,140,425.141,59992
unit_F5_m25_C30_a15_42.txt,unit,25,30,5,15,42,166,933.634,60000
unit_F5_m25_C30_a15_43.txt,unit,25,30,5,15,43,138,1.230.71,60000
unit_F5_m25_C30_a15_44.txt,unit,25,30,5,15,44,130,2.510.24,60000
unit_F5_m25_C30_a15_45.txt,unit,25,30,5,15,45,126,1.532.84,60000
unit_F5_m25_C30_a15_46.txt,unit,25,30,5,15,46,176,1.488.71,60000
unit_F5_m25_C30_a15_47.txt,unit,25,30,5,15,47,96,8.887.35,57665
unit_F5_m25_C30_a15_48.txt,unit,25,30,5,15,48,128,1.229.58,60000
unit_F5_m25_C30_a15_49.txt,unit,25,30,5,15,49,126,854.751,60000
unit_F5_m25_C30_a30_0.txt,unit,25,30,5,30,0,174,4.454.03,60000
unit_F5_m25_C30_a30_1.txt,unit,25,30,5,30,1,230,6.726.86,60000
unit_F5_m25_C30_a30_2.txt,unit,25,30,5,30,2,246,2.430.96,60000
unit_F5_m25_C30_a30_3.txt,unit,25,30,5,30,3,200,3.321.44,60000
unit_F5_m25_C30_a30_4.txt,unit,25,30,5,30,4,150,2.229.05,60000
unit_F5_m25_C30_a30_5.txt,unit,25,30,5,30,5,220,1.142.32,60000
unit_F5_m25_C30_a30_6.txt,unit,25,30,5,30,6,186,4.957.39,60000
unit_F5_m25_C30_a30_7.txt,unit,25,30,5,30,7,168,3.260.42,60000
unit_F5_m25_C30_a30_8.txt,unit,25,30,5,30,8,212,1.027.95,60000
unit_F5_m25_C30_a30_9.txt,unit,25,30,5,30,9,186,1.176.11,60000
unit_F5_m25_C30_a30_10.txt,unit,25,30,5,30,10,224,1.040.25,60000
unit_F5_m25_C30_a30_11.txt,unit,25,30,5,30,11,206,1.115.44,60000
unit_F5_m25_C30_a30_12.txt,unit,25,30,5,30,12,186,2.524.95,60000
unit_F5_m25_C30_a30_13.txt,unit,25,30,5,30,13,218,2.246.23,60000
unit_F5_m25_C30_a30_14.txt,unit,25,30,5,30,14,204,3.063.74,60000
unit_F5_m25_C30_a30_15.txt,unit,25,30,5,30,15,176,3.659.07,60000
unit_F5_m25_C30_a30_16.txt,unit,25,30,5,30,16,202,3.194.30,60000
unit_F5_m25_C30_a30_17.txt,unit,25,30,5,30,17,210,2.035.50,60000
unit_F5_m25_C30_a30_18.txt,unit,25,30,5,30,18,190,2.013.48,60000
unit_F5_m25_C30_a30_19.txt,unit,25,30,5,30,19,234,2.626.50,60000
unit_F5_m25_C30_a30_20.txt,unit,25,30,5,30,20,198,1.822.04,60000
unit_F5_m25_C30_a30_21.txt,unit,25,30,5,30,21,212,2.281.33,60000
unit_F5_m25_C30_a30_22.txt,unit,25,30,5,30,22,216,2.861.53,60000
unit_F5_m25_C30_a30_23.txt,unit,25,30,5,30,23,218,2.050.46,60000
unit_F5_m25_C30_a30_24.txt,unit,25,30,5,30,24,174,3.663.37,60000
unit_F5_m25_C30_a30_25.txt,unit,25,30,5,30,25,198,3.040.83,60000
unit_F5_m25_C30_a30_26.txt,unit,25,30,5,30,26,208,1.886.89,60000
unit_F5_m25_C30_a30_27.txt,unit,25,30,5,30,27,212,1.849.09,60000
unit_F5_m25_C30_a30_28.txt,unit,25,30,5,30,28,212,1.547,60000
unit_F5_m25_C30_a30_29.txt,unit,25,30,5,30,29,172,5.331.99,60000
unit_F5_m25_C30_a30_30.txt,unit,25,30,5,30,30,202,3.297.74,60000
unit_F5_m25_C30_a30_31.txt,unit,25,30,5,30,31,204,2.114.79,60000
unit_F5_m25_C30_a30_32.txt,unit,25,30,5,30,32,246,1.503.96,60000
unit_F5_m25_C30_a30_33.txt,unit,25,30,5,30,33,210,1.457.01,60000
unit_F5_m25_C30_a30_34.txt,unit,25,30,5,30,34,184,2.570.23,60000
unit_F5_m25_C30_a30_35.txt,unit,25,30,5,30,35,182,3.081.71,60000
unit_F5_m25_C30_a30_36.txt,unit,25,30,5,30,36,218,1.015.26,60000
unit_F5_m25_C30_a30_37.txt,unit,25,30,5,30,37,230,1.718.70,60000
unit_F5_m25_C30_a30_38.txt,unit,25,30,5,30,38,162,4.625.89,60000
unit_F5_m25_C30_a30_39.txt,unit,25,30,5,30,39,152,2.568.87,60000
unit_F5_m25_C30_a30_40.txt,unit,25,30,5,30,40,184,3.267.37,60000
unit_F5_m25_C30_a30_41.txt,unit,25,30,5,30,41,206,2.564.74,60000
unit_F5_m25_C30_a30_42.txt,unit,25,30,5,30,42,214,2.259.75,60000
unit_F5_m25_C30_a30_43.txt,unit,25,30,5,30,43,166,2.815.79,60000
unit_F5_m25_C30_a30_44.txt,unit,25,30,5,30,44,228,2.114.91,60000
unit_F5_m25_C30_a30_45.txt,unit,25,30,5,30,45,160,1.297.47,60000
unit_F5_m25_C30_a30_46.txt,unit,25,30,5,30,46,210,3.086.72,60000
unit_F5_m25_C30_a30_47.txt,unit,25,30,5,30,47,154,6.226.91,60000
unit_F5_m25_C30_a30_48.txt,unit,25,30,5,30,48,224,2.653.41,60000
unit_F5_m25_C30_a30_49.txt,unit,25,30,5,30,49,198,3.720.31,60000
unit_F10_m25_C30_a3_0.txt,unit,25,30,10,3,0,24,1.807.58,63
unit_F10_m25_C30_a3_1.txt,unit,25,30,10,3,1,24,5.542,56
unit_F10_m25_C30_a3_2.txt,unit,25,30,10,3,2,20,2.060.05,64
unit_F10_m25_C30_a3_3.txt,unit,25,30,10,3,3,38,17.484.90,325
unit_F10_m25_C30_a3_4.txt,unit,25,30,10,3,4,78,5.723.31,55
unit_F10_m25_C30_a3_5.txt,unit,25,30,10,3,5,116,737.251,39
unit_F10_m25_C30_a3_6.txt,unit,25,30,10,3,6,28,13.164.30,52
unit_F10_m25_C30_a3_7.txt,unit,25,30,10,3,7,54,1.242.39,55
unit_F10_m25_C30_a3_8.txt,unit,25,30,10,3,8,34,7.041.91,67
unit_F10_m25_C30_a3_9.txt,unit,25,30,10,3,9,30,5.043.31,31
unit_F10_m25_C30_a3_10.txt,unit,25,30,10,3,10,32,10.770.60,49
unit_F10_m25_C30_a3_11.txt,unit,25,30,10,3,11,102,3.295.89,49
unit_F10_m25_C30_a3_12.txt,unit,25,30,10,3,12,20,1.358.92,34
unit_F10_m25_C30_a3_13.txt,unit,25,30,10,3,13,66,15.197.30,15
unit_F10_m25_C30_a3_14.txt,unit,25,30,10,3,14,50,17.536.10,235
unit_F10_m25_C30_a3_15.txt,unit,25,30,10,3,15,26,10.740.60,39
unit_F10_m25_C30_a3_16.txt,unit,25,30,10,3,16,26,1.340.35,35
unit_F10_m25_C30_a3_17.txt,unit,25,30,10,3,17,30,5.314.83,66
unit_F10_m25_C30_a3_18.txt,unit,25,30,10,3,18,54,10.747.40,54
unit_F10_m25_C30_a3_19.txt,unit,25,30,10,3,19,32,8.220.36,39
unit_F10_m25_C30_a3_20.txt,unit,25,30,10,3,20,28,874.588,10
unit_F10_m25_C30_a3_21.txt,unit,25,30,10,3,21,46,1.546.47,25
unit_F10_m25_C30_a3_22.txt,unit,25,30,10,3,22,44,3.564.73,27
unit_F10_m25_C30_a3_23.txt,unit,25,30,10,3,23,56,3.144.20,45
unit_F10_m25_C30_a3_24.txt,unit,25,30,10,3,24,50,1.344.96,29
unit_F10_m25_C30_a3_25.txt,unit,25,30,10,3,25,30,6.794.22,318
unit_F10_m25_C30_a3_26.txt,unit,25,30,10,3,26,56,10.047.90,611
unit_F10_m25_C30_a3_27.txt,unit,25,30,10,3,27,36,8.144.99,72
unit_F10_m25_C30_a3_28.txt,unit,25,30,10,3,28,44,13.116.80,285
unit_F10_m25_C30_a3_29.txt,unit,25,30,10,3,29,104,8.196.44,1570
unit_F10_m25_C30_a3_30.txt,unit,25,30,10,3,30,136,676.194,24
unit_F10_m25_C30_a3_31.txt,unit,25,30,10,3,31,32,3.253.93,63
unit_F10_m25_C30_a3_32.txt,unit,25,30,10,3,32,72,20.230.40,95
unit_F10_m25_C30_a3_33.txt,unit,25,30,10,3,33,44,15.931.50,190
unit_F10_m25_C30_a3_34.txt,unit,25,30,10,3,34,72,1.546.16,616
unit_F10_m25_C30_a3_35.txt,unit,25,30,10,3,35,12,1.747.71,108
unit_F10_m25_C30_a3_36.txt,unit,25,30,10,3,36,26,8.686.79,158
unit_F10_m25_C30_a3_37.txt,unit,25,30,10,3,37,64,1.327.45,47
unit_F10_m25_C30_a3_38.txt,unit,25,30,10,3,38,50,25.923.60,908
unit_F10_m25_C30_a3_39.txt,unit,25,30,10,3,39,44,4.676.24,236
unit_F10_m25_C30_a3_40.txt,unit,25,30,10,3,40,80,6.564.08,75
unit_F10_m25_C30_a3_41.txt,unit,25,30,10,3,41,18,1.511.31,107
unit_F10_m25_C30_a3_42.txt,unit,25,30,10,3,42,26,6.090.63,70
unit_F10_m25_C30_a3_43.txt,unit,25,30,10,3,43,44,8.781.21,44
unit_F10_m25_C30_a3_44.txt,unit,25,30,10,3,44,28,3.372.04,142
unit_F10_m25_C30_a3_45.txt,unit,25,30,10,3,45,60,496.529,12
unit_F10_m25_C30_a3_46.txt,unit,25,30,10,3,46,40,742.235,12
unit_F10_m25_C30_a3_47.txt,unit,25,30,10,3,47,34,15.438.30,213
unit_F10_m25_C30_a3_48.txt,unit,25,30,10,3,48,38,24.932.90,77
unit_F10_m25_C30_a3_49.txt,unit,25,30,10,3,49,28,16.391.80,77
unit_F10_m25_C30_a7_0.txt,unit,25,30,10,7,0,44,10.298.30,57229
unit_F10_m25_C30_a7_1.txt,unit,25,30,10,7,1,42,8.359.84,29866
unit_F10_m25_C30_a7_2.txt,unit,25,30,10,7,2,36,8.996.01,42664
unit_F10_m25_C30_a7_3.txt,unit,25,30,10,7,3,76,7.443.17,18212
unit_F10_m25_C30_a7_4.txt,unit,25,30,10,7,4,88,12.692.40,40200
unit_F10_m25_C30_a7_5.txt,unit,25,30,10,7,5,116,2.680.92,47658
unit_F10_m25_C30_a7_6.txt,unit,25,30,10,7,6,54,12.264.90,9574
unit_F10_m25_C30_a7_7.txt,unit,25,30,10,7,7,96,2.272.12,26629
unit_F10_m25_C30_a7_8.txt,unit,25,30,10,7,8,72,3.561.29,60000
unit_F10_m25_C30_a7_9.txt,unit,25,30,10,7,9,86,2.233.71,5536
unit_F10_m25_C30_a7_10.txt,unit,25,30,10,7,10,38,7.919.03,23820
unit_F10_m25_C30_a7_11.txt,unit,25,30,10,7,11,112,20.705.10,31837
unit_F10_m25_C30_a7_12.txt,unit,25,30,10,7,12,84,2.542.54,60000
unit_F10_m25_C30_a7_13.txt,unit,25,30,10,7,13,78,15.218.20,2236
unit_F10_m25_C30_a7_14.txt,unit,25,30,10,7,14,72,3.483.06,36209
unit_F10_m25_C30_a7_15.txt,unit,25,30,10,7,15,84,2.091.46,16271
unit_F10_m25_C30_a7_16.txt,unit,25,30,10,7,16,86,5.025.98,60000
unit_F10_m25_C30_a7_17.txt,unit,25,30,10,7,17,78,15.362.20,25892
unit_F10_m25_C30_a7_18.txt,unit,25,30,10,7,18,78,12.444.20,24015
unit_F10_m25_C30_a7_19.txt,unit,25,30,10,7,19,70,7.128.38,12578
unit_F10_m25_C30_a7_20.txt,unit,25,30,10,7,20,46,9.681.99,26505
unit_F10_m25_C30_a7_21.txt,unit,25,30,10,7,21,54,2.667.23,49759
unit_F10_m25_C30_a7_22.txt,unit,25,30,10,7,22,70,7.195.89,26425
unit_F10_m25_C30_a7_23.txt,unit,25,30,10,7,23,74,5.984.89,9041
unit_F10_m25_C30_a7_24.txt,unit,25,30,10,7,24,84,4.444.32,7148
unit_F10_m25_C30_a7_25.txt,unit,25,30,10,7,25,68,15.875.10,60000
unit_F10_m25_C30_a7_26.txt,unit,25,30,10,7,26,60,18.929.40,60000
unit_F10_m25_C30_a7_27.txt,unit,25,30,10,7,27,108,4.843.35,60000
unit_F10_m25_C30_a7_28.txt,unit,25,30,10,7,28,56,15.768.60,60000
unit_F10_m25_C30_a7_29.txt,unit,25,30,10,7,29,108,5.713.81,60000
unit_F10_m25_C30_a7_30.txt,unit,25,30,10,7,30,156,4.046.60,3397
unit_F10_m25_C30_a7_31.txt,unit,25,30,10,7,31,56,2.277.80,2792
unit_F10_m25_C30_a7_32.txt,unit,25,30,10,7,32,80,29.923.10,60000
unit_F10_m25_C30_a7_33.txt,unit,25,30,10,7,33,104,2.962.98,60000
unit_F10_m25_C30_a7_34.txt,unit,25,30,10,7,34,92,9.400.19,29615
unit_F10_m25_C30_a7_35.txt,unit,25,30,10,7,35,88,10.241.30,60000
unit_F10_m25_C30_a7_36.txt,unit,25,30,10,7,36,60,8.336.50,60000
unit_F10_m25_C30_a7_37.txt,unit,25,30,10,7,37,74,5.248.23,60000
unit_F10_m25_C30_a7_38.txt,unit,25,30,10,7,38,52,37.079.30,60000
unit_F10_m25_C30_a7_39.txt,unit,25,30,10,7,39,44,11.045,37036
unit_F10_m25_C30_a7_40.txt,unit,25,30,10,7,40,80,10.725,37765
unit_F10_m25_C30_a7_41.txt,unit,25,30,10,7,41,46,10.429.30,27039
unit_F10_m25_C30_a7_42.txt,unit,25,30,10,7,42,76,2.569.35,15878
unit_F10_m25_C30_a7_43.txt,unit,25,30,10,7,43,82,2.009.14,2066
unit_F10_m25_C30_a7_44.txt,unit,25,30,10,7,44,50,2.854.03,40028
unit_F10_m25_C30_a7_45.txt,unit,25,30,10,7,45,64,2.072.43,3004
unit_F10_m25_C30_a7_46.txt,unit,25,30,10,7,46,54,20.712,26909
unit_F10_m25_C30_a7_47.txt,unit,25,30,10,7,47,82,11.367.60,29333
unit_F10_m25_C30_a7_48.txt,unit,25,30,10,7,48,44,6.140.71,11079
unit_F10_m25_C30_a7_49.txt,unit,25,30,10,7,49,86,2.987.49,43259
unit_F10_m25_C30_a15_0.txt,unit,25,30,10,15,0,82,20.440,60000
unit_F10_m25_C30_a15_1.txt,unit,25,30,10,15,1,98,23.040,60000
unit_F10_m25_C30_a15_2.txt,unit,25,30,10,15,2,52,13.131.40,60000
unit_F10_m25_C30_a15_3.txt,unit,25,30,10,15,3,150,5.652.23,60000
unit_F10_m25_C30_a15_4.txt,unit,25,30,10,15,4,108,8.017.48,60000
unit_F10_m25_C30_a15_5.txt,unit,25,30,10,15,5,148,5.119.48,60000
unit_F10_m25_C30_a15_6.txt,unit,25,30,10,15,6,96,7.522.81,60000
unit_F10_m25_C30_a15_7.txt,unit,25,30,10,15,7,106,5.778.37,60000
unit_F10_m25_C30_a15_8.txt,unit,25,30,10,15,8,90,7.103.54,60000
unit_F10_m25_C30_a15_9.txt,unit,25,30,10,15,9,110,10.251.40,60000
unit_F10_m25_C30_a15_10.txt,unit,25,30,10,15,10,128,4.482.28,60000
unit_F10_m25_C30_a15_11.txt,unit,25,30,10,15,11,118,18.626.90,60000
unit_F10_m25_C30_a15_12.txt,unit,25,30,10,15,12,104,4.809.01,60000
unit_F10_m25_C30_a15_13.txt,unit,25,30,10,15,13,128,11.410.70,60000
unit_F10_m25_C30_a15_14.txt,unit,25,30,10,15,14,92,9.610.27,60000
unit_F10_m25_C30_a15_15.txt,unit,25,30,10,15,15,146,7.056.06,60000
unit_F10_m25_C30_a15_16.txt,unit,25,30,10,15,16,114,7.888.81,60000
unit_F10_m25_C30_a15_17.txt,unit,25,30,10,15,17,94,21.946.10,60000
unit_F10_m25_C30_a15_18.txt,unit,25,30,10,15,18,94,14.502.80,60000
unit_F10_m25_C30_a15_19.txt,unit,25,30,10,15,19,76,8.809.16,60000
unit_F10_m25_C30_a15_20.txt,unit,25,30,10,15,20,60,21.559.70,60000
unit_F10_m25_C30_a15_21.txt,unit,25,30,10,15,21,132,9.217.64,60000
unit_F10_m25_C30_a15_22.txt,unit,25,30,10,15,22,90,14.520.10,60000
unit_F10_m25_C30_a15_23.txt,unit,25,30,10,15,23,84,4.148.37,60000
unit_F10_m25_C30_a15_24.txt,unit,25,30,10,15,24,92,5.198.92,60000
unit_F10_m25_C30_a15_25.txt,unit,25,30,10,15,25,124,4.285.43,60000
unit_F10_m25_C30_a15_26.txt,unit,25,30,10,15,26,84,6.922.13,60000
unit_F10_m25_C30_a15_27.txt,unit,25,30,10,15,27,132,10.829.50,60000
unit_F10_m25_C30_a15_28.txt,unit,25,30,10,15,28,120,3.389.35,60000
unit_F10_m25_C30_a15_29.txt,unit,25,30,10,15,29,144,12.796.90,60000
unit_F10_m25_C30_a15_30.txt,unit,25,30,10,15,30,164,5.847.83,60000
unit_F10_m25_C30_a15_31.txt,unit,25,30,10,15,31,124,12.628.90,60000
unit_F10_m25_C30_a15_32.txt,unit,25,30,10,15,32,128,9.479.13,60000
unit_F10_m25_C30_a15_33.txt,unit,25,30,10,15,33,126,14.259.80,60000
unit_F10_m25_C30_a15_34.txt,unit,25,30,10,15,34,106,14.713.50,60000
unit_F10_m25_C30_a15_35.txt,unit,25,30,10,15,35,128,7.580.11,60000
unit_F10_m25_C30_a15_36.txt,unit,25,30,10,15,36,130,4.549.53,60000
unit_F10_m25_C30_a15_37.txt,unit,25,30,10,15,37,90,16.321.70,60000
unit_F10_m25_C30_a15_38.txt,unit,25,30,10,15,38,132,4.377.33,60000
unit_F10_m25_C30_a15_39.txt,unit,25,30,10,15,39,76,11.184.80,60000
unit_F10_m25_C30_a15_40.txt,unit,25,30,10,15,40,144,10.699.50,60000
unit_F10_m25_C30_a15_41.txt,unit,25,30,10,15,41,88,8.416.12,60000
unit_F10_m25_C30_a15_42.txt,unit,25,30,10,15,42,112,7.551.35,60000
unit_F10_m25_C30_a15_43.txt,unit,25,30,10,15,43,114,4.393.39,60000
unit_F10_m25_C30_a15_44.txt,unit,25,30,10,15,44,108,13.336.40,60000
unit_F10_m25_C30_a15_45.txt,unit,25,30,10,15,45,158,3.530.26,60000
unit_F10_m25_C30_a15_46.txt,unit,25,30,10,15,46,96,5.587.03,60000
unit_F10_m25_C30_a15_47.txt,unit,25,30,10,15,47,128,6.839.47,60000
unit_F10_m25_C30_a15_48.txt,unit,25,30,10,15,48,100,5.505.35,60000
unit_F10_m25_C30_a15_49.txt,unit,25,30,10,15,49,112,3.634.45,60000
unit_F10_m25_C30_a30_0.txt,unit,25,30,10,30,0,230,10.071.70,60000
unit_F10_m25_C30_a30_1.txt,unit,25,30,10,30,1,156,20.028.80,60000
unit_F10_m25_C30_a30_2.txt,unit,25,30,10,30,2,206,6.601.04,60000
unit_F10_m25_C30_a30_3.txt,unit,25,30,10,30,3,210,9.903.78,60000
unit_F10_m25_C30_a30_4.txt,unit,25,30,10,30,4,170,14.092.90,60000
unit_F10_m25_C30_a30_5.txt,unit,25,30,10,30,5,172,8.282.20,60000
unit_F10_m25_C30_a30_6.txt,unit,25,30,10,30,6,150,7.744.67,60000
unit_F10_m25_C30_a30_7.txt,unit,25,30,10,30,7,166,8.625.70,60000
unit_F10_m25_C30_a30_8.txt,unit,25,30,10,30,8,192,32.101.60,60000
unit_F10_m25_C30_a30_9.txt,unit,25,30,10,30,9,206,8.368.06,60000
unit_F10_m25_C30_a30_10.txt,unit,25,30,10,30,10,194,10.053,60000
unit_F10_m25_C30_a30_11.txt,unit,25,30,10,30,11,154,16.660.90,60000
unit_F10_m25_C30_a30_12.txt,unit,25,30,10,30,12,192,15.914.70,60000
unit_F10_m25_C30_a30_13.txt,unit,25,30,10,30,13,142,30.017.60,60000
unit_F10_m25_C30_a30_14.txt,unit,25,30,10,30,14,186,13.926,60000
unit_F10_m25_C30_a30_15.txt,unit,25,30,10,30,15,202,8.909.57,60000
unit_F10_m25_C30_a30_16.txt,unit,25,30,10,30,16,184,12.544.80,60000
unit_F10_m25_C30_a30_17.txt,unit,25,30,10,30,17,172,24.142.60,60000
unit_F10_m25_C30_a30_18.txt,unit,25,30,10,30,18,180,12.285.50,60000
unit_F10_m25_C30_a30_19.txt,unit,25,30,10,30,19,180,16.651.70,60000
unit_F10_m25_C30_a30_20.txt,unit,25,30,10,30,20,134,17.477.80,60000
unit_F10_m25_C30_a30_21.txt,unit,25,30,10,30,21,192,13.607,60000
unit_F10_m25_C30_a30_22.txt,unit,25,30,10,30,22,134,11.224.70,60000
unit_F10_m25_C30_a30_23.txt,unit,25,30,10,30,23,160,10.278.90,60000
unit_F10_m25_C30_a30_24.txt,unit,25,30,10,30,24,182,14.296,60000
unit_F10_m25_C30_a30_25.txt,unit,25,30,10,30,25,164,7.396.03,60000
unit_F10_m25_C30_a30_26.txt,unit,25,30,10,30,26,172,17.561.40,60000
unit_F10_m25_C30_a30_27.txt,unit,25,30,10,30,27,174,18.013.60,60000
unit_F10_m25_C30_a30_28.txt,unit,25,30,10,30,28,168,14.749,60000
unit_F10_m25_C30_a30_29.txt,unit,25,30,10,30,29,178,16.215.80,60000
unit_F10_m25_C30_a30_30.txt,unit,25,30,10,30,30,184,14.069.30,60000
unit_F10_m25_C30_a30_31.txt,unit,25,30,10,30,31,178,28.429.80,60000
unit_F10_m25_C30_a30_32.txt,unit,25,30,10,30,32,172,17.685.30,60000
unit_F10_m25_C30_a30_33.txt,unit,25,30,10,30,33,188,25.071.30,60000
unit_F10_m25_C30_a30_34.txt,unit,25,30,10,30,34,166,15.191.40,60000
unit_F10_m25_C30_a30_35.txt,unit,25,30,10,30,35,180,12.883.60,60000
unit_F10_m25_C30_a30_36.txt,unit,25,30,10,30,36,174,6.758.15,60000
unit_F10_m25_C30_a30_37.txt,unit,25,30,10,30,37,210,8.770.66,60000
unit_F10_m25_C30_a30_38.txt,unit,25,30,10,30,38,164,12.632.80,60000
unit_F10_m25_C30_a30_39.txt,unit,25,30,10,30,39,210,7.084.06,60000
unit_F10_m25_C30_a30_40.txt,unit,25,30,10,30,40,152,15.446.60,60000
unit_F10_m25_C30_a30_41.txt,unit,25,30,10,30,41,162,8.889.10,60000
unit_F10_m25_C30_a30_42.txt,unit,25,30,10,30,42,142,8.963.45,60000
unit_F10_m25_C30_a30_43.txt,unit,25,30,10,30,43,196,9.167.04,60000
unit_F10_m25_C30_a30_44.txt,unit,25,30,10,30,44,136,6.687.84,60000
unit_F10_m25_C30_a30_45.txt,unit,25,30,10,30,45,198,6.176.51,60000
unit_F10_m25_C30_a30_46.txt,unit,25,30,10,30,46,138,9.165.11,60000
unit_F10_m25_C30_a30_47.txt,unit,25,30,10,30,47,148,10.879.70,60000
unit_F10_m25_C30_a30_48.txt,unit,25,30,10,30,48,182,11.774,60000
unit_F10_m25_C30_a30_49.txt,unit,25,30,10,30,49,136,6.351.42,60000
unit_F2_m25_C60_a3_0.txt,unit,25,60,2,3,0,146,192.753,5
unit_F2_m25_C60_a3_1.txt,unit,25,60,2,3,1,110,120.318,5
unit_F2_m25_C60_a3_2.txt,unit,25,60,2,3,2,110,46.9612,4
unit_F2_m25_C60_a3_3.txt,unit,25,60,2,3,3,124,145.7,7
unit_F2_m25_C60_a3_4.txt,unit,25,60,2,3,4,98,61.4368,4
unit_F2_m25_C60_a3_5.txt,unit,25,60,2,3,5,182,8.3785,3
unit_F2_m25_C60_a3_6.txt,unit,25,60,2,3,6,124,53.5039,4
unit_F2_m25_C60_a3_7.txt,unit,25,60,2,3,7,114,38.1018,6
unit_F2_m25_C60_a3_8.txt,unit,25,60,2,3,8,226,25.8269,3
unit_F2_m25_C60_a3_9.txt,unit,25,60,2,3,9,236,30.6617,3
unit_F2_m25_C60_a3_10.txt,unit,25,60,2,3,10,98,47.8136,5
unit_F2_m25_C60_a3_11.txt,unit,25,60,2,3,11,88,99.806,6
unit_F2_m25_C60_a3_12.txt,unit,25,60,2,3,12,132,84.525,4
unit_F2_m25_C60_a3_13.txt,unit,25,60,2,3,13,110,93.4852,7
unit_F2_m25_C60_a3_14.txt,unit,25,60,2,3,14,166,45.8292,4
unit_F2_m25_C60_a3_15.txt,unit,25,60,2,3,15,124,35.0083,4
unit_F2_m25_C60_a3_16.txt,unit,25,60,2,3,16,188,45.9417,4
unit_F2_m25_C60_a3_17.txt,unit,25,60,2,3,17,134,59.7745,3
unit_F2_m25_C60_a3_18.txt,unit,25,60,2,3,18,74,83.3104,5
unit_F2_m25_C60_a3_19.txt,unit,25,60,2,3,19,150,79.6877,5
unit_F2_m25_C60_a3_20.txt,unit,25,60,2,3,20,134,78.7745,5
unit_F2_m25_C60_a3_21.txt,unit,25,60,2,3,21,162,49.4475,3
unit_F2_m25_C60_a3_22.txt,unit,25,60,2,3,22,184,47.3269,3
unit_F2_m25_C60_a3_23.txt,unit,25,60,2,3,23,112,54.4772,8
unit_F2_m25_C60_a3_24.txt,unit,25,60,2,3,24,100,285.548,15
unit_F2_m25_C60_a3_25.txt,unit,25,60,2,3,25,212,29.935,3
unit_F2_m25_C60_a3_26.txt,unit,25,60,2,3,26,180,33.4745,3
unit_F2_m25_C60_a3_27.txt,unit,25,60,2,3,27,144,23.4208,3
unit_F2_m25_C60_a3_28.txt,unit,25,60,2,3,28,246,50.2605,6
unit_F2_m25_C60_a3_29.txt,unit,25,60,2,3,29,172,54.8227,8
unit_F2_m25_C60_a3_30.txt,unit,25,60,2,3,30,220,34.86,4
unit_F2_m25_C60_a3_31.txt,unit,25,60,2,3,31,90,81.3187,4
unit_F2_m25_C60_a3_32.txt,unit,25,60,2,3,32,118,57.6857,4
unit_F2_m25_C60_a3_33.txt,unit,25,60,2,3,33,158,67.0934,12
unit_F2_m25_C60_a3_34.txt,unit,25,60,2,3,34,146,45.2856,3
unit_F2_m25_C60_a3_35.txt,unit,25,60,2,3,35,136,43.0974,5
unit_F2_m25_C60_a3_36.txt,unit,25,60,2,3,36,206,9.1512,4
unit_F2_m25_C60_a3_37.txt,unit,25,60,2,3,37,112,30.7737,3
unit_F2_m25_C60_a3_38.txt,unit,25,60,2,3,38,110,72.446,4
unit_F2_m25_C60_a3_39.txt,unit,25,60,2,3,39,252,11.8418,3
unit_F2_m25_C60_a3_40.txt,unit,25,60,2,3,40,162,245.629,3
unit_F2_m25_C60_a3_41.txt,unit,25,60,2,3,41,162,18.551,4
unit_F2_m25_C60_a3_42.txt,unit,25,60,2,3,42,154,38.6207,4
unit_F2_m25_C60_a3_43.txt,unit,25,60,2,3,43,142,37.7356,3
unit_F2_m25_C60_a3_44.txt,unit,25,60,2,3,44,214,15.7045,3
unit_F2_m25_C60_a3_45.txt,unit,25,60,2,3,45,70,57.5095,5
unit_F2_m25_C60_a3_46.txt,unit,25,60,2,3,46,120,524.508,8
unit_F2_m25_C60_a3_47.txt,unit,25,60,2,3,47,196,28.1385,4
unit_F2_m25_C60_a3_48.txt,unit,25,60,2,3,48,124,10.0304,4
unit_F2_m25_C60_a3_49.txt,unit,25,60,2,3,49,142,145.962,15
unit_F2_m25_C60_a7_0.txt,unit,25,60,2,7,0,282,117.243,37
unit_F2_m25_C60_a7_1.txt,unit,25,60,2,7,1,162,107.137,78
unit_F2_m25_C60_a7_2.txt,unit,25,60,2,7,2,134,85.1,15
unit_F2_m25_C60_a7_3.txt,unit,25,60,2,7,3,224,80.604,51
unit_F2_m25_C60_a7_4.txt,unit,25,60,2,7,4,136,119.971,56
unit_F2_m25_C60_a7_5.txt,unit,25,60,2,7,5,200,50.8428,24
unit_F2_m25_C60_a7_6.txt,unit,25,60,2,7,6,256,65.1267,34
unit_F2_m25_C60_a7_7.txt,unit,25,60,2,7,7,126,66.2335,9
unit_F2_m25_C60_a7_8.txt,unit,25,60,2,7,8,264,74.5663,11
unit_F2_m25_C60_a7_9.txt,unit,25,60,2,7,9,252,58.8072,11
unit_F2_m25_C60_a7_10.txt,unit,25,60,2,7,10,146,99.0899,51
unit_F2_m25_C60_a7_11.txt,unit,25,60,2,7,11,210,54.9749,34
unit_F2_m25_C60_a7_12.txt,unit,25,60,2,7,12,208,81.8413,30
unit_F2_m25_C60_a7_13.txt,unit,25,60,2,7,13,200,86.9904,135
unit_F2_m25_C60_a7_14.txt,unit,25,60,2,7,14,212,67.1829,30
unit_F2_m25_C60_a7_15.txt,unit,25,60,2,7,15,244,76.3252,104
unit_F2_m25_C60_a7_16.txt,unit,25,60,2,7,16,240,67.964,18
unit_F2_m25_C60_a7_17.txt,unit,25,60,2,7,17,192,84.4473,30
unit_F2_m25_C60_a7_18.txt,unit,25,60,2,7,18,190,121.202,64
unit_F2_m25_C60_a7_19.txt,unit,25,60,2,7,19,208,90.9828,42
unit_F2_m25_C60_a7_20.txt,unit,25,60,2,7,20,252,63.0001,11
unit_F2_m25_C60_a7_21.txt,unit,25,60,2,7,21,248,62.5899,29
unit_F2_m25_C60_a7_22.txt,unit,25,60,2,7,22,232,68.2962,14
unit_F2_m25_C60_a7_23.txt,unit,25,60,2,7,23,186,72.3004,78
unit_F2_m25_C60_a7_24.txt,unit,25,60,2,7,24,184,97.6352,21
unit_F2_m25_C60_a7_25.txt,unit,25,60,2,7,25,260,36.2114,7
unit_F2_m25_C60_a7_26.txt,unit,25,60,2,7,26,232,72.2406,43
unit_F2_m25_C60_a7_27.txt,unit,25,60,2,7,27,218,66.6116,15
unit_F2_m25_C60_a7_28.txt,unit,25,60,2,7,28,268,78.5387,81
unit_F2_m25_C60_a7_29.txt,unit,25,60,2,7,29,200,155.669,134
unit_F2_m25_C60_a7_30.txt,unit,25,60,2,7,30,266,64.2941,36
unit_F2_m25_C60_a7_31.txt,unit,25,60,2,7,31,188,97.6539,50
unit_F2_m25_C60_a7_32.txt,unit,25,60,2,7,32,180,147.144,60
unit_F2_m25_C60_a7_33.txt,unit,25,60,2,7,33,182,130.62,60
unit_F2_m25_C60_a7_34.txt,unit,25,60,2,7,34,232,36.0828,9
unit_F2_m25_C60_a7_35.txt,unit,25,60,2,7,35,180,55.3869,18
unit_F2_m25_C60_a7_36.txt,unit,25,60,2,7,36,262,41.8395,8
unit_F2_m25_C60_a7_37.txt,unit,25,60,2,7,37,214,135.917,25
unit_F2_m25_C60_a7_38.txt,unit,25,60,2,7,38,208,68.8787,23
unit_F2_m25_C60_a7_39.txt,unit,25,60,2,7,39,282,51.202,11
unit_F2_m25_C60_a7_40.txt,unit,25,60,2,7,40,202,387.637,19
unit_F2_m25_C60_a7_41.txt,unit,25,60,2,7,41,190,75.4815,16
unit_F2_m25_C60_a7_42.txt,unit,25,60,2,7,42,180,48.1619,15
unit_F2_m25_C60_a7_43.txt,unit,25,60,2,7,43,188,61.7938,12
unit_F2_m25_C60_a7_44.txt,unit,25,60,2,7,44,240,45.1818,22
unit_F2_m25_C60_a7_45.txt,unit,25,60,2,7,45,228,74.0082,10
unit_F2_m25_C60_a7_46.txt,unit,25,60,2,7,46,206,364.945,165
unit_F2_m25_C60_a7_47.txt,unit,25,60,2,7,47,218,62.724,15
unit_F2_m25_C60_a7_48.txt,unit,25,60,2,7,48,200,41.8229,5
unit_F2_m25_C60_a7_49.txt,unit,25,60,2,7,49,176,73.5061,55
unit_F2_m25_C60_a15_0.txt,unit,25,60,2,15,0,344,159.041,261
unit_F2_m25_C60_a15_1.txt,unit,25,60,2,15,1,236,111.836,249
unit_F2_m25_C60_a15_2.txt,unit,25,60,2,15,2,232,128.008,766
unit_F2_m25_C60_a15_3.txt,unit,25,60,2,15,3,274,132.925,181
unit_F2_m25_C60_a15_4.txt,unit,25,60,2,15,4,244,142.441,247
unit_F2_m25_C60_a15_5.txt,unit,25,60,2,15,5,258,104.11,41
unit_F2_m25_C60_a15_6.txt,unit,25,60,2,15,6,336,139.169,163
unit_F2_m25_C60_a15_7.txt,unit,25,60,2,15,7,274,117.024,55
unit_F2_m25_C60_a15_8.txt,unit,25,60,2,15,8,322,338.493,555
unit_F2_m25_C60_a15_9.txt,unit,25,60,2,15,9,354,98.4471,40
unit_F2_m25_C60_a15_10.txt,unit,25,60,2,15,10,264,162.262,608
unit_F2_m25_C60_a15_11.txt,unit,25,60,2,15,11,296,171.167,970
unit_F2_m25_C60_a15_12.txt,unit,25,60,2,15,12,306,137.321,121
unit_F2_m25_C60_a15_13.txt,unit,25,60,2,15,13,234,200.645,285
unit_F2_m25_C60_a15_14.txt,unit,25,60,2,15,14,334,172.31,280
unit_F2_m25_C60_a15_15.txt,unit,25,60,2,15,15,298,145.808,279
unit_F2_m25_C60_a15_16.txt,unit,25,60,2,15,16,320,216.923,393
unit_F2_m25_C60_a15_17.txt,unit,25,60,2,15,17,284,121.409,123
unit_F2_m25_C60_a15_18.txt,unit,25,60,2,15,18,294,315.169,401
unit_F2_m25_C60_a15_19.txt,unit,25,60,2,15,19,300,120.829,149
unit_F2_m25_C60_a15_20.txt,unit,25,60,2,15,20,328,88.1461,96
unit_F2_m25_C60_a15_21.txt,unit,25,60,2,15,21,310,141.35,389
unit_F2_m25_C60_a15_22.txt,unit,25,60,2,15,22,326,107.752,232
unit_F2_m25_C60_a15_23.txt,unit,25,60,2,15,23,312,142.889,359
unit_F2_m25_C60_a15_24.txt,unit,25,60,2,15,24,258,245.276,283
unit_F2_m25_C60_a15_25.txt,unit,25,60,2,15,25,366,106.809,33
unit_F2_m25_C60_a15_26.txt,unit,25,60,2,15,26,296,125.051,51
unit_F2_m25_C60_a15_27.txt,unit,25,60,2,15,27,306,98.7521,74
unit_F2_m25_C60_a15_28.txt,unit,25,60,2,15,28,348,123.706,269
unit_F2_m25_C60_a15_29.txt,unit,25,60,2,15,29,212,517.258,1716
unit_F2_m25_C60_a15_30.txt,unit,25,60,2,15,30,308,133.319,481
unit_F2_m25_C60_a15_31.txt,unit,25,60,2,15,31,306,158.784,1373
unit_F2_m25_C60_a15_32.txt,unit,25,60,2,15,32,328,114.451,81
unit_F2_m25_C60_a15_33.txt,unit,25,60,2,15,33,242,279.502,352
unit_F2_m25_C60_a15_34.txt,unit,25,60,2,15,34,316,118.726,334
unit_F2_m25_C60_a15_35.txt,unit,25,60,2,15,35,328,107.247,64
unit_F2_m25_C60_a15_36.txt,unit,25,60,2,15,36,318,196.19,769
unit_F2_m25_C60_a15_37.txt,unit,25,60,2,15,37,274,217.093,429
unit_F2_m25_C60_a15_38.txt,unit,25,60,2,15,38,284,424.941,578
unit_F2_m25_C60_a15_39.txt,unit,25,60,2,15,39,356,140.203,160
unit_F2_m25_C60_a15_40.txt,unit,25,60,2,15,40,294,365.959,414
unit_F2_m25_C60_a15_41.txt,unit,25,60,2,15,41,326,112.692,230
unit_F2_m25_C60_a15_42.txt,unit,25,60,2,15,42,328,156.098,135
unit_F2_m25_C60_a15_43.txt,unit,25,60,2,15,43,292,130.666,107
unit_F2_m25_C60_a15_44.txt,unit,25,60,2,15,44,276,147.158,184
unit_F2_m25_C60_a15_45.txt,unit,25,60,2,15,45,288,348.71,397
unit_F2_m25_C60_a15_46.txt,unit,25,60,2,15,46,272,227.379,917
unit_F2_m25_C60_a15_47.txt,unit,25,60,2,15,47,320,119.512,94
unit_F2_m25_C60_a15_48.txt,unit,25,60,2,15,48,290,187.364,378
unit_F2_m25_C60_a15_49.txt,unit,25,60,2,15,49,246,143.481,500
unit_F2_m25_C60_a30_0.txt,unit,25,60,2,30,0,454,308.683,2528
unit_F2_m25_C60_a30_1.txt,unit,25,60,2,30,1,352,232.337,9690
unit_F2_m25_C60_a30_2.txt,unit,25,60,2,30,2,340,697.567,31552
unit_F2_m25_C60_a30_3.txt,unit,25,60,2,30,3,392,293.632,4357
unit_F2_m25_C60_a30_4.txt,unit,25,60,2,30,4,480,338.342,11008
unit_F2_m25_C60_a30_5.txt,unit,25,60,2,30,5,472,361.844,1535
unit_F2_m25_C60_a30_6.txt,unit,25,60,2,30,6,412,409.865,6724
unit_F2_m25_C60_a30_7.txt,unit,25,60,2,30,7,484,329.355,1815
unit_F2_m25_C60_a30_8.txt,unit,25,60,2,30,8,442,408.814,7448
unit_F2_m25_C60_a30_9.txt,unit,25,60,2,30,9,476,284.968,6668
unit_F2_m25_C60_a30_10.txt,unit,25,60,2,30,10,350,290.758,5154
unit_F2_m25_C60_a30_11.txt,unit,25,60,2,30,11,406,303.326,3168
unit_F2_m25_C60_a30_12.txt,unit,25,60,2,30,12,436,302.934,2698
unit_F2_m25_C60_a30_13.txt,unit,25,60,2,30,13,402,756.153,5370
unit_F2_m25_C60_a30_14.txt,unit,25,60,2,30,14,426,431.641,6271
unit_F2_m25_C60_a30_15.txt,unit,25,60,2,30,15,400,282.222,12405
unit_F2_m25_C60_a30_16.txt,unit,25,60,2,30,16,442,315.138,2458
unit_F2_m25_C60_a30_17.txt,unit,25,60,2,30,17,434,396.571,2803
unit_F2_m25_C60_a30_18.txt,unit,25,60,2,30,18,496,450.381,7625
unit_F2_m25_C60_a30_19.txt,unit,25,60,2,30,19,434,1.180.33,8225
unit_F2_m25_C60_a30_20.txt,unit,25,60,2,30,20,444,213.269,3959
unit_F2_m25_C60_a30_21.txt,unit,25,60,2,30,21,388,479.672,5581
unit_F2_m25_C60_a30_22.txt,unit,25,60,2,30,22,422,539.28,3360
unit_F2_m25_C60_a30_23.txt,unit,25,60,2,30,23,428,394.73,2549
unit_F2_m25_C60_a30_24.txt,unit,25,60,2,30,24,340,311.733,5427
unit_F2_m25_C60_a30_25.txt,unit,25,60,2,30,25,462,182.255,281
unit_F2_m25_C60_a30_26.txt,unit,25,60,2,30,26,410,262.408,5805
unit_F2_m25_C60_a30_27.txt,unit,25,60,2,30,27,454,254.727,1507
unit_F2_m25_C60_a30_28.txt,unit,25,60,2,30,28,508,222.721,2121
unit_F2_m25_C60_a30_29.txt,unit,25,60,2,30,29,396,624.842,45712
unit_F2_m25_C60_a30_30.txt,unit,25,60,2,30,30,430,418.716,7503
unit_F2_m25_C60_a30_31.txt,unit,25,60,2,30,31,426,595.413,17385
unit_F2_m25_C60_a30_32.txt,unit,25,60,2,30,32,444,424.418,2782
unit_F2_m25_C60_a30_33.txt,unit,25,60,2,30,33,386,292.772,4857
unit_F2_m25_C60_a30_34.txt,unit,25,60,2,30,34,406,315.892,1660
unit_F2_m25_C60_a30_35.txt,unit,25,60,2,30,35,454,322.559,5959
unit_F2_m25_C60_a30_36.txt,unit,25,60,2,30,36,432,193.248,1291
unit_F2_m25_C60_a30_37.txt,unit,25,60,2,30,37,404,430.607,2947
unit_F2_m25_C60_a30_38.txt,unit,25,60,2,30,38,404,245.027,4949
unit_F2_m25_C60_a30_39.txt,unit,25,60,2,30,39,476,321.156,3542
unit_F2_m25_C60_a30_40.txt,unit,25,60,2,30,40,372,417.67,5704
unit_F2_m25_C60_a30_41.txt,unit,25,60,2,30,41,418,240.087,5849
unit_F2_m25_C60_a30_42.txt,unit,25,60,2,30,42,440,188.641,1184
unit_F2_m25_C60_a30_43.txt,unit,25,60,2,30,43,422,265.394,2377
unit_F2_m25_C60_a30_44.txt,unit,25,60,2,30,44,398,364.114,3351
unit_F2_m25_C60_a30_45.txt,unit,25,60,2,30,45,422,803.706,3340
unit_F2_m25_C60_a30_46.txt,unit,25,60,2,30,46,448,251.333,15627
unit_F2_m25_C60_a30_47.txt,unit,25,60,2,30,47,508,232.801,587
unit_F2_m25_C60_a30_48.txt,unit,25,60,2,30,48,360,300.292,6381
unit_F2_m25_C60_a30_49.txt,unit,25,60,2,30,49,398,588.868,19499
unit_F5_m25_C60_a3_0.txt,unit,25,60,5,3,0,128,70.0745,5
unit_F5_m25_C60_a3_1.txt,unit,25,60,5,3,1,38,93.6713,11
unit_F5_m25_C60_a3_2.txt,unit,25,60,5,3,2,74,423.051,27
unit_F5_m25_C60_a3_3.txt,unit,25,60,5,3,3,88,111.408,14
unit_F5_m25_C60_a3_4.txt,unit,25,60,5,3,4,74,1.477.92,16
unit_F5_m25_C60_a3_5.txt,unit,25,60,5,3,5,136,71.0198,7
unit_F5_m25_C60_a3_6.txt,unit,25,60,5,3,6,186,87.5294,26
unit_F5_m25_C60_a3_7.txt,unit,25,60,5,3,7,56,458.592,38
unit_F5_m25_C60_a3_8.txt,unit,25,60,5,3,8,86,456.874,13
unit_F5_m25_C60_a3_9.txt,unit,25,60,5,3,9,72,599.565,12
unit_F5_m25_C60_a3_10.txt,unit,25,60,5,3,10,72,2.066.27,77
unit_F5_m25_C60_a3_11.txt,unit,25,60,5,3,11,116,797.641,49
unit_F5_m25_C60_a3_12.txt,unit,25,60,5,3,12,166,198.806,487
unit_F5_m25_C60_a3_13.txt,unit,25,60,5,3,13,92,109.26,18
unit_F5_m25_C60_a3_14.txt,unit,25,60,5,3,14,118,814.297,157
unit_F5_m25_C60_a3_15.txt,unit,25,60,5,3,15,72,656.189,19
unit_F5_m25_C60_a3_16.txt,unit,25,60,5,3,16,44,161.616,13
unit_F5_m25_C60_a3_17.txt,unit,25,60,5,3,17,100,78.7481,13
unit_F5_m25_C60_a3_18.txt,unit,25,60,5,3,18,198,65.0778,6
unit_F5_m25_C60_a3_19.txt,unit,25,60,5,3,19,172,60.5371,4
unit_F5_m25_C60_a3_20.txt,unit,25,60,5,3,20,40,237.726,20
unit_F5_m25_C60_a3_21.txt,unit,25,60,5,3,21,112,270.906,10
unit_F5_m25_C60_a3_22.txt,unit,25,60,5,3,22,154,79.8971,16
unit_F5_m25_C60_a3_23.txt,unit,25,60,5,3,23,68,182.284,17
unit_F5_m25_C60_a3_24.txt,unit,25,60,5,3,24,52,2.041.95,25
unit_F5_m25_C60_a3_25.txt,unit,25,60,5,3,25,42,101.013,10
unit_F5_m25_C60_a3_26.txt,unit,25,60,5,3,26,104,360.755,13
unit_F5_m25_C60_a3_27.txt,unit,25,60,5,3,27,68,1.621.60,36
unit_F5_m25_C60_a3_28.txt,unit,25,60,5,3,28,136,55.1552,4
unit_F5_m25_C60_a3_29.txt,unit,25,60,5,3,29,66,2.070.49,104
unit_F5_m25_C60_a3_30.txt,unit,25,60,5,3,30,184,42.3949,6
unit_F5_m25_C60_a3_31.txt,unit,25,60,5,3,31,172,57.2275,7
unit_F5_m25_C60_a3_32.txt,unit,25,60,5,3,32,98,339.969,18
unit_F5_m25_C60_a3_33.txt,unit,25,60,5,3,33,32,132.818,21
unit_F5_m25_C60_a3_34.txt,unit,25,60,5,3,34,122,114.238,8
unit_F5_m25_C60_a3_35.txt,unit,25,60,5,3,35,98,149.317,12
unit_F5_m25_C60_a3_36.txt,unit,25,60,5,3,36,68,570.962,35
unit_F5_m25_C60_a3_37.txt,unit,25,60,5,3,37,82,291.465,19
unit_F5_m25_C60_a3_38.txt,unit,25,60,5,3,38,116,97.9633,13
unit_F5_m25_C60_a3_39.txt,unit,25,60,5,3,39,92,345.992,12
unit_F5_m25_C60_a3_40.txt,unit,25,60,5,3,40,42,187.119,17
unit_F5_m25_C60_a3_41.txt,unit,25,60,5,3,41,82,2.518.79,48
unit_F5_m25_C60_a3_42.txt,unit,25,60,5,3,42,62,80.9733,4
unit_F5_m25_C60_a3_43.txt,unit,25,60,5,3,43,86,564.73,35
unit_F5_m25_C60_a3_44.txt,unit,25,60,5,3,44,26,107.951,14
unit_F5_m25_C60_a3_45.txt,unit,25,60,5,3,45,92,533.018,13
unit_F5_m25_C60_a3_46.txt,unit,25,60,5,3,46,76,390.334,12
unit_F5_m25_C60_a3_47.txt,unit,25,60,5,3,47,78,786.557,18
unit_F5_m25_C60_a3_48.txt,unit,25,60,5,3,48,74,540.381,23
unit_F5_m25_C60_a3_49.txt,unit,25,60,5,3,49,80,3.387.46,95
unit_F5_m25_C60_a7_0.txt,unit,25,60,5,7,0,146,236.834,1938
unit_F5_m25_C60_a7_1.txt,unit,25,60,5,7,1,100,3.757.66,2823
unit_F5_m25_C60_a7_2.txt,unit,25,60,5,7,2,156,357.594,2276
unit_F5_m25_C60_a7_3.txt,unit,25,60,5,7,3,114,413.509,3567
unit_F5_m25_C60_a7_4.txt,unit,25,60,5,7,4,100,1.002.36,5622
unit_F5_m25_C60_a7_5.txt,unit,25,60,5,7,5,138,181.434,2548
unit_F5_m25_C60_a7_6.txt,unit,25,60,5,7,6,244,141.181,382
unit_F5_m25_C60_a7_7.txt,unit,25,60,5,7,7,152,163.871,793
unit_F5_m25_C60_a7_8.txt,unit,25,60,5,7,8,112,123.408,399
unit_F5_m25_C60_a7_9.txt,unit,25,60,5,7,9,110,223.499,249
unit_F5_m25_C60_a7_10.txt,unit,25,60,5,7,10,102,1.103.23,1537
unit_F5_m25_C60_a7_11.txt,unit,25,60,5,7,11,144,1.196.87,3494
unit_F5_m25_C60_a7_12.txt,unit,25,60,5,7,12,182,464.237,5965
unit_F5_m25_C60_a7_13.txt,unit,25,60,5,7,13,126,437.041,2813
unit_F5_m25_C60_a7_14.txt,unit,25,60,5,7,14,126,1.238.29,6753
unit_F5_m25_C60_a7_15.txt,unit,25,60,5,7,15,96,2.065.10,5977
unit_F5_m25_C60_a7_16.txt,unit,25,60,5,7,16,126,471.177,2701
unit_F5_m25_C60_a7_17.txt,unit,25,60,5,7,17,118,196.906,2183
unit_F5_m25_C60_a7_18.txt,unit,25,60,5,7,18,200,178.262,1775
unit_F5_m25_C60_a7_19.txt,unit,25,60,5,7,19,190,112.919,438
unit_F5_m25_C60_a7_20.txt,unit,25,60,5,7,20,90,1.118.34,7313
unit_F5_m25_C60_a7_21.txt,unit,25,60,5,7,21,144,390.838,2079
unit_F5_m25_C60_a7_22.txt,unit,25,60,5,7,22,178,187.608,5738
unit_F5_m25_C60_a7_23.txt,unit,25,60,5,7,23,126,1.277.48,3162
unit_F5_m25_C60_a7_24.txt,unit,25,60,5,7,24,90,11.412,4335
unit_F5_m25_C60_a7_25.txt,unit,25,60,5,7,25,118,265.272,483
unit_F5_m25_C60_a7_26.txt,unit,25,60,5,7,26,196,165.642,984
unit_F5_m25_C60_a7_27.txt,unit,25,60,5,7,27,160,180.73,1327
unit_F5_m25_C60_a7_28.txt,unit,25,60,5,7,28,160,347.27,844
unit_F5_m25_C60_a7_29.txt,unit,25,60,5,7,29,96,4.800.58,17653
unit_F5_m25_C60_a7_30.txt,unit,25,60,5,7,30,184,115.861,750
unit_F5_m25_C60_a7_31.txt,unit,25,60,5,7,31,190,236.246,1094
unit_F5_m25_C60_a7_32.txt,unit,25,60,5,7,32,196,776.163,803
unit_F5_m25_C60_a7_33.txt,unit,25,60,5,7,33,112,485.341,829
unit_F5_m25_C60_a7_34.txt,unit,25,60,5,7,34,130,407.411,4805
unit_F5_m25_C60_a7_35.txt,unit,25,60,5,7,35,202,165.01,1598
unit_F5_m25_C60_a7_36.txt,unit,25,60,5,7,36,134,4.553.23,4138
unit_F5_m25_C60_a7_37.txt,unit,25,60,5,7,37,196,442.667,1957
unit_F5_m25_C60_a7_38.txt,unit,25,60,5,7,38,140,551.069,3986
unit_F5_m25_C60_a7_39.txt,unit,25,60,5,7,39,102,480.302,5580
unit_F5_m25_C60_a7_40.txt,unit,25,60,5,7,40,74,616.82,1978
unit_F5_m25_C60_a7_41.txt,unit,25,60,5,7,41,122,157.577,1192
unit_F5_m25_C60_a7_42.txt,unit,25,60,5,7,42,134,2.041.44,1053
unit_F5_m25_C60_a7_43.txt,unit,25,60,5,7,43,118,1.011.65,9958
unit_F5_m25_C60_a7_44.txt,unit,25,60,5,7,44,136,1.250.93,9920
unit_F5_m25_C60_a7_45.txt,unit,25,60,5,7,45,184,237.926,686
unit_F5_m25_C60_a7_46.txt,unit,25,60,5,7,46,114,1.149.55,1092
unit_F5_m25_C60_a7_47.txt,unit,25,60,5,7,47,158,359.426,8540
unit_F5_m25_C60_a7_48.txt,unit,25,60,5,7,48,154,1.418.13,1018
unit_F5_m25_C60_a7_49.txt,unit,25,60,5,7,49,128,550.216,3228
unit_F5_m25_C60_a15_0.txt,unit,25,60,5,15,0,232,430.214,55641
unit_F5_m25_C60_a15_1.txt,unit,25,60,5,15,1,206,389.557,13055
unit_F5_m25_C60_a15_2.txt,unit,25,60,5,15,2,268,306.397,40705
unit_F5_m25_C60_a15_3.txt,unit,25,60,5,15,3,164,765.635,60000
unit_F5_m25_C60_a15_4.txt,unit,25,60,5,15,4,232,608.867,60000
unit_F5_m25_C60_a15_5.txt,unit,25,60,5,15,5,198,259.32,10452
unit_F5_m25_C60_a15_6.txt,unit,25,60,5,15,6,280,495.173,41397
unit_F5_m25_C60_a15_7.txt,unit,25,60,5,15,7,222,895.36,60000
unit_F5_m25_C60_a15_8.txt,unit,25,60,5,15,8,224,766.39,23924
unit_F5_m25_C60_a15_9.txt,unit,25,60,5,15,9,182,573.214,37045
unit_F5_m25_C60_a15_10.txt,unit,25,60,5,15,10,162,930.767,60000
unit_F5_m25_C60_a15_11.txt,unit,25,60,5,15,11,170,6.923.50,60000
unit_F5_m25_C60_a15_12.txt,unit,25,60,5,15,12,194,1.286.46,60000
unit_F5_m25_C60_a15_13.txt,unit,25,60,5,15,13,218,1.857.01,60000
unit_F5_m25_C60_a15_14.txt,unit,25,60,5,15,14,150,1.060.08,60000
unit_F5_m25_C60_a15_15.txt,unit,25,60,5,15,15,214,725.234,60000
unit_F5_m25_C60_a15_16.txt,unit,25,60,5,15,16,174,853.9,60000
unit_F5_m25_C60_a15_17.txt,unit,25,60,5,15,17,150,1.423.39,60000
unit_F5_m25_C60_a15_18.txt,unit,25,60,5,15,18,224,705.18,60000
unit_F5_m25_C60_a15_19.txt,unit,25,60,5,15,19,230,467.888,41834
unit_F5_m25_C60_a15_20.txt,unit,25,60,5,15,20,120,581.234,60000
unit_F5_m25_C60_a15_21.txt,unit,25,60,5,15,21,174,2.025.85,60000
unit_F5_m25_C60_a15_22.txt,unit,25,60,5,15,22,224,822.654,60000
unit_F5_m25_C60_a15_23.txt,unit,25,60,5,15,23,194,390.684,60000
unit_F5_m25_C60_a15_24.txt,unit,25,60,5,15,24,154,14.039.70,60000
unit_F5_m25_C60_a15_25.txt,unit,25,60,5,15,25,160,1.095.63,60000
unit_F5_m25_C60_a15_26.txt,unit,25,60,5,15,26,236,680.025,60000
unit_F5_m25_C60_a15_27.txt,unit,25,60,5,15,27,200,1.165.22,60000
unit_F5_m25_C60_a15_28.txt,unit,25,60,5,15,28,222,1.065.17,60000
unit_F5_m25_C60_a15_29.txt,unit,25,60,5,15,29,156,1.150.90,60000
unit_F5_m25_C60_a15_30.txt,unit,25,60,5,15,30,194,397.448,39279
unit_F5_m25_C60_a15_31.txt,unit,25,60,5,15,31,228,395.387,40377
unit_F5_m25_C60_a15_32.txt,unit,25,60,5,15,32,220,1.609.47,60000
unit_F5_m25_C60_a15_33.txt,unit,25,60,5,15,33,220,1.113.77,60000
unit_F5_m25_C60_a15_34.txt,unit,25,60,5,15,34,222,1.008.65,60000
unit_F5_m25_C60_a15_35.txt,unit,25,60,5,15,35,232,336.976,21968
unit_F5_m25_C60_a15_36.txt,unit,25,60,5,15,36,186,683.262,60000
unit_F5_m25_C60_a15_37.txt,unit,25,60,5,15,37,230,893.855,60000
unit_F5_m25_C60_a15_38.txt,unit,25,60,5,15,38,188,478.465,12863
unit_F5_m25_C60_a15_39.txt,unit,25,60,5,15,39,164,4.093.57,60000
unit_F5_m25_C60_a15_40.txt,unit,25,60,5,15,40,166,1.753.76,60000
unit_F5_m25_C60_a15_41.txt,unit,25,60,5,15,41,156,902.007,60000
unit_F5_m25_C60_a15_42.txt,unit,25,60,5,15,42,160,3.057.53,60000
unit_F5_m25_C60_a15_43.txt,unit,25,60,5,15,43,148,414.238,60000
unit_F5_m25_C60_a15_44.txt,unit,25,60,5,15,44,206,917.746,60000
unit_F5_m25_C60_a15_45.txt,unit,25,60,5,15,45,240,302.773,12515
unit_F5_m25_C60_a15_46.txt,unit,25,60,5,15,46,162,14.050.40,60000
unit_F5_m25_C60_a15_47.txt,unit,25,60,5,15,47,198,541.765,60000
unit_F5_m25_C60_a15_48.txt,unit,25,60,5,15,48,170,3.345.70,60000
unit_F5_m25_C60_a15_49.txt,unit,25,60,5,15,49,158,1.383.75,60000
unit_F5_m25_C60_a30_0.txt,unit,25,60,5,30,0,298,1.396.51,60000
unit_F5_m25_C60_a30_1.txt,unit,25,60,5,30,1,344,2.601.82,60000
unit_F5_m25_C60_a30_2.txt,unit,25,60,5,30,2,308,1.234.54,60000
unit_F5_m25_C60_a30_3.txt,unit,25,60,5,30,3,244,3.764.97,60000
unit_F5_m25_C60_a30_4.txt,unit,25,60,5,30,4,300,2.112.34,60000
unit_F5_m25_C60_a30_5.txt,unit,25,60,5,30,5,318,1.004.76,60000
unit_F5_m25_C60_a30_6.txt,unit,25,60,5,30,6,332,2.814.34,60000
unit_F5_m25_C60_a30_7.txt,unit,25,60,5,30,7,270,1.251.49,60000
unit_F5_m25_C60_a30_8.txt,unit,25,60,5,30,8,268,1.802,60000
unit_F5_m25_C60_a30_9.txt,unit,25,60,5,30,9,266,4.630.85,60000
unit_F5_m25_C60_a30_10.txt,unit,25,60,5,30,10,262,2.688.75,60000
unit_F5_m25_C60_a30_11.txt,unit,25,60,5,30,11,210,7.413.84,60000
unit_F5_m25_C60_a30_12.txt,unit,25,60,5,30,12,250,5.220.90,60000
unit_F5_m25_C60_a30_13.txt,unit,25,60,5,30,13,282,2.070.07,60000
unit_F5_m25_C60_a30_14.txt,unit,25,60,5,30,14,198,1.992.44,60000
unit_F5_m25_C60_a30_15.txt,unit,25,60,5,30,15,248,4.001.91,60000
unit_F5_m25_C60_a30_16.txt,unit,25,60,5,30,16,242,3.380.27,60000
unit_F5_m25_C60_a30_17.txt,unit,25,60,5,30,17,218,5.281.25,60000
unit_F5_m25_C60_a30_18.txt,unit,25,60,5,30,18,246,3.885.91,60000
unit_F5_m25_C60_a30_19.txt,unit,25,60,5,30,19,342,1.233.29,60000
unit_F5_m25_C60_a30_20.txt,unit,25,60,5,30,20,272,1.689.17,60000
unit_F5_m25_C60_a30_21.txt,unit,25,60,5,30,21,246,6.144.01,60000
unit_F5_m25_C60_a30_22.txt,unit,25,60,5,30,22,246,3.521.68,60000
unit_F5_m25_C60_a30_23.txt,unit,25,60,5,30,23,296,3.387.32,60000
unit_F5_m25_C60_a30_24.txt,unit,25,60,5,30,24,228,3.512.39,60000
unit_F5_m25_C60_a30_25.txt,unit,25,60,5,30,25,314,5.561.05,60000
unit_F5_m25_C60_a30_26.txt,unit,25,60,5,30,26,318,2.766.49,60000
unit_F5_m25_C60_a30_27.txt,unit,25,60,5,30,27,304,3.518.62,60000
unit_F5_m25_C60_a30_28.txt,unit,25,60,5,30,28,328,2.162.80,60000
unit_F5_m25_C60_a30_29.txt,unit,25,60,5,30,29,254,4.860.60,60000
unit_F5_m25_C60_a30_30.txt,unit,25,60,5,30,30,292,2.164.70,60000
unit_F5_m25_C60_a30_31.txt,unit,25,60,5,30,31,264,1.966.66,60000
unit_F5_m25_C60_a30_32.txt,unit,25,60,5,30,32,262,8.170.34,60000
unit_F5_m25_C60_a30_33.txt,unit,25,60,5,30,33,240,3.987.99,60000
unit_F5_m25_C60_a30_34.txt,unit,25,60,5,30,34,276,1.383.03,60000
unit_F5_m25_C60_a30_35.txt,unit,25,60,5,30,35,280,1.120.53,60000
unit_F5_m25_C60_a30_36.txt,unit,25,60,5,30,36,268,3.214.73,60000
unit_F5_m25_C60_a30_37.txt,unit,25,60,5,30,37,280,1.442.28,60000
unit_F5_m25_C60_a30_38.txt,unit,25,60,5,30,38,296,1.935.71,60000
unit_F5_m25_C60_a30_39.txt,unit,25,60,5,30,39,194,2.182.96,60000
unit_F5_m25_C60_a30_40.txt,unit,25,60,5,30,40,192,2.577.41,60000
unit_F5_m25_C60_a30_41.txt,unit,25,60,5,30,41,286,2.366.37,60000
unit_F5_m25_C60_a30_42.txt,unit,25,60,5,30,42,298,5.817.05,60000
unit_F5_m25_C60_a30_43.txt,unit,25,60,5,30,43,304,3.936.70,60000
unit_F5_m25_C60_a30_44.txt,unit,25,60,5,30,44,278,11.396.80,60000
unit_F5_m25_C60_a30_45.txt,unit,25,60,5,30,45,324,2.272.40,60000
unit_F5_m25_C60_a30_46.txt,unit,25,60,5,30,46,256,3.901.88,60000
unit_F5_m25_C60_a30_47.txt,unit,25,60,5,30,47,288,3.282.61,60000
unit_F5_m25_C60_a30_48.txt,unit,25,60,5,30,48,272,1.243.80,60000
unit_F5_m25_C60_a30_49.txt,unit,25,60,5,30,49,280,7.461.15,60000
unit_F10_m25_C60_a3_0.txt,unit,25,60,10,3,0,74,10.694.60,132
unit_F10_m25_C60_a3_1.txt,unit,25,60,10,3,1,136,925.094,11
unit_F10_m25_C60_a3_2.txt,unit,25,60,10,3,2,54,4.199.90,87
unit_F10_m25_C60_a3_3.txt,unit,25,60,10,3,3,40,9.972.99,72
unit_F10_m25_C60_a3_4.txt,unit,25,60,10,3,4,100,16.431.30,56
unit_F10_m25_C60_a3_5.txt,unit,25,60,10,3,5,74,12.897,161
unit_F10_m25_C60_a3_6.txt,unit,25,60,10,3,6,44,11.818.50,124
unit_F10_m25_C60_a3_7.txt,unit,25,60,10,3,7,92,7.201.29,57
unit_F10_m25_C60_a3_8.txt,unit,25,60,10,3,8,168,3.141.24,35
unit_F10_m25_C60_a3_9.txt,unit,25,60,10,3,9,38,1.388.15,43
unit_F10_m25_C60_a3_10.txt,unit,25,60,10,3,10,66,11.614.80,135
unit_F10_m25_C60_a3_11.txt,unit,25,60,10,3,11,104,4.817.14,26
unit_F10_m25_C60_a3_12.txt,unit,25,60,10,3,12,112,11.905.50,244
unit_F10_m25_C60_a3_13.txt,unit,25,60,10,3,13,60,14.637.70,202
unit_F10_m25_C60_a3_14.txt,unit,25,60,10,3,14,56,3.183.35,28
unit_F10_m25_C60_a3_15.txt,unit,25,60,10,3,15,50,5.760.88,52
unit_F10_m25_C60_a3_16.txt,unit,25,60,10,3,16,20,1.645.25,27
unit_F10_m25_C60_a3_17.txt,unit,25,60,10,3,17,58,5.072.92,14
unit_F10_m25_C60_a3_18.txt,unit,25,60,10,3,18,118,1.469.26,72
unit_F10_m25_C60_a3_19.txt,unit,25,60,10,3,19,86,10.510,116
unit_F10_m25_C60_a3_20.txt,unit,25,60,10,3,20,56,9.713.78,30
unit_F10_m25_C60_a3_21.txt,unit,25,60,10,3,21,58,11.998.50,105
unit_F10_m25_C60_a3_22.txt,unit,25,60,10,3,22,110,10.395.70,74
unit_F10_m25_C60_a3_23.txt,unit,25,60,10,3,23,104,9.091.59,44
unit_F10_m25_C60_a3_24.txt,unit,25,60,10,3,24,48,11.195.80,151
unit_F10_m25_C60_a3_25.txt,unit,25,60,10,3,25,30,6.093.14,53
unit_F10_m25_C60_a3_26.txt,unit,25,60,10,3,26,102,1.533.54,49
unit_F10_m25_C60_a3_27.txt,unit,25,60,10,3,27,70,17.879.80,33
unit_F10_m25_C60_a3_28.txt,unit,25,60,10,3,28,30,4.105.26,53
unit_F10_m25_C60_a3_29.txt,unit,25,60,10,3,29,42,9.569.58,66
unit_F10_m25_C60_a3_30.txt,unit,25,60,10,3,30,126,12.183.20,15
unit_F10_m25_C60_a3_31.txt,unit,25,60,10,3,31,46,12.108.20,88
unit_F10_m25_C60_a3_32.txt,unit,25,60,10,3,32,32,3.751.36,51
unit_F10_m25_C60_a3_33.txt,unit,25,60,10,3,33,128,16.635.70,414
unit_F10_m25_C60_a3_34.txt,unit,25,60,10,3,34,54,1.199.45,32
unit_F10_m25_C60_a3_35.txt,unit,25,60,10,3,35,48,13.595.40,241
unit_F10_m25_C60_a3_36.txt,unit,25,60,10,3,36,44,6.698.82,91
unit_F10_m25_C60_a3_37.txt,unit,25,60,10,3,37,86,6.810.88,44
unit_F10_m25_C60_a3_38.txt,unit,25,60,10,3,38,96,847.599,8
unit_F10_m25_C60_a3_39.txt,unit,25,60,10,3,39,134,9.383.63,47
unit_F10_m25_C60_a3_40.txt,unit,25,60,10,3,40,32,1.608.09,57
unit_F10_m25_C60_a3_41.txt,unit,25,60,10,3,41,34,6.140.27,221
unit_F10_m25_C60_a3_42.txt,unit,25,60,10,3,42,52,11.999.90,143
unit_F10_m25_C60_a3_43.txt,unit,25,60,10,3,43,80,5.986.27,12
unit_F10_m25_C60_a3_44.txt,unit,25,60,10,3,44,70,1.306.62,34
unit_F10_m25_C60_a3_45.txt,unit,25,60,10,3,45,96,11.843.40,60
unit_F10_m25_C60_a3_46.txt,unit,25,60,10,3,46,38,6.803.05,56
unit_F10_m25_C60_a3_47.txt,unit,25,60,10,3,47,52,15.380.20,200
unit_F10_m25_C60_a3_48.txt,unit,25,60,10,3,48,84,5.930.65,19
unit_F10_m25_C60_a3_49.txt,unit,25,60,10,3,49,74,10.087.50,34
unit_F10_m25_C60_a7_0.txt,unit,25,60,10,7,0,150,8.597.42,29859
unit_F10_m25_C60_a7_1.txt,unit,25,60,10,7,1,162,2.374.29,9782
unit_F10_m25_C60_a7_2.txt,unit,25,60,10,7,2,88,2.726.25,5078
unit_F10_m25_C60_a7_3.txt,unit,25,60,10,7,3,70,22.944.90,60000
unit_F10_m25_C60_a7_4.txt,unit,25,60,10,7,4,118,10.373.70,8375
unit_F10_m25_C60_a7_5.txt,unit,25,60,10,7,5,74,17.180.40,33498
unit_F10_m25_C60_a7_6.txt,unit,25,60,10,7,6,86,17.817.90,41469
unit_F10_m25_C60_a7_7.txt,unit,25,60,10,7,7,98,8.587.67,51280
unit_F10_m25_C60_a7_8.txt,unit,25,60,10,7,8,178,2.953.63,28757
unit_F10_m25_C60_a7_9.txt,unit,25,60,10,7,9,82,12.559.80,48624
unit_F10_m25_C60_a7_10.txt,unit,25,60,10,7,10,130,3.921.96,43162
unit_F10_m25_C60_a7_11.txt,unit,25,60,10,7,11,118,4.560.31,4228
unit_F10_m25_C60_a7_12.txt,unit,25,60,10,7,12,114,14.469.50,26343
unit_F10_m25_C60_a7_13.txt,unit,25,60,10,7,13,74,28.060.90,60000
unit_F10_m25_C60_a7_14.txt,unit,25,60,10,7,14,114,13.158.30,9769
unit_F10_m25_C60_a7_15.txt,unit,25,60,10,7,15,72,19.908.30,51445
unit_F10_m25_C60_a7_16.txt,unit,25,60,10,7,16,104,10.871.30,4488
unit_F10_m25_C60_a7_17.txt,unit,25,60,10,7,17,92,16.105.40,13346
unit_F10_m25_C60_a7_18.txt,unit,25,60,10,7,18,136,2.606.09,24129
unit_F10_m25_C60_a7_19.txt,unit,25,60,10,7,19,92,2.164.74,1583
unit_F10_m25_C60_a7_20.txt,unit,25,60,10,7,20,70,25.768.80,60000
unit_F10_m25_C60_a7_21.txt,unit,25,60,10,7,21,78,15.080.10,33840
unit_F10_m25_C60_a7_22.txt,unit,25,60,10,7,22,138,7.913.25,2594
unit_F10_m25_C60_a7_23.txt,unit,25,60,10,7,23,104,16.546.30,20639
unit_F10_m25_C60_a7_24.txt,unit,25,60,10,7,24,78,20.836.70,49206
unit_F10_m25_C60_a7_25.txt,unit,25,60,10,7,25,64,20.273.20,60000
unit_F10_m25_C60_a7_26.txt,unit,25,60,10,7,26,160,10.191.70,17354
unit_F10_m25_C60_a7_27.txt,unit,25,60,10,7,27,92,10.346.10,20976
unit_F10_m25_C60_a7_28.txt,unit,25,60,10,7,28,54,19.572,56041
unit_F10_m25_C60_a7_29.txt,unit,25,60,10,7,29,60,11.156,60000
unit_F10_m25_C60_a7_30.txt,unit,25,60,10,7,30,132,6.087.35,7443
unit_F10_m25_C60_a7_31.txt,unit,25,60,10,7,31,80,99.376.40,60000
unit_F10_m25_C60_a7_32.txt,unit,25,60,10,7,32,138,18.097.20,60000
unit_F10_m25_C60_a7_33.txt,unit,25,60,10,7,33,128,19.308.60,60000
unit_F10_m25_C60_a7_34.txt,unit,25,60,10,7,34,84,3.197.22,5995
unit_F10_m25_C60_a7_35.txt,unit,25,60,10,7,35,74,17.759.10,60000
unit_F10_m25_C60_a7_36.txt,unit,25,60,10,7,36,60,16.271.80,60000
unit_F10_m25_C60_a7_37.txt,unit,25,60,10,7,37,114,12.570.40,50509
unit_F10_m25_C60_a7_38.txt,unit,25,60,10,7,38,126,21.468.20,20603
unit_F10_m25_C60_a7_39.txt,unit,25,60,10,7,39,148,2.804.24,40290
unit_F10_m25_C60_a7_40.txt,unit,25,60,10,7,40,62,19.145.10,54757
unit_F10_m25_C60_a7_41.txt,unit,25,60,10,7,41,66,30.292.90,60000
unit_F10_m25_C60_a7_42.txt,unit,25,60,10,7,42,98,5.612.90,2920
unit_F10_m25_C60_a7_43.txt,unit,25,60,10,7,43,126,1.419.01,113
unit_F10_m25_C60_a7_44.txt,unit,25,60,10,7,44,142,9.000.69,43913
unit_F10_m25_C60_a7_45.txt,unit,25,60,10,7,45,120,17.730.50,60000
unit_F10_m25_C60_a7_46.txt,unit,25,60,10,7,46,94,18.642.20,55717
unit_F10_m25_C60_a7_47.txt,unit,25,60,10,7,47,64,23.065.70,19991
unit_F10_m25_C60_a7_48.txt,unit,25,60,10,7,48,96,7.271.40,1338
unit_F10_m25_C60_a7_49.txt,unit,25,60,10,7,49,110,4.627.78,18756
unit_F10_m25_C60_a15_0.txt,unit,25,60,10,15,0,160,13.596.50,60000
unit_F10_m25_C60_a15_1.txt,unit,25,60,10,15,1,180,8.665.58,60000
unit_F10_m25_C60_a15_2.txt,unit,25,60,10,15,2,256,6.722.84,60000
unit_F10_m25_C60_a15_3.txt,unit,25,60,10,15,3,112,83.275.70,60000
unit_F10_m25_C60_a15_4.txt,unit,25,60,10,15,4,162,7.899.78,60000
unit_F10_m25_C60_a15_5.txt,unit,25,60,10,15,5,120,71.856.80,60000
unit_F10_m25_C60_a15_6.txt,unit,25,60,10,15,6,118,27.650.30,60000
unit_F10_m25_C60_a15_7.txt,unit,25,60,10,15,7,114,13.658.50,60000
unit_F10_m25_C60_a15_8.txt,unit,25,60,10,15,8,184,12.055.60,60000
unit_F10_m25_C60_a15_9.txt,unit,25,60,10,15,9,190,18.919.40,60000
unit_F10_m25_C60_a15_10.txt,unit,25,60,10,15,10,172,29.396.30,60000
unit_F10_m25_C60_a15_11.txt,unit,25,60,10,15,11,140,5.879.44,60000
unit_F10_m25_C60_a15_12.txt,unit,25,60,10,15,12,148,5.921.50,60000
unit_F10_m25_C60_a15_13.txt,unit,25,60,10,15,13,92,12.802.90,60000
unit_F10_m25_C60_a15_14.txt,unit,25,60,10,15,14,142,25.042.50,60000
unit_F10_m25_C60_a15_15.txt,unit,25,60,10,15,15,160,24.339.70,60000
unit_F10_m25_C60_a15_16.txt,unit,25,60,10,15,16,128,11.651.60,60000
unit_F10_m25_C60_a15_17.txt,unit,25,60,10,15,17,132,15.125.40,60000
unit_F10_m25_C60_a15_18.txt,unit,25,60,10,15,18,172,4.956.67,60000
unit_F10_m25_C60_a15_19.txt,unit,25,60,10,15,19,216,6.669.12,60000
unit_F10_m25_C60_a15_20.txt,unit,25,60,10,15,20,80,18.047.90,60000
unit_F10_m25_C60_a15_21.txt,unit,25,60,10,15,21,144,49.094,60000
unit_F10_m25_C60_a15_22.txt,unit,25,60,10,15,22,142,16.885.30,60000
unit_F10_m25_C60_a15_23.txt,unit,25,60,10,15,23,106,23.553.30,60000
unit_F10_m25_C60_a15_24.txt,unit,25,60,10,15,24,102,19.209.70,60000
unit_F10_m25_C60_a15_25.txt,unit,25,60,10,15,25,132,14.711.70,60000
unit_F10_m25_C60_a15_26.txt,unit,25,60,10,15,26,184,7.251.56,60000
unit_F10_m25_C60_a15_27.txt,unit,25,60,10,15,27,118,22.066.70,60000
unit_F10_m25_C60_a15_28.txt,unit,25,60,10,15,28,140,7.843.29,60000
unit_F10_m25_C60_a15_29.txt,unit,25,60,10,15,29,118,8.342.65,60000
unit_F10_m25_C60_a15_30.txt,unit,25,60,10,15,30,140,12.476.70,60000
unit_F10_m25_C60_a15_31.txt,unit,25,60,10,15,31,112,19.942.50,60000
unit_F10_m25_C60_a15_32.txt,unit,25,60,10,15,32,192,23.146.60,60000
unit_F10_m25_C60_a15_33.txt,unit,25,60,10,15,33,146,13.359.50,60000
unit_F10_m25_C60_a15_34.txt,unit,25,60,10,15,34,142,13.091.50,60000
unit_F10_m25_C60_a15_35.txt,unit,25,60,10,15,35,190,14.187.20,60000
unit_F10_m25_C60_a15_36.txt,unit,25,60,10,15,36,96,32.287.30,60000
unit_F10_m25_C60_a15_37.txt,unit,25,60,10,15,37,190,18.977.30,60000
unit_F10_m25_C60_a15_38.txt,unit,25,60,10,15,38,140,20.072.40,60000
unit_F10_m25_C60_a15_39.txt,unit,25,60,10,15,39,148,6.995.17,60000
unit_F10_m25_C60_a15_40.txt,unit,25,60,10,15,40,80,68.778,60000
unit_F10_m25_C60_a15_41.txt,unit,25,60,10,15,41,212,5.580.10,60000
unit_F10_m25_C60_a15_42.txt,unit,25,60,10,15,42,122,14.159.40,60000
unit_F10_m25_C60_a15_43.txt,unit,25,60,10,15,43,142,7.168.65,60000
unit_F10_m25_C60_a15_44.txt,unit,25,60,10,15,44,190,8.256.86,60000
unit_F10_m25_C60_a15_45.txt,unit,25,60,10,15,45,144,32.833.90,60000
unit_F10_m25_C60_a15_46.txt,unit,25,60,10,15,46,130,30.436.20,60000
unit_F10_m25_C60_a15_47.txt,unit,25,60,10,15,47,154,17.781,60000
unit_F10_m25_C60_a15_48.txt,unit,25,60,10,15,48,192,14.941.60,60000
unit_F10_m25_C60_a15_49.txt,unit,25,60,10,15,49,162,5.167.68,60000
unit_F10_m25_C60_a30_0.txt,unit,25,60,10,30,0,200,36.307.40,60000
unit_F10_m25_C60_a30_1.txt,unit,25,60,10,30,1,214,11.878.60,60000
unit_F10_m25_C60_a30_2.txt,unit,25,60,10,30,2,298,20.877.70,60000
unit_F10_m25_C60_a30_3.txt,unit,25,60,10,30,3,176,23.095.90,60000
unit_F10_m25_C60_a30_4.txt,unit,25,60,10,30,4,244,19.810.60,60000
unit_F10_m25_C60_a30_5.txt,unit,25,60,10,30,5,192,85.106.30,60000
unit_F10_m25_C60_a30_6.txt,unit,25,60,10,30,6,194,38.357.20,60000
unit_F10_m25_C60_a30_7.txt,unit,25,60,10,30,7,204,8.226.17,60000
unit_F10_m25_C60_a30_8.txt,unit,25,60,10,30,8,232,39.527,60000
unit_F10_m25_C60_a30_9.txt,unit,25,60,10,30,9,246,10.533.90,60000
unit_F10_m25_C60_a30_10.txt,unit,25,60,10,30,10,232,11.424.20,60000
unit_F10_m25_C60_a30_11.txt,unit,25,60,10,30,11,158,8.981.42,60000
unit_F10_m25_C60_a30_12.txt,unit,25,60,10,30,12,198,12.393.80,60000
unit_F10_m25_C60_a30_13.txt,unit,25,60,10,30,13,166,11.273.30,60000
unit_F10_m25_C60_a30_14.txt,unit,25,60,10,30,14,196,28.353.30,60000
unit_F10_m25_C60_a30_15.txt,unit,25,60,10,30,15,184,16.162.90,60000
unit_F10_m25_C60_a30_16.txt,unit,25,60,10,30,16,166,28.307.30,60000
unit_F10_m25_C60_a30_17.txt,unit,25,60,10,30,17,190,85.892.50,60000
unit_F10_m25_C60_a30_18.txt,unit,25,60,10,30,18,216,9.180.99,60000
unit_F10_m25_C60_a30_19.txt,unit,25,60,10,30,19,222,7.520.34,60000
unit_F10_m25_C60_a30_20.txt,unit,25,60,10,30,20,184,57.916.20,60000
unit_F10_m25_C60_a30_21.txt,unit,25,60,10,30,21,214,15.850.30,60000
unit_F10_m25_C60_a30_22.txt,unit,25,60,10,30,22,244,13.445.70,60000
unit_F10_m25_C60_a30_23.txt,unit,25,60,10,30,23,144,58.054.60,60000
unit_F10_m25_C60_a30_24.txt,unit,25,60,10,30,24,172,29.722.70,60000
unit_F10_m25_C60_a30_25.txt,unit,25,60,10,30,25,248,16.199.70,60000
unit_F10_m25_C60_a30_26.txt,unit,25,60,10,30,26,230,20.046,60000
unit_F10_m25_C60_a30_27.txt,unit,25,60,10,30,27,158,46.894.20,60000
unit_F10_m25_C60_a30_28.txt,unit,25,60,10,30,28,270,10.651.10,60000
unit_F10_m25_C60_a30_29.txt,unit,25,60,10,30,29,214,14.122.90,60000
unit_F10_m25_C60_a30_30.txt,unit,25,60,10,30,30,200,8.096.57,60000
unit_F10_m25_C60_a30_31.txt,unit,25,60,10,30,31,236,24.489.80,60000
unit_F10_m25_C60_a30_32.txt,unit,25,60,10,30,32,250,22.661.80,60000
unit_F10_m25_C60_a30_33.txt,unit,25,60,10,30,33,240,26.510.90,60000
unit_F10_m25_C60_a30_34.txt,unit,25,60,10,30,34,204,13.464.40,60000
unit_F10_m25_C60_a30_35.txt,unit,25,60,10,30,35,250,25.685.50,60000
unit_F10_m25_C60_a30_36.txt,unit,25,60,10,30,36,198,25.996,60000
unit_F10_m25_C60_a30_37.txt,unit,25,60,10,30,37,272,11.749.30,60000
unit_F10_m25_C60_a30_38.txt,unit,25,60,10,30,38,198,11.228.20,60000
unit_F10_m25_C60_a30_39.txt,unit,25,60,10,30,39,250,37.629.40,60000
unit_F10_m25_C60_a30_40.txt,unit,25,60,10,30,40,186,9.655.99,60000
unit_F10_m25_C60_a30_41.txt,unit,25,60,10,30,41,240,9.125.82,60000
unit_F10_m25_C60_a30_42.txt,unit,25,60,10,30,42,180,41.837.40,60000
unit_F10_m25_C60_a30_43.txt,unit,25,60,10,30,43,250,13.382,60000
unit_F10_m25_C60_a30_44.txt,unit,25,60,10,30,44,200,10.245.60,60000
unit_F10_m25_C60_a30_45.txt,unit,25,60,10,30,45,196,78.858.20,60000
unit_F10_m25_C60_a30_46.txt,unit,25,60,10,30,46,224,14.988.10,60000
unit_F10_m25_C60_a30_47.txt,unit,25,60,10,30,47,212,23.553.50,60000
unit_F10_m25_C60_a30_48.txt,unit,25,60,10,30,48,230,15.206.20,60000
unit_F10_m25_C60_a30_49.txt,unit,25,60,10,30,49,210,6.620.31,60000
unit_F2_m25_C180_a3_0.txt,unit,25,180,2,3,0,294,43.4036,3
unit_F2_m25_C180_a3_1.txt,unit,25,180,2,3,1,286,164.224,12
unit_F2_m25_C180_a3_2.txt,unit,25,180,2,3,2,300,87.049,4
unit_F2_m25_C180_a3_3.txt,unit,25,180,2,3,3,304,32.0364,4
unit_F2_m25_C180_a3_4.txt,unit,25,180,2,3,4,256,46.9655,4
unit_F2_m25_C180_a3_5.txt,unit,25,180,2,3,5,390,36.2852,3
unit_F2_m25_C180_a3_6.txt,unit,25,180,2,3,6,398,63.9263,4
unit_F2_m25_C180_a3_7.txt,unit,25,180,2,3,7,228,134.488,6
unit_F2_m25_C180_a3_8.txt,unit,25,180,2,3,8,224,136.624,7
unit_F2_m25_C180_a3_9.txt,unit,25,180,2,3,9,230,81.7969,4
unit_F2_m25_C180_a3_10.txt,unit,25,180,2,3,10,228,248.24,5
unit_F2_m25_C180_a3_11.txt,unit,25,180,2,3,11,366,34.1384,4
unit_F2_m25_C180_a3_12.txt,unit,25,180,2,3,12,454,29.7098,3
unit_F2_m25_C180_a3_13.txt,unit,25,180,2,3,13,246,46.3755,10
unit_F2_m25_C180_a3_14.txt,unit,25,180,2,3,14,272,13.0599,8
unit_F2_m25_C180_a3_15.txt,unit,25,180,2,3,15,224,68.7987,12
unit_F2_m25_C180_a3_16.txt,unit,25,180,2,3,16,302,29.9016,3
unit_F2_m25_C180_a3_17.txt,unit,25,180,2,3,17,224,329.398,6
unit_F2_m25_C180_a3_18.txt,unit,25,180,2,3,18,184,168.397,7
unit_F2_m25_C180_a3_19.txt,unit,25,180,2,3,19,418,66.4674,4
unit_F2_m25_C180_a3_20.txt,unit,25,180,2,3,20,156,56.7405,6
unit_F2_m25_C180_a3_21.txt,unit,25,180,2,3,21,258,184.804,7
unit_F2_m25_C180_a3_22.txt,unit,25,180,2,3,22,294,257.936,6
unit_F2_m25_C180_a3_23.txt,unit,25,180,2,3,23,298,87.1396,6
unit_F2_m25_C180_a3_24.txt,unit,25,180,2,3,24,388,11.2724,3
unit_F2_m25_C180_a3_25.txt,unit,25,180,2,3,25,418,17.3611,3
unit_F2_m25_C180_a3_26.txt,unit,25,180,2,3,26,258,21.4451,3
unit_F2_m25_C180_a3_27.txt,unit,25,180,2,3,27,162,152.261,14
unit_F2_m25_C180_a3_28.txt,unit,25,180,2,3,28,340,60.5909,5
unit_F2_m25_C180_a3_29.txt,unit,25,180,2,3,29,212,78.8279,4
unit_F2_m25_C180_a3_30.txt,unit,25,180,2,3,30,314,52.6633,4
unit_F2_m25_C180_a3_31.txt,unit,25,180,2,3,31,298,101.405,4
unit_F2_m25_C180_a3_32.txt,unit,25,180,2,3,32,230,95.145,4
unit_F2_m25_C180_a3_33.txt,unit,25,180,2,3,33,294,51.9962,3
unit_F2_m25_C180_a3_34.txt,unit,25,180,2,3,34,236,84.9305,5
unit_F2_m25_C180_a3_35.txt,unit,25,180,2,3,35,344,11.3391,5
unit_F2_m25_C180_a3_36.txt,unit,25,180,2,3,36,262,51.8862,9
unit_F2_m25_C180_a3_37.txt,unit,25,180,2,3,37,414,3.9,5
unit_F2_m25_C180_a3_38.txt,unit,25,180,2,3,38,204,217.049,6
unit_F2_m25_C180_a3_39.txt,unit,25,180,2,3,39,274,83.9079,4
unit_F2_m25_C180_a3_40.txt,unit,25,180,2,3,40,376,112.286,4
unit_F2_m25_C180_a3_41.txt,unit,25,180,2,3,41,330,65.082,6
unit_F2_m25_C180_a3_42.txt,unit,25,180,2,3,42,432,41.906,4
unit_F2_m25_C180_a3_43.txt,unit,25,180,2,3,43,196,77.2027,4
unit_F2_m25_C180_a3_44.txt,unit,25,180,2,3,44,272,67.1708,3
unit_F2_m25_C180_a3_45.txt,unit,25,180,2,3,45,384,74.5301,19
unit_F2_m25_C180_a3_46.txt,unit,25,180,2,3,46,284,89.6119,5
unit_F2_m25_C180_a3_47.txt,unit,25,180,2,3,47,400,18.5528,3
unit_F2_m25_C180_a3_48.txt,unit,25,180,2,3,48,320,45.5262,7
unit_F2_m25_C180_a3_49.txt,unit,25,180,2,3,49,266,76.0252,4
unit_F2_m25_C180_a7_0.txt,unit,25,180,2,7,0,438,104.04,70
unit_F2_m25_C180_a7_1.txt,unit,25,180,2,7,1,454,73.7489,13
unit_F2_m25_C180_a7_2.txt,unit,25,180,2,7,2,480,85.3105,10
unit_F2_m25_C180_a7_3.txt,unit,25,180,2,7,3,462,162.071,25
unit_F2_m25_C180_a7_4.txt,unit,25,180,2,7,4,372,73.3562,12
unit_F2_m25_C180_a7_5.txt,unit,25,180,2,7,5,412,76.838,12
unit_F2_m25_C180_a7_6.txt,unit,25,180,2,7,6,484,85.5005,35
unit_F2_m25_C180_a7_7.txt,unit,25,180,2,7,7,466,96.1382,157
unit_F2_m25_C180_a7_8.txt,unit,25,180,2,7,8,484,188.128,252
unit_F2_m25_C180_a7_9.txt,unit,25,180,2,7,9,354,96.9148,21
unit_F2_m25_C180_a7_10.txt,unit,25,180,2,7,10,456,97.2686,86
unit_F2_m25_C180_a7_11.txt,unit,25,180,2,7,11,454,66.4937,19
unit_F2_m25_C180_a7_12.txt,unit,25,180,2,7,12,524,44.5464,7
unit_F2_m25_C180_a7_13.txt,unit,25,180,2,7,13,368,86.8674,21
unit_F2_m25_C180_a7_14.txt,unit,25,180,2,7,14,402,54.4423,18
unit_F2_m25_C180_a7_15.txt,unit,25,180,2,7,15,464,60.2238,29
unit_F2_m25_C180_a7_16.txt,unit,25,180,2,7,16,532,56.1912,14
unit_F2_m25_C180_a7_17.txt,unit,25,180,2,7,17,524,83.2067,34
unit_F2_m25_C180_a7_18.txt,unit,25,180,2,7,18,354,62.22,16
unit_F2_m25_C180_a7_19.txt,unit,25,180,2,7,19,536,42.9928,20
unit_F2_m25_C180_a7_20.txt,unit,25,180,2,7,20,334,150.772,18
unit_F2_m25_C180_a7_21.txt,unit,25,180,2,7,21,448,73.1819,48
unit_F2_m25_C180_a7_22.txt,unit,25,180,2,7,22,442,111.75,24
unit_F2_m25_C180_a7_23.txt,unit,25,180,2,7,23,438,71.2126,29
unit_F2_m25_C180_a7_24.txt,unit,25,180,2,7,24,456,41.5593,10
unit_F2_m25_C180_a7_25.txt,unit,25,180,2,7,25,582,52.2248,7
unit_F2_m25_C180_a7_26.txt,unit,25,180,2,7,26,458,132.397,307
unit_F2_m25_C180_a7_27.txt,unit,25,180,2,7,27,322,87.4501,40
unit_F2_m25_C180_a7_28.txt,unit,25,180,2,7,28,474,73.4595,40
unit_F2_m25_C180_a7_29.txt,unit,25,180,2,7,29,358,74.7881,25
unit_F2_m25_C180_a7_30.txt,unit,25,180,2,7,30,404,68.5334,35
unit_F2_m25_C180_a7_31.txt,unit,25,180,2,7,31,482,62.2725,22
unit_F2_m25_C180_a7_32.txt,unit,25,180,2,7,32,374,164.738,25
unit_F2_m25_C180_a7_33.txt,unit,25,180,2,7,33,484,85.506,22
unit_F2_m25_C180_a7_34.txt,unit,25,180,2,7,34,438,94.8786,29
unit_F2_m25_C180_a7_35.txt,unit,25,180,2,7,35,454,64.1693,9
unit_F2_m25_C180_a7_36.txt,unit,25,180,2,7,36,374,69.5264,76
unit_F2_m25_C180_a7_37.txt,unit,25,180,2,7,37,464,49.0366,57
unit_F2_m25_C180_a7_38.txt,unit,25,180,2,7,38,308,341.594,81
unit_F2_m25_C180_a7_39.txt,unit,25,180,2,7,39,520,102.182,39
unit_F2_m25_C180_a7_40.txt,unit,25,180,2,7,40,460,285.109,58
unit_F2_m25_C180_a7_41.txt,unit,25,180,2,7,41,382,73.8183,72
unit_F2_m25_C180_a7_42.txt,unit,25,180,2,7,42,486,68.3928,37
unit_F2_m25_C180_a7_43.txt,unit,25,180,2,7,43,392,122.736,99
unit_F2_m25_C180_a7_44.txt,unit,25,180,2,7,44,512,58.4862,18
unit_F2_m25_C180_a7_45.txt,unit,25,180,2,7,45,476,172.56,524
unit_F2_m25_C180_a7_46.txt,unit,25,180,2,7,46,388,55.695,11
unit_F2_m25_C180_a7_47.txt,unit,25,180,2,7,47,460,39.6627,12
unit_F2_m25_C180_a7_48.txt,unit,25,180,2,7,48,468,50.4815,9
unit_F2_m25_C180_a7_49.txt,unit,25,180,2,7,49,420,361.125,102
unit_F2_m25_C180_a15_0.txt,unit,25,180,2,15,0,584,101.106,88
unit_F2_m25_C180_a15_1.txt,unit,25,180,2,15,1,732,113.654,132
unit_F2_m25_C180_a15_2.txt,unit,25,180,2,15,2,694,411.416,218
unit_F2_m25_C180_a15_3.txt,unit,25,180,2,15,3,650,285.225,447
unit_F2_m25_C180_a15_4.txt,unit,25,180,2,15,4,688,131.328,103
unit_F2_m25_C180_a15_5.txt,unit,25,180,2,15,5,520,116.796,136
unit_F2_m25_C180_a15_6.txt,unit,25,180,2,15,6,734,110.649,163
unit_F2_m25_C180_a15_7.txt,unit,25,180,2,15,7,622,177.147,580
unit_F2_m25_C180_a15_8.txt,unit,25,180,2,15,8,666,175.127,166
unit_F2_m25_C180_a15_9.txt,unit,25,180,2,15,9,580,220.595,149
unit_F2_m25_C180_a15_10.txt,unit,25,180,2,15,10,602,277.478,926
unit_F2_m25_C180_a15_11.txt,unit,25,180,2,15,11,622,105.124,88
unit_F2_m25_C180_a15_12.txt,unit,25,180,2,15,12,678,109.305,120
unit_F2_m25_C180_a15_13.txt,unit,25,180,2,15,13,702,100.217,201
unit_F2_m25_C180_a15_14.txt,unit,25,180,2,15,14,592,196.892,324
unit_F2_m25_C180_a15_15.txt,unit,25,180,2,15,15,606,140.084,314
unit_F2_m25_C180_a15_16.txt,unit,25,180,2,15,16,654,121.979,382
unit_F2_m25_C180_a15_17.txt,unit,25,180,2,15,17,716,106.942,107
unit_F2_m25_C180_a15_18.txt,unit,25,180,2,15,18,642,330.953,292
unit_F2_m25_C180_a15_19.txt,unit,25,180,2,15,19,724,105.047,48
unit_F2_m25_C180_a15_20.txt,unit,25,180,2,15,20,528,130.228,552
unit_F2_m25_C180_a15_21.txt,unit,25,180,2,15,21,586,425.862,553
unit_F2_m25_C180_a15_22.txt,unit,25,180,2,15,22,710,106.614,148
unit_F2_m25_C180_a15_23.txt,unit,25,180,2,15,23,544,145.696,156
unit_F2_m25_C180_a15_24.txt,unit,25,180,2,15,24,636,96.5045,86
unit_F2_m25_C180_a15_25.txt,unit,25,180,2,15,25,806,83.7269,38
unit_F2_m25_C180_a15_26.txt,unit,25,180,2,15,26,572,137.407,144
unit_F2_m25_C180_a15_27.txt,unit,25,180,2,15,27,530,116.531,265
unit_F2_m25_C180_a15_28.txt,unit,25,180,2,15,28,564,184.465,632
unit_F2_m25_C180_a15_29.txt,unit,25,180,2,15,29,664,186.498,811
unit_F2_m25_C180_a15_30.txt,unit,25,180,2,15,30,550,175.495,107
unit_F2_m25_C180_a15_31.txt,unit,25,180,2,15,31,678,175.632,192
unit_F2_m25_C180_a15_32.txt,unit,25,180,2,15,32,570,163.184,181
unit_F2_m25_C180_a15_33.txt,unit,25,180,2,15,33,660,110.805,124
unit_F2_m25_C180_a15_34.txt,unit,25,180,2,15,34,674,122.511,133
unit_F2_m25_C180_a15_35.txt,unit,25,180,2,15,35,670,112.323,174
unit_F2_m25_C180_a15_36.txt,unit,25,180,2,15,36,576,91.1464,205
unit_F2_m25_C180_a15_37.txt,unit,25,180,2,15,37,674,74.7141,49
unit_F2_m25_C180_a15_38.txt,unit,25,180,2,15,38,620,137.545,180
unit_F2_m25_C180_a15_39.txt,unit,25,180,2,15,39,684,258.225,311
unit_F2_m25_C180_a15_40.txt,unit,25,180,2,15,40,578,139.864,365
unit_F2_m25_C180_a15_41.txt,unit,25,180,2,15,41,716,112.19,275
unit_F2_m25_C180_a15_42.txt,unit,25,180,2,15,42,694,149.004,268
unit_F2_m25_C180_a15_43.txt,unit,25,180,2,15,43,592,298.983,797
unit_F2_m25_C180_a15_44.txt,unit,25,180,2,15,44,638,104.472,147
unit_F2_m25_C180_a15_45.txt,unit,25,180,2,15,45,596,458.048,3095
unit_F2_m25_C180_a15_46.txt,unit,25,180,2,15,46,610,101.886,155
unit_F2_m25_C180_a15_47.txt,unit,25,180,2,15,47,580,113.604,39
unit_F2_m25_C180_a15_48.txt,unit,25,180,2,15,48,674,213.341,183
unit_F2_m25_C180_a15_49.txt,unit,25,180,2,15,49,608,374.314,759
unit_F2_m25_C180_a30_0.txt,unit,25,180,2,30,0,876,509.021,6738
unit_F2_m25_C180_a30_1.txt,unit,25,180,2,30,1,966,220.729,2228
unit_F2_m25_C180_a30_2.txt,unit,25,180,2,30,2,824,522.167,2504
unit_F2_m25_C180_a30_3.txt,unit,25,180,2,30,3,850,558.322,4707
unit_F2_m25_C180_a30_4.txt,unit,25,180,2,30,4,1024,152.842,413
unit_F2_m25_C180_a30_5.txt,unit,25,180,2,30,5,998,240.674,823
unit_F2_m25_C180_a30_6.txt,unit,25,180,2,30,6,1044,318.812,931
unit_F2_m25_C180_a30_7.txt,unit,25,180,2,30,7,934,382.812,5408
unit_F2_m25_C180_a30_8.txt,unit,25,180,2,30,8,838,368.368,3375
unit_F2_m25_C180_a30_9.txt,unit,25,180,2,30,9,782,187.532,2841
unit_F2_m25_C180_a30_10.txt,unit,25,180,2,30,10,810,259.264,6273
unit_F2_m25_C180_a30_11.txt,unit,25,180,2,30,11,1024,766.17,4039
unit_F2_m25_C180_a30_12.txt,unit,25,180,2,30,12,938,363.883,4115
unit_F2_m25_C180_a30_13.txt,unit,25,180,2,30,13,918,363.126,2530
unit_F2_m25_C180_a30_14.txt,unit,25,180,2,30,14,884,397.59,3427
unit_F2_m25_C180_a30_15.txt,unit,25,180,2,30,15,786,342.974,6718
unit_F2_m25_C180_a30_16.txt,unit,25,180,2,30,16,1102,404.293,4760
unit_F2_m25_C180_a30_17.txt,unit,25,180,2,30,17,978,246.427,2969
unit_F2_m25_C180_a30_18.txt,unit,25,180,2,30,18,926,263.105,1954
unit_F2_m25_C180_a30_19.txt,unit,25,180,2,30,19,1016,165.924,873
unit_F2_m25_C180_a30_20.txt,unit,25,180,2,30,20,958,279.637,4191
unit_F2_m25_C180_a30_21.txt,unit,25,180,2,30,21,784,298.204,7568
unit_F2_m25_C180_a30_22.txt,unit,25,180,2,30,22,926,242.473,3537
unit_F2_m25_C180_a30_23.txt,unit,25,180,2,30,23,854,777.184,11127
unit_F2_m25_C180_a30_24.txt,unit,25,180,2,30,24,890,254.157,1635
unit_F2_m25_C180_a30_25.txt,unit,25,180,2,30,25,1212,120.279,551
unit_F2_m25_C180_a30_26.txt,unit,25,180,2,30,26,832,293.96,8235
unit_F2_m25_C180_a30_27.txt,unit,25,180,2,30,27,864,580.631,11311
unit_F2_m25_C180_a30_28.txt,unit,25,180,2,30,28,818,356.527,7533
unit_F2_m25_C180_a30_29.txt,unit,25,180,2,30,29,918,313.089,12667
unit_F2_m25_C180_a30_30.txt,unit,25,180,2,30,30,932,411.122,3795
unit_F2_m25_C180_a30_31.txt,unit,25,180,2,30,31,916,247.704,3304
unit_F2_m25_C180_a30_32.txt,unit,25,180,2,30,32,1080,572,1373
unit_F2_m25_C180_a30_33.txt,unit,25,180,2,30,33,976,218.09,1776
unit_F2_m25_C180_a30_34.txt,unit,25,180,2,30,34,824,262.756,2929
unit_F2_m25_C180_a30_35.txt,unit,25,180,2,30,35,808,297.598,3306
unit_F2_m25_C180_a30_36.txt,unit,25,180,2,30,36,792,401.347,10896
unit_F2_m25_C180_a30_37.txt,unit,25,180,2,30,37,1030,147.585,988
unit_F2_m25_C180_a30_38.txt,unit,25,180,2,30,38,1080,428.497,1451
unit_F2_m25_C180_a30_39.txt,unit,25,180,2,30,39,894,404.216,3150
unit_F2_m25_C180_a30_40.txt,unit,25,180,2,30,40,968,228.237,1660
unit_F2_m25_C180_a30_41.txt,unit,25,180,2,30,41,916,252.042,1942
unit_F2_m25_C180_a30_42.txt,unit,25,180,2,30,42,968,453.622,11995
unit_F2_m25_C180_a30_43.txt,unit,25,180,2,30,43,1012,994.036,9755
unit_F2_m25_C180_a30_44.txt,unit,25,180,2,30,44,996,286.19,1249
unit_F2_m25_C180_a30_45.txt,unit,25,180,2,30,45,944,522.905,8156
unit_F2_m25_C180_a30_46.txt,unit,25,180,2,30,46,1168,250.633,3153
unit_F2_m25_C180_a30_47.txt,unit,25,180,2,30,47,1064,199.67,554
unit_F2_m25_C180_a30_48.txt,unit,25,180,2,30,48,974,233.488,956
unit_F2_m25_C180_a30_49.txt,unit,25,180,2,30,49,728,706.859,8867
unit_F5_m25_C180_a3_0.txt,unit,25,180,5,3,0,166,104.019,19
unit_F5_m25_C180_a3_1.txt,unit,25,180,5,3,1,268,134.682,13
unit_F5_m25_C180_a3_2.txt,unit,25,180,5,3,2,182,246.849,11
unit_F5_m25_C180_a3_3.txt,unit,25,180,5,3,3,210,933.048,11
unit_F5_m25_C180_a3_4.txt,unit,25,180,5,3,4,244,939.287,15
unit_F5_m25_C180_a3_5.txt,unit,25,180,5,3,5,112,55.5125,6
unit_F5_m25_C180_a3_6.txt,unit,25,180,5,3,6,56,231.612,23
unit_F5_m25_C180_a3_7.txt,unit,25,180,5,3,7,80,142.624,10
unit_F5_m25_C180_a3_8.txt,unit,25,180,5,3,8,162,107.188,8
unit_F5_m25_C180_a3_9.txt,unit,25,180,5,3,9,250,159.297,11
unit_F5_m25_C180_a3_10.txt,unit,25,180,5,3,10,100,524.584,19
unit_F5_m25_C180_a3_11.txt,unit,25,180,5,3,11,266,357.172,31
unit_F5_m25_C180_a3_12.txt,unit,25,180,5,3,12,168,168.9,7
unit_F5_m25_C180_a3_13.txt,unit,25,180,5,3,13,70,160.177,12
unit_F5_m25_C180_a3_14.txt,unit,25,180,5,3,14,168,374.594,19
unit_F5_m25_C180_a3_15.txt,unit,25,180,5,3,15,194,368.156,8
unit_F5_m25_C180_a3_16.txt,unit,25,180,5,3,16,264,783.213,137
unit_F5_m25_C180_a3_17.txt,unit,25,180,5,3,17,152,1.288.15,37
unit_F5_m25_C180_a3_18.txt,unit,25,180,5,3,18,222,892.344,25
unit_F5_m25_C180_a3_19.txt,unit,25,180,5,3,19,160,124.247,7
unit_F5_m25_C180_a3_20.txt,unit,25,180,5,3,20,82,143.161,14
unit_F5_m25_C180_a3_21.txt,unit,25,180,5,3,21,226,386.632,46
unit_F5_m25_C180_a3_22.txt,unit,25,180,5,3,22,162,183.189,9
unit_F5_m25_C180_a3_23.txt,unit,25,180,5,3,23,200,176.736,15
unit_F5_m25_C180_a3_24.txt,unit,25,180,5,3,24,98,571.119,31
unit_F5_m25_C180_a3_25.txt,unit,25,180,5,3,25,400,125.439,16
unit_F5_m25_C180_a3_26.txt,unit,25,180,5,3,26,452,88.1027,5
unit_F5_m25_C180_a3_27.txt,unit,25,180,5,3,27,72,192.921,12
unit_F5_m25_C180_a3_28.txt,unit,25,180,5,3,28,118,148.791,11
unit_F5_m25_C180_a3_29.txt,unit,25,180,5,3,29,108,1.012.38,31
unit_F5_m25_C180_a3_30.txt,unit,25,180,5,3,30,188,1.856.62,57
unit_F5_m25_C180_a3_31.txt,unit,25,180,5,3,31,270,844.506,46
unit_F5_m25_C180_a3_32.txt,unit,25,180,5,3,32,264,131.482,13
unit_F5_m25_C180_a3_33.txt,unit,25,180,5,3,33,214,248.458,12
unit_F5_m25_C180_a3_34.txt,unit,25,180,5,3,34,176,120.005,5
unit_F5_m25_C180_a3_35.txt,unit,25,180,5,3,35,188,614.499,31
unit_F5_m25_C180_a3_36.txt,unit,25,180,5,3,36,218,198.049,13
unit_F5_m25_C180_a3_37.txt,unit,25,180,5,3,37,182,117.606,18
unit_F5_m25_C180_a3_38.txt,unit,25,180,5,3,38,112,534.932,24
unit_F5_m25_C180_a3_39.txt,unit,25,180,5,3,39,354,369.836,13
unit_F5_m25_C180_a3_40.txt,unit,25,180,5,3,40,140,1.264.46,14
unit_F5_m25_C180_a3_41.txt,unit,25,180,5,3,41,116,126.682,9
unit_F5_m25_C180_a3_42.txt,unit,25,180,5,3,42,82,188.232,17
unit_F5_m25_C180_a3_43.txt,unit,25,180,5,3,43,282,766.951,47
unit_F5_m25_C180_a3_44.txt,unit,25,180,5,3,44,138,998.657,28
unit_F5_m25_C180_a3_45.txt,unit,25,180,5,3,45,428,104.647,68
unit_F5_m25_C180_a3_46.txt,unit,25,180,5,3,46,82,149.708,23
unit_F5_m25_C180_a3_47.txt,unit,25,180,5,3,47,170,145.64,11
unit_F5_m25_C180_a3_48.txt,unit,25,180,5,3,48,174,4.821.22,41
unit_F5_m25_C180_a3_49.txt,unit,25,180,5,3,49,194,2.578.58,144
unit_F5_m25_C180_a7_0.txt,unit,25,180,5,7,0,250,558.217,426
unit_F5_m25_C180_a7_1.txt,unit,25,180,5,7,1,302,183.037,194
unit_F5_m25_C180_a7_2.txt,unit,25,180,5,7,2,222,1.351.64,13215
unit_F5_m25_C180_a7_3.txt,unit,25,180,5,7,3,288,1.175.13,3419
unit_F5_m25_C180_a7_4.txt,unit,25,180,5,7,4,264,2.056.15,14002
unit_F5_m25_C180_a7_5.txt,unit,25,180,5,7,5,226,1.029.55,893
unit_F5_m25_C180_a7_6.txt,unit,25,180,5,7,6,190,9.808.04,5594
unit_F5_m25_C180_a7_7.txt,unit,25,180,5,7,7,260,1.552.79,5670
unit_F5_m25_C180_a7_8.txt,unit,25,180,5,7,8,298,382.841,74
unit_F5_m25_C180_a7_9.txt,unit,25,180,5,7,9,316,383.712,3071
unit_F5_m25_C180_a7_10.txt,unit,25,180,5,7,10,236,3.723.92,9613
unit_F5_m25_C180_a7_11.txt,unit,25,180,5,7,11,418,369.973,13390
unit_F5_m25_C180_a7_12.txt,unit,25,180,5,7,12,268,5.015.09,6462
unit_F5_m25_C180_a7_13.txt,unit,25,180,5,7,13,254,802.88,2005
unit_F5_m25_C180_a7_14.txt,unit,25,180,5,7,14,326,1.019.07,1586
unit_F5_m25_C180_a7_15.txt,unit,25,180,5,7,15,278,1.047.69,1845
unit_F5_m25_C180_a7_16.txt,unit,25,180,5,7,16,282,158.934,534
unit_F5_m25_C180_a7_17.txt,unit,25,180,5,7,17,388,213.599,6586
unit_F5_m25_C180_a7_18.txt,unit,25,180,5,7,18,222,1.476.87,1857
unit_F5_m25_C180_a7_19.txt,unit,25,180,5,7,19,196,289.718,1940
unit_F5_m25_C180_a7_20.txt,unit,25,180,5,7,20,236,1.691.56,5317
unit_F5_m25_C180_a7_21.txt,unit,25,180,5,7,21,304,239.391,7896
unit_F5_m25_C180_a7_22.txt,unit,25,180,5,7,22,226,331.307,1306
unit_F5_m25_C180_a7_23.txt,unit,25,180,5,7,23,260,551.48,1345
unit_F5_m25_C180_a7_24.txt,unit,25,180,5,7,24,256,1.048.57,2004
unit_F5_m25_C180_a7_25.txt,unit,25,180,5,7,25,418,253.585,11070
unit_F5_m25_C180_a7_26.txt,unit,25,180,5,7,26,476,402.669,1277
unit_F5_m25_C180_a7_27.txt,unit,25,180,5,7,27,154,493.223,731
unit_F5_m25_C180_a7_28.txt,unit,25,180,5,7,28,244,993.961,1832
unit_F5_m25_C180_a7_29.txt,unit,25,180,5,7,29,246,828.955,5950
unit_F5_m25_C180_a7_30.txt,unit,25,180,5,7,30,436,421.366,583
unit_F5_m25_C180_a7_31.txt,unit,25,180,5,7,31,280,2.133.73,11545
unit_F5_m25_C180_a7_32.txt,unit,25,180,5,7,32,348,1.027.39,1576
unit_F5_m25_C180_a7_33.txt,unit,25,180,5,7,33,332,171.489,514
unit_F5_m25_C180_a7_34.txt,unit,25,180,5,7,34,330,340.927,168
unit_F5_m25_C180_a7_35.txt,unit,25,180,5,7,35,352,1.076.70,2040
unit_F5_m25_C180_a7_36.txt,unit,25,180,5,7,36,246,348.158,2814
unit_F5_m25_C180_a7_37.txt,unit,25,180,5,7,37,372,655.937,9067
unit_F5_m25_C180_a7_38.txt,unit,25,180,5,7,38,228,61.898.50,14367
unit_F5_m25_C180_a7_39.txt,unit,25,180,5,7,39,412,1.526.54,7392
unit_F5_m25_C180_a7_40.txt,unit,25,180,5,7,40,314,323.743,799
unit_F5_m25_C180_a7_41.txt,unit,25,180,5,7,41,306,1.363.57,2584
unit_F5_m25_C180_a7_42.txt,unit,25,180,5,7,42,230,6.072.75,11868
unit_F5_m25_C180_a7_43.txt,unit,25,180,5,7,43,316,1.160.76,1376
unit_F5_m25_C180_a7_44.txt,unit,25,180,5,7,44,206,1.262.54,2147
unit_F5_m25_C180_a7_45.txt,unit,25,180,5,7,45,454,485.167,30746
unit_F5_m25_C180_a7_46.txt,unit,25,180,5,7,46,346,209.815,4605
unit_F5_m25_C180_a7_47.txt,unit,25,180,5,7,47,250,222.522,197
unit_F5_m25_C180_a7_48.txt,unit,25,180,5,7,48,420,411.636,3921
unit_F5_m25_C180_a7_49.txt,unit,25,180,5,7,49,274,806.966,4934
unit_F5_m25_C180_a15_0.txt,unit,25,180,5,15,0,346,4.428.27,60000
unit_F5_m25_C180_a15_1.txt,unit,25,180,5,15,1,526,1.195.98,33200
unit_F5_m25_C180_a15_2.txt,unit,25,180,5,15,2,284,6.137.01,60000
unit_F5_m25_C180_a15_3.txt,unit,25,180,5,15,3,422,382.219,10708
unit_F5_m25_C180_a15_4.txt,unit,25,180,5,15,4,334,3.134.59,60000
unit_F5_m25_C180_a15_5.txt,unit,25,180,5,15,5,448,956.244,22064
unit_F5_m25_C180_a15_6.txt,unit,25,180,5,15,6,410,4.010.34,60000
unit_F5_m25_C180_a15_7.txt,unit,25,180,5,15,7,364,298.388,5341
unit_F5_m25_C180_a15_8.txt,unit,25,180,5,15,8,402,351.815,5879
unit_F5_m25_C180_a15_9.txt,unit,25,180,5,15,9,370,959.864,60000
unit_F5_m25_C180_a15_10.txt,unit,25,180,5,15,10,318,562.532,37168
unit_F5_m25_C180_a15_11.txt,unit,25,180,5,15,11,454,555.468,60000
unit_F5_m25_C180_a15_12.txt,unit,25,180,5,15,12,314,18.550.20,60000
unit_F5_m25_C180_a15_13.txt,unit,25,180,5,15,13,268,1.238.57,41723
unit_F5_m25_C180_a15_14.txt,unit,25,180,5,15,14,434,1.867.01,60000
unit_F5_m25_C180_a15_15.txt,unit,25,180,5,15,15,366,2.514.44,40072
unit_F5_m25_C180_a15_16.txt,unit,25,180,5,15,16,604,392.817,5068
unit_F5_m25_C180_a15_17.txt,unit,25,180,5,15,17,472,502.773,60000
unit_F5_m25_C180_a15_18.txt,unit,25,180,5,15,18,418,573.082,60000
unit_F5_m25_C180_a15_19.txt,unit,25,180,5,15,19,358,1.378.95,60000
unit_F5_m25_C180_a15_20.txt,unit,25,180,5,15,20,324,1.581.69,60000
unit_F5_m25_C180_a15_21.txt,unit,25,180,5,15,21,384,457.881,45264
unit_F5_m25_C180_a15_22.txt,unit,25,180,5,15,22,428,9.804.75,60000
unit_F5_m25_C180_a15_23.txt,unit,25,180,5,15,23,388,453.149,60000
unit_F5_m25_C180_a15_24.txt,unit,25,180,5,15,24,380,9.173.53,60000
unit_F5_m25_C180_a15_25.txt,unit,25,180,5,15,25,538,922.865,60000
unit_F5_m25_C180_a15_26.txt,unit,25,180,5,15,26,492,384.732,60000
unit_F5_m25_C180_a15_27.txt,unit,25,180,5,15,27,332,905.425,60000
unit_F5_m25_C180_a15_28.txt,unit,25,180,5,15,28,388,483.355,20004
unit_F5_m25_C180_a15_29.txt,unit,25,180,5,15,29,450,4.242.75,60000
unit_F5_m25_C180_a15_30.txt,unit,25,180,5,15,30,494,1.799.47,46450
unit_F5_m25_C180_a15_31.txt,unit,25,180,5,15,31,362,893.183,56103
unit_F5_m25_C180_a15_32.txt,unit,25,180,5,15,32,428,3.554.62,60000
unit_F5_m25_C180_a15_33.txt,unit,25,180,5,15,33,442,536.705,60000
unit_F5_m25_C180_a15_34.txt,unit,25,180,5,15,34,376,421.756,24933
unit_F5_m25_C180_a15_35.txt,unit,25,180,5,15,35,442,1.881.67,60000
unit_F5_m25_C180_a15_36.txt,unit,25,180,5,15,36,326,1.183.14,60000
unit_F5_m25_C180_a15_37.txt,unit,25,180,5,15,37,568,749.162,60000
unit_F5_m25_C180_a15_38.txt,unit,25,180,5,15,38,246,33.770.90,60000
unit_F5_m25_C180_a15_39.txt,unit,25,180,5,15,39,458,1.544.46,60000
unit_F5_m25_C180_a15_40.txt,unit,25,180,5,15,40,408,1.669.57,60000
unit_F5_m25_C180_a15_41.txt,unit,25,180,5,15,41,336,5.472.26,60000
unit_F5_m25_C180_a15_42.txt,unit,25,180,5,15,42,424,427.153,60000
unit_F5_m25_C180_a15_43.txt,unit,25,180,5,15,43,432,698.503,60000
unit_F5_m25_C180_a15_44.txt,unit,25,180,5,15,44,430,1.447.54,60000
unit_F5_m25_C180_a15_45.txt,unit,25,180,5,15,45,472,1.573.71,60000
unit_F5_m25_C180_a15_46.txt,unit,25,180,5,15,46,422,599.469,60000
unit_F5_m25_C180_a15_47.txt,unit,25,180,5,15,47,406,1.666.15,60000
unit_F5_m25_C180_a15_48.txt,unit,25,180,5,15,48,434,501.615,60000
unit_F5_m25_C180_a15_49.txt,unit,25,180,5,15,49,496,413.336,48232
unit_F5_m25_C180_a30_0.txt,unit,25,180,5,30,0,558,3.288.16,60000
unit_F5_m25_C180_a30_1.txt,unit,25,180,5,30,1,670,2.729.89,60000
unit_F5_m25_C180_a30_2.txt,unit,25,180,5,30,2,422,5.753.53,60000
unit_F5_m25_C180_a30_3.txt,unit,25,180,5,30,3,542,1.106.37,60000
unit_F5_m25_C180_a30_4.txt,unit,25,180,5,30,4,504,2.167.89,60000
unit_F5_m25_C180_a30_5.txt,unit,25,180,5,30,5,546,6.367.45,60000
unit_F5_m25_C180_a30_6.txt,unit,25,180,5,30,6,504,3.614.96,60000
unit_F5_m25_C180_a30_7.txt,unit,25,180,5,30,7,638,2.792.93,60000
unit_F5_m25_C180_a30_8.txt,unit,25,180,5,30,8,558,5.542.53,60000
unit_F5_m25_C180_a30_9.txt,unit,25,180,5,30,9,520,2.723.36,60000
unit_F5_m25_C180_a30_10.txt,unit,25,180,5,30,10,582,14.623.80,60000
unit_F5_m25_C180_a30_11.txt,unit,25,180,5,30,11,646,1.339.14,60000
unit_F5_m25_C180_a30_12.txt,unit,25,180,5,30,12,572,5.177.72,60000
unit_F5_m25_C180_a30_13.txt,unit,25,180,5,30,13,352,7.128.54,60000
unit_F5_m25_C180_a30_14.txt,unit,25,180,5,30,14,614,4.276.25,60000
unit_F5_m25_C180_a30_15.txt,unit,25,180,5,30,15,514,9.495.16,60000
unit_F5_m25_C180_a30_16.txt,unit,25,180,5,30,16,780,800.791,60000
unit_F5_m25_C180_a30_17.txt,unit,25,180,5,30,17,546,3.641.83,60000
unit_F5_m25_C180_a30_18.txt,unit,25,180,5,30,18,584,3.920.83,60000
unit_F5_m25_C180_a30_19.txt,unit,25,180,5,30,19,602,2.521.55,60000
unit_F5_m25_C180_a30_20.txt,unit,25,180,5,30,20,460,5.375.08,60000
unit_F5_m25_C180_a30_21.txt,unit,25,180,5,30,21,486,3.562.11,60000
unit_F5_m25_C180_a30_22.txt,unit,25,180,5,30,22,464,6.975.27,60000
unit_F5_m25_C180_a30_23.txt,unit,25,180,5,30,23,504,1.307.48,60000
unit_F5_m25_C180_a30_24.txt,unit,25,180,5,30,24,492,1.930.95,60000
unit_F5_m25_C180_a30_25.txt,unit,25,180,5,30,25,666,1.918.62,60000
unit_F5_m25_C180_a30_26.txt,unit,25,180,5,30,26,550,2.887.27,60000
unit_F5_m25_C180_a30_27.txt,unit,25,180,5,30,27,566,2.877.39,60000
unit_F5_m25_C180_a30_28.txt,unit,25,180,5,30,28,578,4.751,60000
unit_F5_m25_C180_a30_29.txt,unit,25,180,5,30,29,578,4.304.29,60000
unit_F5_m25_C180_a30_30.txt,unit,25,180,5,30,30,632,4.164.18,60000
unit_F5_m25_C180_a30_31.txt,unit,25,180,5,30,31,560,1.460.27,60000
unit_F5_m25_C180_a30_32.txt,unit,25,180,5,30,32,600,1.629.20,60000
unit_F5_m25_C180_a30_33.txt,unit,25,180,5,30,33,630,2.657.28,60000
unit_F5_m25_C180_a30_34.txt,unit,25,180,5,30,34,598,1.379.26,60000
unit_F5_m25_C180_a30_35.txt,unit,25,180,5,30,35,602,4.048.41,60000
unit_F5_m25_C180_a30_36.txt,unit,25,180,5,30,36,564,3.189.72,60000
unit_F5_m25_C180_a30_37.txt,unit,25,180,5,30,37,666,2.340.04,60000
unit_F5_m25_C180_a30_38.txt,unit,25,180,5,30,38,504,4.267.40,60000
unit_F5_m25_C180_a30_39.txt,unit,25,180,5,30,39,544,5.414.76,60000
unit_F5_m25_C180_a30_40.txt,unit,25,180,5,30,40,484,2.658.48,60000
unit_F5_m25_C180_a30_41.txt,unit,25,180,5,30,41,578,3.268.32,60000
unit_F5_m25_C180_a30_42.txt,unit,25,180,5,30,42,454,2.487.96,60000
unit_F5_m25_C180_a30_43.txt,unit,25,180,5,30,43,588,8.821.16,60000
unit_F5_m25_C180_a30_44.txt,unit,25,180,5,30,44,602,5.666.84,60000
unit_F5_m25_C180_a30_45.txt,unit,25,180,5,30,45,496,4.385.64,60000
unit_F5_m25_C180_a30_46.txt,unit,25,180,5,30,46,534,3.811.15,60000
unit_F5_m25_C180_a30_47.txt,unit,25,180,5,30,47,622,3.291.67,60000
unit_F5_m25_C180_a30_48.txt,unit,25,180,5,30,48,582,4.181.55,60000
unit_F5_m25_C180_a30_49.txt,unit,25,180,5,30,49,710,1.501.90,60000
unit_F10_m25_C180_a3_0.txt,unit,25,180,10,3,0,94,1.845.79,32
unit_F10_m25_C180_a3_1.txt,unit,25,180,10,3,1,202,7.399.29,30
unit_F10_m25_C180_a3_2.txt,unit,25,180,10,3,2,222,4.996.12,36
unit_F10_m25_C180_a3_3.txt,unit,25,180,10,3,3,386,1.426.82,348
unit_F10_m25_C180_a3_4.txt,unit,25,180,10,3,4,78,5.586.37,120
unit_F10_m25_C180_a3_5.txt,unit,25,180,10,3,5,104,16.165.50,130
unit_F10_m25_C180_a3_6.txt,unit,25,180,10,3,6,112,11.906.30,214
unit_F10_m25_C180_a3_7.txt,unit,25,180,10,3,7,68,1.760.62,73
unit_F10_m25_C180_a3_8.txt,unit,25,180,10,3,8,74,2.020.33,54
unit_F10_m25_C180_a3_9.txt,unit,25,180,10,3,9,232,20.485.70,86
unit_F10_m25_C180_a3_10.txt,unit,25,180,10,3,10,136,3.692.21,70
unit_F10_m25_C180_a3_11.txt,unit,25,180,10,3,11,232,7.642.20,263
unit_F10_m25_C180_a3_12.txt,unit,25,180,10,3,12,340,10.818.70,419
unit_F10_m25_C180_a3_13.txt,unit,25,180,10,3,13,94,1.024.47,40
unit_F10_m25_C180_a3_14.txt,unit,25,180,10,3,14,50,1.880.75,40
unit_F10_m25_C180_a3_15.txt,unit,25,180,10,3,15,70,3.684.67,27
unit_F10_m25_C180_a3_16.txt,unit,25,180,10,3,16,114,1.399.44,20
unit_F10_m25_C180_a3_17.txt,unit,25,180,10,3,17,224,3.752.28,10
unit_F10_m25_C180_a3_18.txt,unit,25,180,10,3,18,92,10.645.60,59
unit_F10_m25_C180_a3_19.txt,unit,25,180,10,3,19,254,10.090.20,42
unit_F10_m25_C180_a3_20.txt,unit,25,180,10,3,20,38,2.094.85,72
unit_F10_m25_C180_a3_21.txt,unit,25,180,10,3,21,204,5.738.39,12
unit_F10_m25_C180_a3_22.txt,unit,25,180,10,3,22,84,3.518.48,61
unit_F10_m25_C180_a3_23.txt,unit,25,180,10,3,23,84,1.445.43,37
unit_F10_m25_C180_a3_24.txt,unit,25,180,10,3,24,122,790.654,32
unit_F10_m25_C180_a3_25.txt,unit,25,180,10,3,25,44,1.449.95,28
unit_F10_m25_C180_a3_26.txt,unit,25,180,10,3,26,176,10.135.90,122
unit_F10_m25_C180_a3_27.txt,unit,25,180,10,3,27,76,2.858.18,15
unit_F10_m25_C180_a3_28.txt,unit,25,180,10,3,28,218,19.160.20,104
unit_F10_m25_C180_a3_29.txt,unit,25,180,10,3,29,42,1.306.65,26
unit_F10_m25_C180_a3_30.txt,unit,25,180,10,3,30,114,1.827.29,47
unit_F10_m25_C180_a3_31.txt,unit,25,180,10,3,31,102,12.075.10,89
unit_F10_m25_C180_a3_32.txt,unit,25,180,10,3,32,126,5.947.52,93
unit_F10_m25_C180_a3_33.txt,unit,25,180,10,3,33,126,4.538.85,36
unit_F10_m25_C180_a3_34.txt,unit,25,180,10,3,34,276,9.141.01,672
unit_F10_m25_C180_a3_35.txt,unit,25,180,10,3,35,36,1.108.28,25
unit_F10_m25_C180_a3_36.txt,unit,25,180,10,3,36,92,3.138.94,22
unit_F10_m25_C180_a3_37.txt,unit,25,180,10,3,37,80,9.695.45,141
unit_F10_m25_C180_a3_38.txt,unit,25,180,10,3,38,40,1.849.73,27
unit_F10_m25_C180_a3_39.txt,unit,25,180,10,3,39,120,10.500.80,203
unit_F10_m25_C180_a3_40.txt,unit,25,180,10,3,40,50,1.879.21,36
unit_F10_m25_C180_a3_41.txt,unit,25,180,10,3,41,52,2.383,80
unit_F10_m25_C180_a3_42.txt,unit,25,180,10,3,42,158,22.933.30,287
unit_F10_m25_C180_a3_43.txt,unit,25,180,10,3,43,176,8.725.30,43
unit_F10_m25_C180_a3_44.txt,unit,25,180,10,3,44,76,4.536.52,46
unit_F10_m25_C180_a3_45.txt,unit,25,180,10,3,45,70,10.253.90,100
unit_F10_m25_C180_a3_46.txt,unit,25,180,10,3,46,280,3.170.13,11
unit_F10_m25_C180_a3_47.txt,unit,25,180,10,3,47,56,1.642.88,22
unit_F10_m25_C180_a3_48.txt,unit,25,180,10,3,48,72,5.909.84,85
unit_F10_m25_C180_a3_49.txt,unit,25,180,10,3,49,90,11.817.50,78
unit_F10_m25_C180_a7_0.txt,unit,25,180,10,7,0,114,3.101,6094
unit_F10_m25_C180_a7_1.txt,unit,25,180,10,7,1,268,14.735.20,60000
unit_F10_m25_C180_a7_2.txt,unit,25,180,10,7,2,222,2.607.79,7337
unit_F10_m25_C180_a7_3.txt,unit,25,180,10,7,3,394,3.010.79,60000
unit_F10_m25_C180_a7_4.txt,unit,25,180,10,7,4,200,15.845.60,31845
unit_F10_m25_C180_a7_5.txt,unit,25,180,10,7,5,254,16.797,60000
unit_F10_m25_C180_a7_6.txt,unit,25,180,10,7,6,152,16.965.40,41312
unit_F10_m25_C180_a7_7.txt,unit,25,180,10,7,7,232,2.642.50,7050
unit_F10_m25_C180_a7_8.txt,unit,25,180,10,7,8,282,4.286.62,12667
unit_F10_m25_C180_a7_9.txt,unit,25,180,10,7,9,254,14.788.30,60000
unit_F10_m25_C180_a7_10.txt,unit,25,180,10,7,10,248,5.053.48,47244
unit_F10_m25_C180_a7_11.txt,unit,25,180,10,7,11,232,15.937.50,60000
unit_F10_m25_C180_a7_12.txt,unit,25,180,10,7,12,340,25.412.20,60000
unit_F10_m25_C180_a7_13.txt,unit,25,180,10,7,13,254,10.400.60,27601
unit_F10_m25_C180_a7_14.txt,unit,25,180,10,7,14,198,11.638.50,44372
unit_F10_m25_C180_a7_15.txt,unit,25,180,10,7,15,424,2.512.92,30719
unit_F10_m25_C180_a7_16.txt,unit,25,180,10,7,16,204,19.814.60,30783
unit_F10_m25_C180_a7_17.txt,unit,25,180,10,7,17,278,6.190.23,8981
unit_F10_m25_C180_a7_18.txt,unit,25,180,10,7,18,260,9.380.89,60000
unit_F10_m25_C180_a7_19.txt,unit,25,180,10,7,19,272,16.348.60,60000
unit_F10_m25_C180_a7_20.txt,unit,25,180,10,7,20,86,10.229.50,29651
unit_F10_m25_C180_a7_21.txt,unit,25,180,10,7,21,348,5.105.80,490
unit_F10_m25_C180_a7_22.txt,unit,25,180,10,7,22,158,8.849.72,29879
unit_F10_m25_C180_a7_23.txt,unit,25,180,10,7,23,104,10.202.90,7915
unit_F10_m25_C180_a7_24.txt,unit,25,180,10,7,24,164,9.971.38,20611
unit_F10_m25_C180_a7_25.txt,unit,25,180,10,7,25,186,13.588.70,7123
unit_F10_m25_C180_a7_26.txt,unit,25,180,10,7,26,208,11.815.50,60000
unit_F10_m25_C180_a7_27.txt,unit,25,180,10,7,27,190,20.039.10,9034
unit_F10_m25_C180_a7_28.txt,unit,25,180,10,7,28,268,21.005.70,60000
unit_F10_m25_C180_a7_29.txt,unit,25,180,10,7,29,272,12.847.90,4182
unit_F10_m25_C180_a7_30.txt,unit,25,180,10,7,30,238,9.515.99,53108
unit_F10_m25_C180_a7_31.txt,unit,25,180,10,7,31,166,35.800.50,60000
unit_F10_m25_C180_a7_32.txt,unit,25,180,10,7,32,232,15.624.40,43845
unit_F10_m25_C180_a7_33.txt,unit,25,180,10,7,33,152,14.519.40,19564
unit_F10_m25_C180_a7_34.txt,unit,25,180,10,7,34,296,23.254.60,56199
unit_F10_m25_C180_a7_35.txt,unit,25,180,10,7,35,206,20.146.40,13843
unit_F10_m25_C180_a7_36.txt,unit,25,180,10,7,36,142,10.109.10,7618
unit_F10_m25_C180_a7_37.txt,unit,25,180,10,7,37,284,6.393.34,20231
unit_F10_m25_C180_a7_38.txt,unit,25,180,10,7,38,120,19.651.50,4346
unit_F10_m25_C180_a7_39.txt,unit,25,180,10,7,39,150,24.894.90,56851
unit_F10_m25_C180_a7_40.txt,unit,25,180,10,7,40,206,14.797,11252
unit_F10_m25_C180_a7_41.txt,unit,25,180,10,7,41,200,18.861.30,55966
unit_F10_m25_C180_a7_42.txt,unit,25,180,10,7,42,230,18.589.50,60000
unit_F10_m25_C180_a7_43.txt,unit,25,180,10,7,43,232,14.112.90,40663
unit_F10_m25_C180_a7_44.txt,unit,25,180,10,7,44,160,15.199.50,27314
unit_F10_m25_C180_a7_45.txt,unit,25,180,10,7,45,318,3.202.90,60000
unit_F10_m25_C180_a7_46.txt,unit,25,180,10,7,46,280,5.882.76,60000
unit_F10_m25_C180_a7_47.txt,unit,25,180,10,7,47,210,44.131.10,60000
unit_F10_m25_C180_a7_48.txt,unit,25,180,10,7,48,128,44.291.80,60000
unit_F10_m25_C180_a7_49.txt,unit,25,180,10,7,49,234,12.276.10,44565
unit_F10_m25_C180_a15_0.txt,unit,25,180,10,15,0,260,19.721.90,60000
unit_F10_m25_C180_a15_1.txt,unit,25,180,10,15,1,368,8.428.59,60000
unit_F10_m25_C180_a15_2.txt,unit,25,180,10,15,2,260,12.364.90,60000
unit_F10_m25_C180_a15_3.txt,unit,25,180,10,15,3,402,7.650.57,60000
unit_F10_m25_C180_a15_4.txt,unit,25,180,10,15,4,464,5.795.52,60000
unit_F10_m25_C180_a15_5.txt,unit,25,180,10,15,5,362,9.702.61,60000
unit_F10_m25_C180_a15_6.txt,unit,25,180,10,15,6,216,20.442.40,60000
unit_F10_m25_C180_a15_7.txt,unit,25,180,10,15,7,238,9.661.12,60000
unit_F10_m25_C180_a15_8.txt,unit,25,180,10,15,8,326,10.608.30,60000
unit_F10_m25_C180_a15_9.txt,unit,25,180,10,15,9,304,13.100.50,60000
unit_F10_m25_C180_a15_10.txt,unit,25,180,10,15,10,282,8.258.95,60000
unit_F10_m25_C180_a15_11.txt,unit,25,180,10,15,11,254,18.692.90,60000
unit_F10_m25_C180_a15_12.txt,unit,25,180,10,15,12,370,20.733.30,60000
unit_F10_m25_C180_a15_13.txt,unit,25,180,10,15,13,254,18.519.20,60000
unit_F10_m25_C180_a15_14.txt,unit,25,180,10,15,14,234,12.574,60000
unit_F10_m25_C180_a15_15.txt,unit,25,180,10,15,15,474,5.903.23,60000
unit_F10_m25_C180_a15_16.txt,unit,25,180,10,15,16,284,35.216.90,60000
unit_F10_m25_C180_a15_17.txt,unit,25,180,10,15,17,388,5.768.57,60000
unit_F10_m25_C180_a15_18.txt,unit,25,180,10,15,18,304,8.275.05,60000
unit_F10_m25_C180_a15_19.txt,unit,25,180,10,15,19,308,40.035.60,60000
unit_F10_m25_C180_a15_20.txt,unit,25,180,10,15,20,238,12.898.70,60000
unit_F10_m25_C180_a15_21.txt,unit,25,180,10,15,21,466,13.265.50,60000
unit_F10_m25_C180_a15_22.txt,unit,25,180,10,15,22,220,26.842.50,60000
unit_F10_m25_C180_a15_23.txt,unit,25,180,10,15,23,220,229.241,60000
unit_F10_m25_C180_a15_24.txt,unit,25,180,10,15,24,284,25.815.20,60000
unit_F10_m25_C180_a15_25.txt,unit,25,180,10,15,25,256,14.377.20,60000
unit_F10_m25_C180_a15_26.txt,unit,25,180,10,15,26,412,48.659.80,60000
unit_F10_m25_C180_a15_27.txt,unit,25,180,10,15,27,400,6.287.90,60000
unit_F10_m25_C180_a15_28.txt,unit,25,180,10,15,28,278,47.920.60,60000
unit_F10_m25_C180_a15_29.txt,unit,25,180,10,15,29,306,39.106,60000
unit_F10_m25_C180_a15_30.txt,unit,25,180,10,15,30,344,18.962,60000
unit_F10_m25_C180_a15_31.txt,unit,25,180,10,15,31,270,123.239,60000
unit_F10_m25_C180_a15_32.txt,unit,25,180,10,15,32,428,11.941.40,60000
unit_F10_m25_C180_a15_33.txt,unit,25,180,10,15,33,218,16.504.50,60000
unit_F10_m25_C180_a15_34.txt,unit,25,180,10,15,34,300,16.104.50,60000
unit_F10_m25_C180_a15_35.txt,unit,25,180,10,15,35,250,26.252,60000
unit_F10_m25_C180_a15_36.txt,unit,25,180,10,15,36,300,14.337.90,60000
unit_F10_m25_C180_a15_37.txt,unit,25,180,10,15,37,376,6.149.03,60000
unit_F10_m25_C180_a15_38.txt,unit,25,180,10,15,38,348,16.286,60000
unit_F10_m25_C180_a15_39.txt,unit,25,180,10,15,39,498,5.856.34,60000
unit_F10_m25_C180_a15_40.txt,unit,25,180,10,15,40,336,15.736.70,60000
unit_F10_m25_C180_a15_41.txt,unit,25,180,10,15,41,268,48.268.70,60000
unit_F10_m25_C180_a15_42.txt,unit,25,180,10,15,42,262,30.106,60000
unit_F10_m25_C180_a15_43.txt,unit,25,180,10,15,43,268,33.436.80,60000
unit_F10_m25_C180_a15_44.txt,unit,25,180,10,15,44,276,22.048.20,60000
unit_F10_m25_C180_a15_45.txt,unit,25,180,10,15,45,340,7.947.55,60000
unit_F10_m25_C180_a15_46.txt,unit,25,180,10,15,46,294,26.098.20,60000
unit_F10_m25_C180_a15_47.txt,unit,25,180,10,15,47,288,68.517.10,60000
unit_F10_m25_C180_a15_48.txt,unit,25,180,10,15,48,262,10.127.50,60000
unit_F10_m25_C180_a15_49.txt,unit,25,180,10,15,49,302,17.738,60000
unit_F10_m25_C180_a30_0.txt,unit,25,180,10,30,0,432,84.819.60,60000
unit_F10_m25_C180_a30_1.txt,unit,25,180,10,30,1,460,23.453.20,60000
unit_F10_m25_C180_a30_2.txt,unit,25,180,10,30,2,360,10.130.30,60000
unit_F10_m25_C180_a30_3.txt,unit,25,180,10,30,3,402,7.919.18,60000
unit_F10_m25_C180_a30_4.txt,unit,25,180,10,30,4,520,9.660.28,60000
unit_F10_m25_C180_a30_5.txt,unit,25,180,10,30,5,444,39.976.50,60000
unit_F10_m25_C180_a30_6.txt,unit,25,180,10,30,6,372,172.982,60000
unit_F10_m25_C180_a30_7.txt,unit,25,180,10,30,7,384,8.968.39,60000
unit_F10_m25_C180_a30_8.txt,unit,25,180,10,30,8,376,13.564.40,60000
unit_F10_m25_C180_a30_9.txt,unit,25,180,10,30,9,336,46.487.30,60000
unit_F10_m25_C180_a30_10.txt,unit,25,180,10,30,10,472,29.280.50,60000
unit_F10_m25_C180_a30_11.txt,unit,25,180,10,30,11,284,12.524.50,60000
unit_F10_m25_C180_a30_12.txt,unit,25,180,10,30,12,426,33.626.40,60000
unit_F10_m25_C180_a30_13.txt,unit,25,180,10,30,13,436,16.185.90,60000
unit_F10_m25_C180_a30_14.txt,unit,25,180,10,30,14,388,48.169.10,60000
unit_F10_m25_C180_a30_15.txt,unit,25,180,10,30,15,484,7.513.85,60000
unit_F10_m25_C180_a30_16.txt,unit,25,180,10,30,16,354,426.655,60000
unit_F10_m25_C180_a30_17.txt,unit,25,180,10,30,17,456,7.807.22,60000
unit_F10_m25_C180_a30_18.txt,unit,25,180,10,30,18,434,12.433.90,60000
unit_F10_m25_C180_a30_19.txt,unit,25,180,10,30,19,362,85.647.20,60000
unit_F10_m25_C180_a30_20.txt,unit,25,180,10,30,20,496,15.014.40,60000
unit_F10_m25_C180_a30_21.txt,unit,25,180,10,30,21,602,20.476.90,60000
unit_F10_m25_C180_a30_22.txt,unit,25,180,10,30,22,354,10.942.50,60000
unit_F10_m25_C180_a30_23.txt,unit,25,180,10,30,23,258,35.254.20,60000
unit_F10_m25_C180_a30_24.txt,unit,25,180,10,30,24,364,26.944.10,60000
unit_F10_m25_C180_a30_25.txt,unit,25,180,10,30,25,444,9.571.16,60000
unit_F10_m25_C180_a30_26.txt,unit,25,180,10,30,26,502,29.217.80,60000
unit_F10_m25_C180_a30_27.txt,unit,25,180,10,30,27,474,10.236,60000
unit_F10_m25_C180_a30_28.txt,unit,25,180,10,30,28,336,22.390.70,60000
unit_F10_m25_C180_a30_29.txt,unit,25,180,10,30,29,420,31.932.20,60000
unit_F10_m25_C180_a30_30.txt,unit,25,180,10,30,30,504,21.818.10,60000
unit_F10_m25_C180_a30_31.txt,unit,25,180,10,30,31,298,285.824,60000
unit_F10_m25_C180_a30_32.txt,unit,25,180,10,30,32,444,17.712.30,60000
unit_F10_m25_C180_a30_33.txt,unit,25,180,10,30,33,310,66.386.40,60000
unit_F10_m25_C180_a30_34.txt,unit,25,180,10,30,34,378,33.155.90,60000
unit_F10_m25_C180_a30_35.txt,unit,25,180,10,30,35,446,60.870,60000
unit_F10_m25_C180_a30_36.txt,unit,25,180,10,30,36,428,8.588.52,60000
unit_F10_m25_C180_a30_37.txt,unit,25,180,10,30,37,436,9.308.39,60000
unit_F10_m25_C180_a30_38.txt,unit,25,180,10,30,38,392,22.107.50,60000
unit_F10_m25_C180_a30_39.txt,unit,25,180,10,30,39,524,8.911.03,60000
unit_F10_m25_C180_a30_40.txt,unit,25,180,10,30,40,464,17.537.40,60000
unit_F10_m25_C180_a30_41.txt,unit,25,180,10,30,41,412,16.894,60000
unit_F10_m25_C180_a30_42.txt,unit,25,180,10,30,42,306,25.988.20,60000
unit_F10_m25_C180_a30_43.txt,unit,25,180,10,30,43,418,49.609.50,60000
unit_F10_m25_C180_a30_44.txt,unit,25,180,10,30,44,350,41.430.20,60000
unit_F10_m25_C180_a30_45.txt,unit,25,180,10,30,45,428,11.805.20,60000
unit_F10_m25_C180_a30_46.txt,unit,25,180,10,30,46,364,21.457.80,60000
unit_F10_m25_C180_a30_47.txt,unit,25,180,10,30,47,416,18.464.80,60000
unit_F10_m25_C180_a30_48.txt,unit,25,180,10,30,48,378,30.416.70,60000
unit_F10_m25_C180_a30_49.txt,unit,25,180,10,30,49,504,45.463.60,60000
unit_F2_m50_C30_a3_0.txt,unit,50,30,2,3,0,84,71.6622,4
unit_F2_m50_C30_a3_1.txt,unit,50,30,2,3,1,288,45.8216,3
unit_F2_m50_C30_a3_2.txt,unit,50,30,2,3,2,146,86.9246,4
unit_F2_m50_C30_a3_3.txt,unit,50,30,2,3,3,148,63.8038,4
unit_F2_m50_C30_a3_4.txt,unit,50,30,2,3,4,192,15.7569,2
unit_F2_m50_C30_a3_5.txt,unit,50,30,2,3,5,184,50.5923,4
unit_F2_m50_C30_a3_6.txt,unit,50,30,2,3,6,166,34.7614,2
unit_F2_m50_C30_a3_7.txt,unit,50,30,2,3,7,208,61.535,10
unit_F2_m50_C30_a3_8.txt,unit,50,30,2,3,8,206,56.4234,7
unit_F2_m50_C30_a3_9.txt,unit,50,30,2,3,9,118,52.3341,4
unit_F2_m50_C30_a3_10.txt,unit,50,30,2,3,10,112,116.133,7
unit_F2_m50_C30_a3_11.txt,unit,50,30,2,3,11,118,55.8085,5
unit_F2_m50_C30_a3_12.txt,unit,50,30,2,3,12,186,77.8906,4
unit_F2_m50_C30_a3_13.txt,unit,50,30,2,3,13,86,75.9096,5
unit_F2_m50_C30_a3_14.txt,unit,50,30,2,3,14,238,79.592,5
unit_F2_m50_C30_a3_15.txt,unit,50,30,2,3,15,126,46.1536,4
unit_F2_m50_C30_a3_16.txt,unit,50,30,2,3,16,218,19.4262,2
unit_F2_m50_C30_a3_17.txt,unit,50,30,2,3,17,228,45.7905,5
unit_F2_m50_C30_a3_18.txt,unit,50,30,2,3,18,266,36.9057,5
unit_F2_m50_C30_a3_19.txt,unit,50,30,2,3,19,144,63.139,4
unit_F2_m50_C30_a3_20.txt,unit,50,30,2,3,20,134,55.8802,5
unit_F2_m50_C30_a3_21.txt,unit,50,30,2,3,21,222,63.6099,10
unit_F2_m50_C30_a3_22.txt,unit,50,30,2,3,22,186,80.7021,8
unit_F2_m50_C30_a3_23.txt,unit,50,30,2,3,23,216,106.317,8
unit_F2_m50_C30_a3_24.txt,unit,50,30,2,3,24,188,44.4877,9
unit_F2_m50_C30_a3_25.txt,unit,50,30,2,3,25,112,344.315,11
unit_F2_m50_C30_a3_26.txt,unit,50,30,2,3,26,126,107.269,5
unit_F2_m50_C30_a3_27.txt,unit,50,30,2,3,27,114,108.639,6
unit_F2_m50_C30_a3_28.txt,unit,50,30,2,3,28,274,39.4535,5
unit_F2_m50_C30_a3_29.txt,unit,50,30,2,3,29,100,47.307,4
unit_F2_m50_C30_a3_30.txt,unit,50,30,2,3,30,148,59.3009,3
unit_F2_m50_C30_a3_31.txt,unit,50,30,2,3,31,156,35.3272,2
unit_F2_m50_C30_a3_32.txt,unit,50,30,2,3,32,100,53.1897,5
unit_F2_m50_C30_a3_33.txt,unit,50,30,2,3,33,162,101.283,4
unit_F2_m50_C30_a3_34.txt,unit,50,30,2,3,34,96,72.6425,4
unit_F2_m50_C30_a3_35.txt,unit,50,30,2,3,35,90,300.686,9
unit_F2_m50_C30_a3_36.txt,unit,50,30,2,3,36,250,50.0318,3
unit_F2_m50_C30_a3_37.txt,unit,50,30,2,3,37,106,66.2178,5
unit_F2_m50_C30_a3_38.txt,unit,50,30,2,3,38,172,37.3721,5
unit_F2_m50_C30_a3_39.txt,unit,50,30,2,3,39,134,75.1377,4
unit_F2_m50_C30_a3_40.txt,unit,50,30,2,3,40,84,19.6033,3
unit_F2_m50_C30_a3_41.txt,unit,50,30,2,3,41,118,42.824,3
unit_F2_m50_C30_a3_42.txt,unit,50,30,2,3,42,258,24.5108,3
unit_F2_m50_C30_a3_43.txt,unit,50,30,2,3,43,124,85.3813,5
unit_F2_m50_C30_a3_44.txt,unit,50,30,2,3,44,92,75.496,4
unit_F2_m50_C30_a3_45.txt,unit,50,30,2,3,45,126,208.208,4
unit_F2_m50_C30_a3_46.txt,unit,50,30,2,3,46,200,22.6163,2
unit_F2_m50_C30_a3_47.txt,unit,50,30,2,3,47,72,174.398,8
unit_F2_m50_C30_a3_48.txt,unit,50,30,2,3,48,112,222.657,8
unit_F2_m50_C30_a3_49.txt,unit,50,30,2,3,49,196,84.4642,4
unit_F2_m50_C30_a7_0.txt,unit,50,30,2,7,0,192,87.668,78
unit_F2_m50_C30_a7_1.txt,unit,50,30,2,7,1,304,79.5737,30
unit_F2_m50_C30_a7_2.txt,unit,50,30,2,7,2,296,228.804,118
unit_F2_m50_C30_a7_3.txt,unit,50,30,2,7,3,182,77.2835,23
unit_F2_m50_C30_a7_4.txt,unit,50,30,2,7,4,214,173.829,147
unit_F2_m50_C30_a7_5.txt,unit,50,30,2,7,5,216,135.527,66
unit_F2_m50_C30_a7_6.txt,unit,50,30,2,7,6,332,113.006,44
unit_F2_m50_C30_a7_7.txt,unit,50,30,2,7,7,290,119.074,225
unit_F2_m50_C30_a7_8.txt,unit,50,30,2,7,8,306,80.5291,45
unit_F2_m50_C30_a7_9.txt,unit,50,30,2,7,9,134,115.632,29
unit_F2_m50_C30_a7_10.txt,unit,50,30,2,7,10,154,415.192,203
unit_F2_m50_C30_a7_11.txt,unit,50,30,2,7,11,288,118.024,133
unit_F2_m50_C30_a7_12.txt,unit,50,30,2,7,12,214,131.208,63
unit_F2_m50_C30_a7_13.txt,unit,50,30,2,7,13,150,141.325,97
unit_F2_m50_C30_a7_14.txt,unit,50,30,2,7,14,276,92.8233,7
unit_F2_m50_C30_a7_15.txt,unit,50,30,2,7,15,146,126.041,74
unit_F2_m50_C30_a7_16.txt,unit,50,30,2,7,16,254,62.6422,15
unit_F2_m50_C30_a7_17.txt,unit,50,30,2,7,17,242,110.041,60
unit_F2_m50_C30_a7_18.txt,unit,50,30,2,7,18,284,68.5333,29
unit_F2_m50_C30_a7_19.txt,unit,50,30,2,7,19,344,109.166,63
unit_F2_m50_C30_a7_20.txt,unit,50,30,2,7,20,160,111.703,36
unit_F2_m50_C30_a7_21.txt,unit,50,30,2,7,21,276,109.076,75
unit_F2_m50_C30_a7_22.txt,unit,50,30,2,7,22,246,122.425,49
unit_F2_m50_C30_a7_23.txt,unit,50,30,2,7,23,252,116.628,118
unit_F2_m50_C30_a7_24.txt,unit,50,30,2,7,24,252,88.9819,55
unit_F2_m50_C30_a7_25.txt,unit,50,30,2,7,25,152,158.767,82
unit_F2_m50_C30_a7_26.txt,unit,50,30,2,7,26,246,137.172,122
unit_F2_m50_C30_a7_27.txt,unit,50,30,2,7,27,184,201.304,87
unit_F2_m50_C30_a7_28.txt,unit,50,30,2,7,28,316,86.6726,45
unit_F2_m50_C30_a7_29.txt,unit,50,30,2,7,29,246,121.276,94
unit_F2_m50_C30_a7_30.txt,unit,50,30,2,7,30,286,116.054,96
unit_F2_m50_C30_a7_31.txt,unit,50,30,2,7,31,202,145.167,10
unit_F2_m50_C30_a7_32.txt,unit,50,30,2,7,32,230,78.4001,24
unit_F2_m50_C30_a7_33.txt,unit,50,30,2,7,33,256,98.8883,27
unit_F2_m50_C30_a7_34.txt,unit,50,30,2,7,34,236,179.399,84
unit_F2_m50_C30_a7_35.txt,unit,50,30,2,7,35,182,178.385,62
unit_F2_m50_C30_a7_36.txt,unit,50,30,2,7,36,270,127.563,21
unit_F2_m50_C30_a7_37.txt,unit,50,30,2,7,37,166,131.43,26
unit_F2_m50_C30_a7_38.txt,unit,50,30,2,7,38,212,218.745,141
unit_F2_m50_C30_a7_39.txt,unit,50,30,2,7,39,278,105.369,61
unit_F2_m50_C30_a7_40.txt,unit,50,30,2,7,40,172,213.303,112
unit_F2_m50_C30_a7_41.txt,unit,50,30,2,7,41,282,190.554,90
unit_F2_m50_C30_a7_42.txt,unit,50,30,2,7,42,300,68.9983,7
unit_F2_m50_C30_a7_43.txt,unit,50,30,2,7,43,150,123.782,38
unit_F2_m50_C30_a7_44.txt,unit,50,30,2,7,44,214,77.8283,11
unit_F2_m50_C30_a7_45.txt,unit,50,30,2,7,45,296,216.51,37
unit_F2_m50_C30_a7_46.txt,unit,50,30,2,7,46,326,103.316,85
unit_F2_m50_C30_a7_47.txt,unit,50,30,2,7,47,320,133.238,179
unit_F2_m50_C30_a7_48.txt,unit,50,30,2,7,48,160,143.14,120
unit_F2_m50_C30_a7_49.txt,unit,50,30,2,7,49,324,101.963,45
unit_F2_m50_C30_a15_0.txt,unit,50,30,2,15,0,250,208.968,1039
unit_F2_m50_C30_a15_1.txt,unit,50,30,2,15,1,386,118.205,132
unit_F2_m50_C30_a15_2.txt,unit,50,30,2,15,2,378,209.438,889
unit_F2_m50_C30_a15_3.txt,unit,50,30,2,15,3,236,271.59,317
unit_F2_m50_C30_a15_4.txt,unit,50,30,2,15,4,324,289.216,2586
unit_F2_m50_C30_a15_5.txt,unit,50,30,2,15,5,270,655.177,921
unit_F2_m50_C30_a15_6.txt,unit,50,30,2,15,6,372,231.498,744
unit_F2_m50_C30_a15_7.txt,unit,50,30,2,15,7,370,293.516,3789
unit_F2_m50_C30_a15_8.txt,unit,50,30,2,15,8,348,217.955,716
unit_F2_m50_C30_a15_9.txt,unit,50,30,2,15,9,286,555.701,4786
unit_F2_m50_C30_a15_10.txt,unit,50,30,2,15,10,328,277.707,1586
unit_F2_m50_C30_a15_11.txt,unit,50,30,2,15,11,324,319.152,2432
unit_F2_m50_C30_a15_12.txt,unit,50,30,2,15,12,286,226.392,1139
unit_F2_m50_C30_a15_13.txt,unit,50,30,2,15,13,238,565.502,1215
unit_F2_m50_C30_a15_14.txt,unit,50,30,2,15,14,320,239.637,627
unit_F2_m50_C30_a15_15.txt,unit,50,30,2,15,15,266,326.095,4646
unit_F2_m50_C30_a15_16.txt,unit,50,30,2,15,16,318,165.388,126
unit_F2_m50_C30_a15_17.txt,unit,50,30,2,15,17,320,303.218,1170
unit_F2_m50_C30_a15_18.txt,unit,50,30,2,15,18,356,174.694,378
unit_F2_m50_C30_a15_19.txt,unit,50,30,2,15,19,370,221.125,696
unit_F2_m50_C30_a15_20.txt,unit,50,30,2,15,20,220,198.7,411
unit_F2_m50_C30_a15_21.txt,unit,50,30,2,15,21,348,202.046,1380
unit_F2_m50_C30_a15_22.txt,unit,50,30,2,15,22,374,311.244,1893
unit_F2_m50_C30_a15_23.txt,unit,50,30,2,15,23,296,790.2,8422
unit_F2_m50_C30_a15_24.txt,unit,50,30,2,15,24,300,246.552,689
unit_F2_m50_C30_a15_25.txt,unit,50,30,2,15,25,328,241.598,1448
unit_F2_m50_C30_a15_26.txt,unit,50,30,2,15,26,370,245.398,2543
unit_F2_m50_C30_a15_27.txt,unit,50,30,2,15,27,228,996.173,7416
unit_F2_m50_C30_a15_28.txt,unit,50,30,2,15,28,350,312.716,2681
unit_F2_m50_C30_a15_29.txt,unit,50,30,2,15,29,292,202.36,589
unit_F2_m50_C30_a15_30.txt,unit,50,30,2,15,30,346,214.918,762
unit_F2_m50_C30_a15_31.txt,unit,50,30,2,15,31,344,210.026,171
unit_F2_m50_C30_a15_32.txt,unit,50,30,2,15,32,302,195.771,1265
unit_F2_m50_C30_a15_33.txt,unit,50,30,2,15,33,296,282.575,355
unit_F2_m50_C30_a15_34.txt,unit,50,30,2,15,34,290,237.626,1693
unit_F2_m50_C30_a15_35.txt,unit,50,30,2,15,35,352,489.944,1051
unit_F2_m50_C30_a15_36.txt,unit,50,30,2,15,36,364,133.764,128
unit_F2_m50_C30_a15_37.txt,unit,50,30,2,15,37,300,518.819,725
unit_F2_m50_C30_a15_38.txt,unit,50,30,2,15,38,356,203.427,673
unit_F2_m50_C30_a15_39.txt,unit,50,30,2,15,39,318,154.296,309
unit_F2_m50_C30_a15_40.txt,unit,50,30,2,15,40,352,312.438,1148
unit_F2_m50_C30_a15_41.txt,unit,50,30,2,15,41,304,197.407,503
unit_F2_m50_C30_a15_42.txt,unit,50,30,2,15,42,332,117.091,189
unit_F2_m50_C30_a15_43.txt,unit,50,30,2,15,43,268,267.744,1188
unit_F2_m50_C30_a15_44.txt,unit,50,30,2,15,44,294,121.932,67
unit_F2_m50_C30_a15_45.txt,unit,50,30,2,15,45,332,412.557,1166
unit_F2_m50_C30_a15_46.txt,unit,50,30,2,15,46,360,228.048,1168
unit_F2_m50_C30_a15_47.txt,unit,50,30,2,15,47,380,696.982,2866
unit_F2_m50_C30_a15_48.txt,unit,50,30,2,15,48,312,300.123,3894
unit_F2_m50_C30_a15_49.txt,unit,50,30,2,15,49,338,210.01,1690
unit_F2_m50_C30_a30_0.txt,unit,50,30,2,30,0,442,777.052,24107
unit_F2_m50_C30_a30_1.txt,unit,50,30,2,30,1,444,555.218,6285
unit_F2_m50_C30_a30_2.txt,unit,50,30,2,30,2,464,406.241,14509
unit_F2_m50_C30_a30_3.txt,unit,50,30,2,30,3,436,395.99,7389
unit_F2_m50_C30_a30_4.txt,unit,50,30,2,30,4,432,509.25,33361
unit_F2_m50_C30_a30_5.txt,unit,50,30,2,30,5,452,304.96,4622
unit_F2_m50_C30_a30_6.txt,unit,50,30,2,30,6,472,510.861,17371
unit_F2_m50_C30_a30_7.txt,unit,50,30,2,30,7,448,460.44,18204
unit_F2_m50_C30_a30_8.txt,unit,50,30,2,30,8,440,353.713,12434
unit_F2_m50_C30_a30_9.txt,unit,50,30,2,30,9,360,914.111,23358
unit_F2_m50_C30_a30_10.txt,unit,50,30,2,30,10,420,541.168,25495
unit_F2_m50_C30_a30_11.txt,unit,50,30,2,30,11,476,470.923,23514
unit_F2_m50_C30_a30_12.txt,unit,50,30,2,30,12,470,347.297,7461
unit_F2_m50_C30_a30_13.txt,unit,50,30,2,30,13,446,1.943.25,56193
unit_F2_m50_C30_a30_14.txt,unit,50,30,2,30,14,466,648.422,23757
unit_F2_m50_C30_a30_15.txt,unit,50,30,2,30,15,374,971.046,35191
unit_F2_m50_C30_a30_16.txt,unit,50,30,2,30,16,446,627.479,9602
unit_F2_m50_C30_a30_17.txt,unit,50,30,2,30,17,468,561.395,10204
unit_F2_m50_C30_a30_18.txt,unit,50,30,2,30,18,454,973.191,9687
unit_F2_m50_C30_a30_19.txt,unit,50,30,2,30,19,444,553.524,7522
unit_F2_m50_C30_a30_20.txt,unit,50,30,2,30,20,476,1.186.50,20032
unit_F2_m50_C30_a30_21.txt,unit,50,30,2,30,21,440,461.298,12373
unit_F2_m50_C30_a30_22.txt,unit,50,30,2,30,22,480,995.175,11318
unit_F2_m50_C30_a30_23.txt,unit,50,30,2,30,23,360,1.786.44,28022
unit_F2_m50_C30_a30_24.txt,unit,50,30,2,30,24,394,773.665,9791
unit_F2_m50_C30_a30_25.txt,unit,50,30,2,30,25,426,565.725,30939
unit_F2_m50_C30_a30_26.txt,unit,50,30,2,30,26,432,501.271,46267
unit_F2_m50_C30_a30_27.txt,unit,50,30,2,30,27,334,1.327.61,17099
unit_F2_m50_C30_a30_28.txt,unit,50,30,2,30,28,428,1.514.32,47223
unit_F2_m50_C30_a30_29.txt,unit,50,30,2,30,29,432,326.6,2658
unit_F2_m50_C30_a30_30.txt,unit,50,30,2,30,30,454,396.703,8277
unit_F2_m50_C30_a30_31.txt,unit,50,30,2,30,31,464,422.581,3984
unit_F2_m50_C30_a30_32.txt,unit,50,30,2,30,32,414,367.447,13394
unit_F2_m50_C30_a30_33.txt,unit,50,30,2,30,33,432,799,11166
unit_F2_m50_C30_a30_34.txt,unit,50,30,2,30,34,470,700.364,18206
unit_F2_m50_C30_a30_35.txt,unit,50,30,2,30,35,402,870.587,42747
unit_F2_m50_C30_a30_36.txt,unit,50,30,2,30,36,478,652.532,10322
unit_F2_m50_C30_a30_37.txt,unit,50,30,2,30,37,406,532.948,9244
unit_F2_m50_C30_a30_38.txt,unit,50,30,2,30,38,426,747.572,22506
unit_F2_m50_C30_a30_39.txt,unit,50,30,2,30,39,466,763.697,4333
unit_F2_m50_C30_a30_40.txt,unit,50,30,2,30,40,428,697.157,20371
unit_F2_m50_C30_a30_41.txt,unit,50,30,2,30,41,402,376.284,13646
unit_F2_m50_C30_a30_42.txt,unit,50,30,2,30,42,456,831.419,11860
unit_F2_m50_C30_a30_43.txt,unit,50,30,2,30,43,434,508.517,21179
unit_F2_m50_C30_a30_44.txt,unit,50,30,2,30,44,394,350.747,6894
unit_F2_m50_C30_a30_45.txt,unit,50,30,2,30,45,436,450.587,8541
unit_F2_m50_C30_a30_46.txt,unit,50,30,2,30,46,420,484.82,18287
unit_F2_m50_C30_a30_47.txt,unit,50,30,2,30,47,458,511.606,17071
unit_F2_m50_C30_a30_48.txt,unit,50,30,2,30,48,434,508.625,37932
unit_F2_m50_C30_a30_49.txt,unit,50,30,2,30,49,462,614.607,27138
unit_F5_m50_C30_a3_0.txt,unit,50,30,5,3,0,82,204.504,8
unit_F5_m50_C30_a3_1.txt,unit,50,30,5,3,1,46,138.012,4
unit_F5_m50_C30_a3_2.txt,unit,50,30,5,3,2,58,431.09,28
unit_F5_m50_C30_a3_3.txt,unit,50,30,5,3,3,74,220.496,12
unit_F5_m50_C30_a3_4.txt,unit,50,30,5,3,4,52,621.321,15
unit_F5_m50_C30_a3_5.txt,unit,50,30,5,3,5,40,610.565,17
unit_F5_m50_C30_a3_6.txt,unit,50,30,5,3,6,128,140.923,3
unit_F5_m50_C30_a3_7.txt,unit,50,30,5,3,7,98,157.903,11
unit_F5_m50_C30_a3_8.txt,unit,50,30,5,3,8,36,206.003,10
unit_F5_m50_C30_a3_9.txt,unit,50,30,5,3,9,72,253.542,12
unit_F5_m50_C30_a3_10.txt,unit,50,30,5,3,10,52,1.177.35,15
unit_F5_m50_C30_a3_11.txt,unit,50,30,5,3,11,172,245.754,10
unit_F5_m50_C30_a3_12.txt,unit,50,30,5,3,12,88,904.912,8
unit_F5_m50_C30_a3_13.txt,unit,50,30,5,3,13,90,289.142,9
unit_F5_m50_C30_a3_14.txt,unit,50,30,5,3,14,42,676.749,31
unit_F5_m50_C30_a3_15.txt,unit,50,30,5,3,15,184,142.812,5
unit_F5_m50_C30_a3_16.txt,unit,50,30,5,3,16,68,1.715.92,40
unit_F5_m50_C30_a3_17.txt,unit,50,30,5,3,17,82,155.871,7
unit_F5_m50_C30_a3_18.txt,unit,50,30,5,3,18,46,1.304.78,17
unit_F5_m50_C30_a3_19.txt,unit,50,30,5,3,19,34,378.995,22
unit_F5_m50_C30_a3_20.txt,unit,50,30,5,3,20,44,1.286,22
unit_F5_m50_C30_a3_21.txt,unit,50,30,5,3,21,258,177.274,154
unit_F5_m50_C30_a3_22.txt,unit,50,30,5,3,22,52,2.410.43,29
unit_F5_m50_C30_a3_23.txt,unit,50,30,5,3,23,102,949.94,31
unit_F5_m50_C30_a3_24.txt,unit,50,30,5,3,24,94,444.161,26
unit_F5_m50_C30_a3_25.txt,unit,50,30,5,3,25,28,175.197,13
unit_F5_m50_C30_a3_26.txt,unit,50,30,5,3,26,100,145.897,6
unit_F5_m50_C30_a3_27.txt,unit,50,30,5,3,27,214,235.28,21
unit_F5_m50_C30_a3_28.txt,unit,50,30,5,3,28,82,1.606.10,11
unit_F5_m50_C30_a3_29.txt,unit,50,30,5,3,29,32,497.217,21
unit_F5_m50_C30_a3_30.txt,unit,50,30,5,3,30,30,179.133,12
unit_F5_m50_C30_a3_31.txt,unit,50,30,5,3,31,112,398.549,16
unit_F5_m50_C30_a3_32.txt,unit,50,30,5,3,32,126,330.36,8
unit_F5_m50_C30_a3_33.txt,unit,50,30,5,3,33,136,451.785,10
unit_F5_m50_C30_a3_34.txt,unit,50,30,5,3,34,50,1.358.33,14
unit_F5_m50_C30_a3_35.txt,unit,50,30,5,3,35,48,1.763.36,13
unit_F5_m50_C30_a3_36.txt,unit,50,30,5,3,36,46,1.602.03,15
unit_F5_m50_C30_a3_37.txt,unit,50,30,5,3,37,76,232.876,10
unit_F5_m50_C30_a3_38.txt,unit,50,30,5,3,38,212,259.187,12
unit_F5_m50_C30_a3_39.txt,unit,50,30,5,3,39,26,193.039,13
unit_F5_m50_C30_a3_40.txt,unit,50,30,5,3,40,82,336.172,9
unit_F5_m50_C30_a3_41.txt,unit,50,30,5,3,41,80,369.484,7
unit_F5_m50_C30_a3_42.txt,unit,50,30,5,3,42,70,271.386,13
unit_F5_m50_C30_a3_43.txt,unit,50,30,5,3,43,156,158.129,8
unit_F5_m50_C30_a3_44.txt,unit,50,30,5,3,44,76,5.672.92,34
unit_F5_m50_C30_a3_45.txt,unit,50,30,5,3,45,108,393.215,50
unit_F5_m50_C30_a3_46.txt,unit,50,30,5,3,46,58,1.610.16,15
unit_F5_m50_C30_a3_47.txt,unit,50,30,5,3,47,106,692.476,28
unit_F5_m50_C30_a3_48.txt,unit,50,30,5,3,48,48,185.18,12
unit_F5_m50_C30_a3_49.txt,unit,50,30,5,3,49,54,712.868,45
unit_F5_m50_C30_a7_0.txt,unit,50,30,5,7,0,168,384.171,373
unit_F5_m50_C30_a7_1.txt,unit,50,30,5,7,1,86,504.975,1140
unit_F5_m50_C30_a7_2.txt,unit,50,30,5,7,2,150,624.305,3241
unit_F5_m50_C30_a7_3.txt,unit,50,30,5,7,3,106,395.875,793
unit_F5_m50_C30_a7_4.txt,unit,50,30,5,7,4,72,810.851,1082
unit_F5_m50_C30_a7_5.txt,unit,50,30,5,7,5,108,366.53,3619
unit_F5_m50_C30_a7_6.txt,unit,50,30,5,7,6,132,655.296,613
unit_F5_m50_C30_a7_7.txt,unit,50,30,5,7,7,184,764.417,4130
unit_F5_m50_C30_a7_8.txt,unit,50,30,5,7,8,148,253.566,261
unit_F5_m50_C30_a7_9.txt,unit,50,30,5,7,9,110,495.329,1078
unit_F5_m50_C30_a7_10.txt,unit,50,30,5,7,10,96,3.512.58,3050
unit_F5_m50_C30_a7_11.txt,unit,50,30,5,7,11,174,911.889,11432
unit_F5_m50_C30_a7_12.txt,unit,50,30,5,7,12,100,920.361,132
unit_F5_m50_C30_a7_13.txt,unit,50,30,5,7,13,146,1.556.56,3097
unit_F5_m50_C30_a7_14.txt,unit,50,30,5,7,14,144,826.46,2888
unit_F5_m50_C30_a7_15.txt,unit,50,30,5,7,15,184,478.304,4033
unit_F5_m50_C30_a7_16.txt,unit,50,30,5,7,16,102,621.655,3968
unit_F5_m50_C30_a7_17.txt,unit,50,30,5,7,17,210,506.216,3724
unit_F5_m50_C30_a7_18.txt,unit,50,30,5,7,18,134,669.84,5711
unit_F5_m50_C30_a7_19.txt,unit,50,30,5,7,19,170,781.687,9928
unit_F5_m50_C30_a7_20.txt,unit,50,30,5,7,20,58,1.291.78,2271
unit_F5_m50_C30_a7_21.txt,unit,50,30,5,7,21,268,476.008,31993
unit_F5_m50_C30_a7_22.txt,unit,50,30,5,7,22,74,1.712.76,2362
unit_F5_m50_C30_a7_23.txt,unit,50,30,5,7,23,128,473.634,994
unit_F5_m50_C30_a7_24.txt,unit,50,30,5,7,24,130,961.595,2023
unit_F5_m50_C30_a7_25.txt,unit,50,30,5,7,25,142,486.004,2010
unit_F5_m50_C30_a7_26.txt,unit,50,30,5,7,26,110,392.776,2288
unit_F5_m50_C30_a7_27.txt,unit,50,30,5,7,27,242,1.313.56,14765
unit_F5_m50_C30_a7_28.txt,unit,50,30,5,7,28,134,2.015.51,3401
unit_F5_m50_C30_a7_29.txt,unit,50,30,5,7,29,118,972.883,3969
unit_F5_m50_C30_a7_30.txt,unit,50,30,5,7,30,148,330.313,1582
unit_F5_m50_C30_a7_31.txt,unit,50,30,5,7,31,172,419.594,8644
unit_F5_m50_C30_a7_32.txt,unit,50,30,5,7,32,168,799.791,738
unit_F5_m50_C30_a7_33.txt,unit,50,30,5,7,33,144,1.549.20,2709
unit_F5_m50_C30_a7_34.txt,unit,50,30,5,7,34,122,885.435,2357
unit_F5_m50_C30_a7_35.txt,unit,50,30,5,7,35,84,1.364.49,1106
unit_F5_m50_C30_a7_36.txt,unit,50,30,5,7,36,86,1.372.22,1025
unit_F5_m50_C30_a7_37.txt,unit,50,30,5,7,37,266,1.228.68,5294
unit_F5_m50_C30_a7_38.txt,unit,50,30,5,7,38,222,1.606.90,8958
unit_F5_m50_C30_a7_39.txt,unit,50,30,5,7,39,164,890.257,4381
unit_F5_m50_C30_a7_40.txt,unit,50,30,5,7,40,114,1.044.53,643
unit_F5_m50_C30_a7_41.txt,unit,50,30,5,7,41,100,738.047,1902
unit_F5_m50_C30_a7_42.txt,unit,50,30,5,7,42,130,580.922,631
unit_F5_m50_C30_a7_43.txt,unit,50,30,5,7,43,164,234.199,321
unit_F5_m50_C30_a7_44.txt,unit,50,30,5,7,44,108,455.097,1951
unit_F5_m50_C30_a7_45.txt,unit,50,30,5,7,45,278,300.734,2657
unit_F5_m50_C30_a7_46.txt,unit,50,30,5,7,46,82,301.821,939
unit_F5_m50_C30_a7_47.txt,unit,50,30,5,7,47,106,843.828,2123
unit_F5_m50_C30_a7_48.txt,unit,50,30,5,7,48,252,322.216,5285
unit_F5_m50_C30_a7_49.txt,unit,50,30,5,7,49,72,1.941,2527
unit_F5_m50_C30_a15_0.txt,unit,50,30,5,15,0,248,908.116,19015
unit_F5_m50_C30_a15_1.txt,unit,50,30,5,15,1,172,4.348.14,52131
unit_F5_m50_C30_a15_2.txt,unit,50,30,5,15,2,168,847.013,60000
unit_F5_m50_C30_a15_3.txt,unit,50,30,5,15,3,154,2.399.02,60000
unit_F5_m50_C30_a15_4.txt,unit,50,30,5,15,4,122,3.087.60,60000
unit_F5_m50_C30_a15_5.txt,unit,50,30,5,15,5,224,1.036.82,60000
unit_F5_m50_C30_a15_6.txt,unit,50,30,5,15,6,154,823.459,31027
unit_F5_m50_C30_a15_7.txt,unit,50,30,5,15,7,258,3.663.40,60000
unit_F5_m50_C30_a15_8.txt,unit,50,30,5,15,8,178,997.271,60000
unit_F5_m50_C30_a15_9.txt,unit,50,30,5,15,9,198,1.712.90,41919
unit_F5_m50_C30_a15_10.txt,unit,50,30,5,15,10,118,6.048.21,60000
unit_F5_m50_C30_a15_11.txt,unit,50,30,5,15,11,224,4.878.62,60000
unit_F5_m50_C30_a15_12.txt,unit,50,30,5,15,12,166,1.938.89,60000
unit_F5_m50_C30_a15_13.txt,unit,50,30,5,15,13,190,1.251.46,39278
unit_F5_m50_C30_a15_14.txt,unit,50,30,5,15,14,248,872.252,60000
unit_F5_m50_C30_a15_15.txt,unit,50,30,5,15,15,202,1.906.60,60000
unit_F5_m50_C30_a15_16.txt,unit,50,30,5,15,16,158,3.727.93,60000
unit_F5_m50_C30_a15_17.txt,unit,50,30,5,15,17,224,2.098.41,60000
unit_F5_m50_C30_a15_18.txt,unit,50,30,5,15,18,242,2.491.73,60000
unit_F5_m50_C30_a15_19.txt,unit,50,30,5,15,19,286,1.088.09,60000
unit_F5_m50_C30_a15_20.txt,unit,50,30,5,15,20,178,2.585.21,60000
unit_F5_m50_C30_a15_21.txt,unit,50,30,5,15,21,308,1.490.73,60000
unit_F5_m50_C30_a15_22.txt,unit,50,30,5,15,22,254,1.479.58,60000
unit_F5_m50_C30_a15_23.txt,unit,50,30,5,15,23,246,1.404.59,60000
unit_F5_m50_C30_a15_24.txt,unit,50,30,5,15,24,162,2.433.97,60000
unit_F5_m50_C30_a15_25.txt,unit,50,30,5,15,25,182,2.106.23,60000
unit_F5_m50_C30_a15_26.txt,unit,50,30,5,15,26,208,2.301.59,56352
unit_F5_m50_C30_a15_27.txt,unit,50,30,5,15,27,274,975.847,60000
unit_F5_m50_C30_a15_28.txt,unit,50,30,5,15,28,188,1.724.02,54167
unit_F5_m50_C30_a15_29.txt,unit,50,30,5,15,29,154,2.286.59,60000
unit_F5_m50_C30_a15_30.txt,unit,50,30,5,15,30,234,2.393.39,60000
unit_F5_m50_C30_a15_31.txt,unit,50,30,5,15,31,200,1.101.95,44206
unit_F5_m50_C30_a15_32.txt,unit,50,30,5,15,32,220,995.433,26707
unit_F5_m50_C30_a15_33.txt,unit,50,30,5,15,33,182,2.825.32,60000
unit_F5_m50_C30_a15_34.txt,unit,50,30,5,15,34,190,2.106.73,34591
unit_F5_m50_C30_a15_35.txt,unit,50,30,5,15,35,198,1.289.41,60000
unit_F5_m50_C30_a15_36.txt,unit,50,30,5,15,36,174,1.170.14,57252
unit_F5_m50_C30_a15_37.txt,unit,50,30,5,15,37,294,1.511.50,40739
unit_F5_m50_C30_a15_38.txt,unit,50,30,5,15,38,318,1.634.19,50073
unit_F5_m50_C30_a15_39.txt,unit,50,30,5,15,39,298,1.015.93,60000
unit_F5_m50_C30_a15_40.txt,unit,50,30,5,15,40,144,5.368.70,60000
unit_F5_m50_C30_a15_41.txt,unit,50,30,5,15,41,146,1.990.18,60000
unit_F5_m50_C30_a15_42.txt,unit,50,30,5,15,42,162,1.483.70,35478
unit_F5_m50_C30_a15_43.txt,unit,50,30,5,15,43,228,1.530.57,37683
unit_F5_m50_C30_a15_44.txt,unit,50,30,5,15,44,170,1.644.15,57448
unit_F5_m50_C30_a15_45.txt,unit,50,30,5,15,45,292,972.778,60000
unit_F5_m50_C30_a15_46.txt,unit,50,30,5,15,46,226,969.01,60000
unit_F5_m50_C30_a15_47.txt,unit,50,30,5,15,47,248,1.754.27,60000
unit_F5_m50_C30_a15_48.txt,unit,50,30,5,15,48,274,766.688,60000
unit_F5_m50_C30_a15_49.txt,unit,50,30,5,15,49,138,3.592.43,60000
unit_F5_m50_C30_a30_0.txt,unit,50,30,5,30,0,360,4.545.36,60000
unit_F5_m50_C30_a30_1.txt,unit,50,30,5,30,1,358,3.378.52,60000
unit_F5_m50_C30_a30_2.txt,unit,50,30,5,30,2,346,2.902.27,60000
unit_F5_m50_C30_a30_3.txt,unit,50,30,5,30,3,348,2.787.81,60000
unit_F5_m50_C30_a30_4.txt,unit,50,30,5,30,4,234,3.270.07,60000
unit_F5_m50_C30_a30_5.txt,unit,50,30,5,30,5,326,4.624.63,60000
unit_F5_m50_C30_a30_6.txt,unit,50,30,5,30,6,274,1.894.55,60000
unit_F5_m50_C30_a30_7.txt,unit,50,30,5,30,7,304,3.605.82,60000
unit_F5_m50_C30_a30_8.txt,unit,50,30,5,30,8,342,2.677.86,60000
unit_F5_m50_C30_a30_9.txt,unit,50,30,5,30,9,284,7.128.28,60000
unit_F5_m50_C30_a30_10.txt,unit,50,30,5,30,10,218,3.555.39,60000
unit_F5_m50_C30_a30_11.txt,unit,50,30,5,30,11,384,4.564.45,60000
unit_F5_m50_C30_a30_12.txt,unit,50,30,5,30,12,270,7.634.79,60000
unit_F5_m50_C30_a30_13.txt,unit,50,30,5,30,13,348,6.161.09,60000
unit_F5_m50_C30_a30_14.txt,unit,50,30,5,30,14,362,4.010.78,60000
unit_F5_m50_C30_a30_15.txt,unit,50,30,5,30,15,262,2.680.31,60000
unit_F5_m50_C30_a30_16.txt,unit,50,30,5,30,16,346,2.526.02,60000
unit_F5_m50_C30_a30_17.txt,unit,50,30,5,30,17,268,3.664.62,60000
unit_F5_m50_C30_a30_18.txt,unit,50,30,5,30,18,294,5.805.50,60000
unit_F5_m50_C30_a30_19.txt,unit,50,30,5,30,19,336,2.610.84,60000
unit_F5_m50_C30_a30_20.txt,unit,50,30,5,30,20,228,27.580.10,60000
unit_F5_m50_C30_a30_21.txt,unit,50,30,5,30,21,330,7.126.80,60000
unit_F5_m50_C30_a30_22.txt,unit,50,30,5,30,22,326,2.915.19,60000
unit_F5_m50_C30_a30_23.txt,unit,50,30,5,30,23,296,3.887.29,60000
unit_F5_m50_C30_a30_24.txt,unit,50,30,5,30,24,286,5.554.67,60000
unit_F5_m50_C30_a30_25.txt,unit,50,30,5,30,25,318,3.999.14,60000
unit_F5_m50_C30_a30_26.txt,unit,50,30,5,30,26,308,10.545.30,60000
unit_F5_m50_C30_a30_27.txt,unit,50,30,5,30,27,364,2.484.90,60000
unit_F5_m50_C30_a30_28.txt,unit,50,30,5,30,28,236,5.888.55,60000
unit_F5_m50_C30_a30_29.txt,unit,50,30,5,30,29,344,6.070.78,60000
unit_F5_m50_C30_a30_30.txt,unit,50,30,5,30,30,388,3.268.71,60000
unit_F5_m50_C30_a30_31.txt,unit,50,30,5,30,31,256,4.924.33,60000
unit_F5_m50_C30_a30_32.txt,unit,50,30,5,30,32,270,2.478.61,60000
unit_F5_m50_C30_a30_33.txt,unit,50,30,5,30,33,256,5.828.99,60000
unit_F5_m50_C30_a30_34.txt,unit,50,30,5,30,34,366,6.214.67,60000
unit_F5_m50_C30_a30_35.txt,unit,50,30,5,30,35,248,6.511.59,60000
unit_F5_m50_C30_a30_36.txt,unit,50,30,5,30,36,314,3.655.79,60000
unit_F5_m50_C30_a30_37.txt,unit,50,30,5,30,37,352,3.342.95,60000
unit_F5_m50_C30_a30_38.txt,unit,50,30,5,30,38,348,4.372.74,60000
unit_F5_m50_C30_a30_39.txt,unit,50,30,5,30,39,422,3.206.99,60000
unit_F5_m50_C30_a30_40.txt,unit,50,30,5,30,40,210,8.470.47,60000
unit_F5_m50_C30_a30_41.txt,unit,50,30,5,30,41,332,3.320.70,60000
unit_F5_m50_C30_a30_42.txt,unit,50,30,5,30,42,324,5.561.27,60000
unit_F5_m50_C30_a30_43.txt,unit,50,30,5,30,43,256,2.099.28,60000
unit_F5_m50_C30_a30_44.txt,unit,50,30,5,30,44,222,7.180.59,60000
unit_F5_m50_C30_a30_45.txt,unit,50,30,5,30,45,358,2.235.32,60000
unit_F5_m50_C30_a30_46.txt,unit,50,30,5,30,46,286,5.028.10,60000
unit_F5_m50_C30_a30_47.txt,unit,50,30,5,30,47,364,5.584.54,60000
unit_F5_m50_C30_a30_48.txt,unit,50,30,5,30,48,312,3.320.60,60000
unit_F5_m50_C30_a30_49.txt,unit,50,30,5,30,49,354,4.128.57,60000
unit_F10_m50_C30_a3_0.txt,unit,50,30,10,3,0,54,3.066.93,35
unit_F10_m50_C30_a3_1.txt,unit,50,30,10,3,1,38,12.842.10,134
unit_F10_m50_C30_a3_2.txt,unit,50,30,10,3,2,50,2.681.75,37
unit_F10_m50_C30_a3_3.txt,unit,50,30,10,3,3,30,11.793.10,57
unit_F10_m50_C30_a3_4.txt,unit,50,30,10,3,4,30,7.179.39,49
unit_F10_m50_C30_a3_5.txt,unit,50,30,10,3,5,30,17.900.50,38
unit_F10_m50_C30_a3_6.txt,unit,50,30,10,3,6,48,29.305.50,202
unit_F10_m50_C30_a3_7.txt,unit,50,30,10,3,7,64,2.135.69,24
unit_F10_m50_C30_a3_8.txt,unit,50,30,10,3,8,46,33.738.90,67
unit_F10_m50_C30_a3_9.txt,unit,50,30,10,3,9,40,13.521.90,114
unit_F10_m50_C30_a3_10.txt,unit,50,30,10,3,10,22,3.937.72,71
unit_F10_m50_C30_a3_11.txt,unit,50,30,10,3,11,170,2.886.13,124
unit_F10_m50_C30_a3_12.txt,unit,50,30,10,3,12,56,21.239.40,69
unit_F10_m50_C30_a3_13.txt,unit,50,30,10,3,13,22,3.609.70,84
unit_F10_m50_C30_a3_14.txt,unit,50,30,10,3,14,26,3.368.37,86
unit_F10_m50_C30_a3_15.txt,unit,50,30,10,3,15,56,8.235.87,45
unit_F10_m50_C30_a3_16.txt,unit,50,30,10,3,16,48,31.392.20,165
unit_F10_m50_C30_a3_17.txt,unit,50,30,10,3,17,92,1.761.73,11
unit_F10_m50_C30_a3_18.txt,unit,50,30,10,3,18,28,12.900.50,121
unit_F10_m50_C30_a3_19.txt,unit,50,30,10,3,19,212,2.886.29,793
unit_F10_m50_C30_a3_20.txt,unit,50,30,10,3,20,30,2.477.21,21
unit_F10_m50_C30_a3_21.txt,unit,50,30,10,3,21,46,14.079.40,55
unit_F10_m50_C30_a3_22.txt,unit,50,30,10,3,22,100,11.822.80,52
unit_F10_m50_C30_a3_23.txt,unit,50,30,10,3,23,56,22.125.90,32
unit_F10_m50_C30_a3_24.txt,unit,50,30,10,3,24,36,7.091.63,57
unit_F10_m50_C30_a3_25.txt,unit,50,30,10,3,25,58,19.799.40,151
unit_F10_m50_C30_a3_26.txt,unit,50,30,10,3,26,46,3.199.38,56
unit_F10_m50_C30_a3_27.txt,unit,50,30,10,3,27,36,11.157.90,64
unit_F10_m50_C30_a3_28.txt,unit,50,30,10,3,28,42,23.842.90,96
unit_F10_m50_C30_a3_29.txt,unit,50,30,10,3,29,48,23.189.40,82
unit_F10_m50_C30_a3_30.txt,unit,50,30,10,3,30,18,2.982.94,57
unit_F10_m50_C30_a3_31.txt,unit,50,30,10,3,31,32,15.144.60,57
unit_F10_m50_C30_a3_32.txt,unit,50,30,10,3,32,30,10.665.80,52
unit_F10_m50_C30_a3_33.txt,unit,50,30,10,3,33,88,2.329.40,13
unit_F10_m50_C30_a3_34.txt,unit,50,30,10,3,34,48,68.249,94
unit_F10_m50_C30_a3_35.txt,unit,50,30,10,3,35,74,42.820.60,48
unit_F10_m50_C30_a3_36.txt,unit,50,30,10,3,36,40,7.107.48,58
unit_F10_m50_C30_a3_37.txt,unit,50,30,10,3,37,50,25.479,91
unit_F10_m50_C30_a3_38.txt,unit,50,30,10,3,38,50,2.661.96,12
unit_F10_m50_C30_a3_39.txt,unit,50,30,10,3,39,134,2.229.78,61
unit_F10_m50_C30_a3_40.txt,unit,50,30,10,3,40,40,2.895.32,33
unit_F10_m50_C30_a3_41.txt,unit,50,30,10,3,41,46,39.617.10,84
unit_F10_m50_C30_a3_42.txt,unit,50,30,10,3,42,44,13.700,71
unit_F10_m50_C30_a3_43.txt,unit,50,30,10,3,43,72,2.635.85,20
unit_F10_m50_C30_a3_44.txt,unit,50,30,10,3,44,92,18.168.70,72
unit_F10_m50_C30_a3_45.txt,unit,50,30,10,3,45,36,18.064.50,159
unit_F10_m50_C30_a3_46.txt,unit,50,30,10,3,46,30,18.744.40,28
unit_F10_m50_C30_a3_47.txt,unit,50,30,10,3,47,62,31.482.30,107
unit_F10_m50_C30_a3_48.txt,unit,50,30,10,3,48,64,3.028.96,13
unit_F10_m50_C30_a3_49.txt,unit,50,30,10,3,49,30,8.041.13,57
unit_F10_m50_C30_a7_0.txt,unit,50,30,10,7,0,64,8.100.14,4754
unit_F10_m50_C30_a7_1.txt,unit,50,30,10,7,1,76,17.482.50,27102
unit_F10_m50_C30_a7_2.txt,unit,50,30,10,7,2,284,5.174.37,60000
unit_F10_m50_C30_a7_3.txt,unit,50,30,10,7,3,74,25.761.30,58934
unit_F10_m50_C30_a7_4.txt,unit,50,30,10,7,4,128,4.742.85,8520
unit_F10_m50_C30_a7_5.txt,unit,50,30,10,7,5,88,7.756.81,47555
unit_F10_m50_C30_a7_6.txt,unit,50,30,10,7,6,90,25.516.30,28928
unit_F10_m50_C30_a7_7.txt,unit,50,30,10,7,7,76,4.482.16,9034
unit_F10_m50_C30_a7_8.txt,unit,50,30,10,7,8,66,81.816.60,31525
unit_F10_m50_C30_a7_9.txt,unit,50,30,10,7,9,58,45.117.50,60000
unit_F10_m50_C30_a7_10.txt,unit,50,30,10,7,10,108,7.868.42,14311
unit_F10_m50_C30_a7_11.txt,unit,50,30,10,7,11,178,8.071.46,58763
unit_F10_m50_C30_a7_12.txt,unit,50,30,10,7,12,78,20.303.50,28725
unit_F10_m50_C30_a7_13.txt,unit,50,30,10,7,13,62,228.142,60000
unit_F10_m50_C30_a7_14.txt,unit,50,30,10,7,14,84,4.664.79,14206
unit_F10_m50_C30_a7_15.txt,unit,50,30,10,7,15,74,28.446,59290
unit_F10_m50_C30_a7_16.txt,unit,50,30,10,7,16,60,69.377.10,33631
unit_F10_m50_C30_a7_17.txt,unit,50,30,10,7,17,122,6.477.75,3802
unit_F10_m50_C30_a7_18.txt,unit,50,30,10,7,18,58,4.140.67,4648
unit_F10_m50_C30_a7_19.txt,unit,50,30,10,7,19,256,6.469.43,60000
unit_F10_m50_C30_a7_20.txt,unit,50,30,10,7,20,86,18.044.60,24116
unit_F10_m50_C30_a7_21.txt,unit,50,30,10,7,21,66,19.839.30,18176
unit_F10_m50_C30_a7_22.txt,unit,50,30,10,7,22,102,11.845.80,60000
unit_F10_m50_C30_a7_23.txt,unit,50,30,10,7,23,70,10.980.60,1421
unit_F10_m50_C30_a7_24.txt,unit,50,30,10,7,24,76,373.478,60000
unit_F10_m50_C30_a7_25.txt,unit,50,30,10,7,25,58,25.470.20,60000
unit_F10_m50_C30_a7_26.txt,unit,50,30,10,7,26,170,12.159.10,60000
unit_F10_m50_C30_a7_27.txt,unit,50,30,10,7,27,76,7.414.23,22530
unit_F10_m50_C30_a7_28.txt,unit,50,30,10,7,28,68,357.384,60000
unit_F10_m50_C30_a7_29.txt,unit,50,30,10,7,29,84,22.147.10,60000
unit_F10_m50_C30_a7_30.txt,unit,50,30,10,7,30,322,3.832.86,60000
unit_F10_m50_C30_a7_31.txt,unit,50,30,10,7,31,68,30.647.20,60000
unit_F10_m50_C30_a7_32.txt,unit,50,30,10,7,32,54,37.861.30,57870
unit_F10_m50_C30_a7_33.txt,unit,50,30,10,7,33,116,3.360.11,1427
unit_F10_m50_C30_a7_34.txt,unit,50,30,10,7,34,194,4.350.64,60000
unit_F10_m50_C30_a7_35.txt,unit,50,30,10,7,35,86,18.243.70,60000
unit_F10_m50_C30_a7_36.txt,unit,50,30,10,7,36,70,22.847.20,30764
unit_F10_m50_C30_a7_37.txt,unit,50,30,10,7,37,60,18.481.40,18647
unit_F10_m50_C30_a7_38.txt,unit,50,30,10,7,38,136,4.564.23,7929
unit_F10_m50_C30_a7_39.txt,unit,50,30,10,7,39,142,8.518.72,55975
unit_F10_m50_C30_a7_40.txt,unit,50,30,10,7,40,64,5.680.96,6112
unit_F10_m50_C30_a7_41.txt,unit,50,30,10,7,41,228,12.065.80,60000
unit_F10_m50_C30_a7_42.txt,unit,50,30,10,7,42,44,14.214.10,31072
unit_F10_m50_C30_a7_43.txt,unit,50,30,10,7,43,116,20.351.70,13336
unit_F10_m50_C30_a7_44.txt,unit,50,30,10,7,44,110,9.937.77,9388
unit_F10_m50_C30_a7_45.txt,unit,50,30,10,7,45,64,6.888.96,30897
unit_F10_m50_C30_a7_46.txt,unit,50,30,10,7,46,62,49.967.90,15634
unit_F10_m50_C30_a7_47.txt,unit,50,30,10,7,47,146,13.659.80,60000
unit_F10_m50_C30_a7_48.txt,unit,50,30,10,7,48,96,14.532.40,18198
unit_F10_m50_C30_a7_49.txt,unit,50,30,10,7,49,58,4.127.91,2531
unit_F10_m50_C30_a15_0.txt,unit,50,30,10,15,0,90,13.305.80,60000
unit_F10_m50_C30_a15_1.txt,unit,50,30,10,15,1,156,13.303.10,60000
unit_F10_m50_C30_a15_2.txt,unit,50,30,10,15,2,288,12.202.50,60000
unit_F10_m50_C30_a15_3.txt,unit,50,30,10,15,3,84,69.998.90,60000
unit_F10_m50_C30_a15_4.txt,unit,50,30,10,15,4,160,17.962.50,60000
unit_F10_m50_C30_a15_5.txt,unit,50,30,10,15,5,102,13.485.20,60000
unit_F10_m50_C30_a15_6.txt,unit,50,30,10,15,6,132,140.348,60000
unit_F10_m50_C30_a15_7.txt,unit,50,30,10,15,7,98,6.609.56,60000
unit_F10_m50_C30_a15_8.txt,unit,50,30,10,15,8,82,65.934.60,60000
unit_F10_m50_C30_a15_9.txt,unit,50,30,10,15,9,90,39.660,60000
unit_F10_m50_C30_a15_10.txt,unit,50,30,10,15,10,130,9.546.38,60000
unit_F10_m50_C30_a15_11.txt,unit,50,30,10,15,11,190,31.101.20,60000
unit_F10_m50_C30_a15_12.txt,unit,50,30,10,15,12,116,9.181.38,60000
unit_F10_m50_C30_a15_13.txt,unit,50,30,10,15,13,118,20.497.10,60000
unit_F10_m50_C30_a15_14.txt,unit,50,30,10,15,14,130,9.301.89,60000
unit_F10_m50_C30_a15_15.txt,unit,50,30,10,15,15,164,14.910.40,60000
unit_F10_m50_C30_a15_16.txt,unit,50,30,10,15,16,86,623.359,60000
unit_F10_m50_C30_a15_17.txt,unit,50,30,10,15,17,152,16.109.80,60000
unit_F10_m50_C30_a15_18.txt,unit,50,30,10,15,18,312,9.142.19,60000
unit_F10_m50_C30_a15_19.txt,unit,50,30,10,15,19,270,11.466.90,60000
unit_F10_m50_C30_a15_20.txt,unit,50,30,10,15,20,98,42.413.70,60000
unit_F10_m50_C30_a15_21.txt,unit,50,30,10,15,21,170,263.624,60000
unit_F10_m50_C30_a15_22.txt,unit,50,30,10,15,22,138,23.442,60000
unit_F10_m50_C30_a15_23.txt,unit,50,30,10,15,23,168,12.536.60,60000
unit_F10_m50_C30_a15_24.txt,unit,50,30,10,15,24,82,329.282,60000
unit_F10_m50_C30_a15_25.txt,unit,50,30,10,15,25,180,25.233.40,60000
unit_F10_m50_C30_a15_26.txt,unit,50,30,10,15,26,194,19.731.90,60000
unit_F10_m50_C30_a15_27.txt,unit,50,30,10,15,27,218,11.127.10,60000
unit_F10_m50_C30_a15_28.txt,unit,50,30,10,15,28,116,5.719.41,60000
unit_F10_m50_C30_a15_29.txt,unit,50,30,10,15,29,236,7.436.02,60000
unit_F10_m50_C30_a15_30.txt,unit,50,30,10,15,30,326,9.557.64,60000
unit_F10_m50_C30_a15_31.txt,unit,50,30,10,15,31,112,6.441.95,60000
unit_F10_m50_C30_a15_32.txt,unit,50,30,10,15,32,200,11.282.30,60000
unit_F10_m50_C30_a15_33.txt,unit,50,30,10,15,33,126,17.941.70,60000
unit_F10_m50_C30_a15_34.txt,unit,50,30,10,15,34,222,14.769,60000
unit_F10_m50_C30_a15_35.txt,unit,50,30,10,15,35,122,32.082,60000
unit_F10_m50_C30_a15_36.txt,unit,50,30,10,15,36,90,85.101.90,60000
unit_F10_m50_C30_a15_37.txt,unit,50,30,10,15,37,168,6.890.37,60000
unit_F10_m50_C30_a15_38.txt,unit,50,30,10,15,38,226,16.069.40,60000
unit_F10_m50_C30_a15_39.txt,unit,50,30,10,15,39,190,6.702.18,60000
unit_F10_m50_C30_a15_40.txt,unit,50,30,10,15,40,100,56.994.20,60000
unit_F10_m50_C30_a15_41.txt,unit,50,30,10,15,41,250,6.810.74,60000
unit_F10_m50_C30_a15_42.txt,unit,50,30,10,15,42,172,147.702,60000
unit_F10_m50_C30_a15_43.txt,unit,50,30,10,15,43,170,12.378.20,60000
unit_F10_m50_C30_a15_44.txt,unit,50,30,10,15,44,138,21.703.90,60000
unit_F10_m50_C30_a15_45.txt,unit,50,30,10,15,45,134,12.637.70,60000
unit_F10_m50_C30_a15_46.txt,unit,50,30,10,15,46,94,41.682.70,60000
unit_F10_m50_C30_a15_47.txt,unit,50,30,10,15,47,166,25.663.10,60000
unit_F10_m50_C30_a15_48.txt,unit,50,30,10,15,48,152,23.477.10,60000
unit_F10_m50_C30_a15_49.txt,unit,50,30,10,15,49,112,9.916.63,60000
unit_F10_m50_C30_a30_0.txt,unit,50,30,10,30,0,188,18.431.20,60000
unit_F10_m50_C30_a30_1.txt,unit,50,30,10,30,1,182,30.362,60000
unit_F10_m50_C30_a30_2.txt,unit,50,30,10,30,2,314,64.496.90,60000
unit_F10_m50_C30_a30_3.txt,unit,50,30,10,30,3,218,21.586.10,60000
unit_F10_m50_C30_a30_4.txt,unit,50,30,10,30,4,242,16.788.80,60000
unit_F10_m50_C30_a30_5.txt,unit,50,30,10,30,5,188,67.593,60000
unit_F10_m50_C30_a30_6.txt,unit,50,30,10,30,6,160,227.802,60000
unit_F10_m50_C30_a30_7.txt,unit,50,30,10,30,7,174,38.504.30,60000
unit_F10_m50_C30_a30_8.txt,unit,50,30,10,30,8,222,42.022.30,60000
unit_F10_m50_C30_a30_9.txt,unit,50,30,10,30,9,250,20.839.20,60000
unit_F10_m50_C30_a30_10.txt,unit,50,30,10,30,10,208,10.524,60000
unit_F10_m50_C30_a30_11.txt,unit,50,30,10,30,11,308,18.499.70,60000
unit_F10_m50_C30_a30_12.txt,unit,50,30,10,30,12,186,22.984.50,60000
unit_F10_m50_C30_a30_13.txt,unit,50,30,10,30,13,198,28.342.70,60000
unit_F10_m50_C30_a30_14.txt,unit,50,30,10,30,14,142,24.384.70,60000
unit_F10_m50_C30_a30_15.txt,unit,50,30,10,30,15,248,30.501.70,60000
unit_F10_m50_C30_a30_16.txt,unit,50,30,10,30,16,166,39.758.20,60000
unit_F10_m50_C30_a30_17.txt,unit,50,30,10,30,17,194,16.122,60000
unit_F10_m50_C30_a30_18.txt,unit,50,30,10,30,18,330,18.071.10,60000
unit_F10_m50_C30_a30_19.txt,unit,50,30,10,30,19,286,9.655.49,60000
unit_F10_m50_C30_a30_20.txt,unit,50,30,10,30,20,140,644.548,60000
unit_F10_m50_C30_a30_21.txt,unit,50,30,10,30,21,238,17.570,60000
unit_F10_m50_C30_a30_22.txt,unit,50,30,10,30,22,238,27.699.70,60000
unit_F10_m50_C30_a30_23.txt,unit,50,30,10,30,23,196,84.681.20,60000
unit_F10_m50_C30_a30_24.txt,unit,50,30,10,30,24,244,26.273.20,60000
unit_F10_m50_C30_a30_25.txt,unit,50,30,10,30,25,314,8.884.48,60000
unit_F10_m50_C30_a30_26.txt,unit,50,30,10,30,26,214,56.084.50,60000
unit_F10_m50_C30_a30_27.txt,unit,50,30,10,30,27,260,114.364,60000
unit_F10_m50_C30_a30_28.txt,unit,50,30,10,30,28,200,82.818.60,60000
unit_F10_m50_C30_a30_29.txt,unit,50,30,10,30,29,278,10.496.10,60000
unit_F10_m50_C30_a30_30.txt,unit,50,30,10,30,30,364,22.577.10,60000
unit_F10_m50_C30_a30_31.txt,unit,50,30,10,30,31,268,15.763.80,60000
unit_F10_m50_C30_a30_32.txt,unit,50,30,10,30,32,242,15.769.40,60000
unit_F10_m50_C30_a30_33.txt,unit,50,30,10,30,33,268,14.676.50,60000
unit_F10_m50_C30_a30_34.txt,unit,50,30,10,30,34,236,27.065,60000
unit_F10_m50_C30_a30_35.txt,unit,50,30,10,30,35,154,59.878.80,60000
unit_F10_m50_C30_a30_36.txt,unit,50,30,10,30,36,150,25.467.20,60000
unit_F10_m50_C30_a30_37.txt,unit,50,30,10,30,37,250,11.628.80,60000
unit_F10_m50_C30_a30_38.txt,unit,50,30,10,30,38,242,323.315,60000
unit_F10_m50_C30_a30_39.txt,unit,50,30,10,30,39,224,14.417.30,60000
unit_F10_m50_C30_a30_40.txt,unit,50,30,10,30,40,166,41.591.80,60000
unit_F10_m50_C30_a30_41.txt,unit,50,30,10,30,41,292,17.825.80,60000
unit_F10_m50_C30_a30_42.txt,unit,50,30,10,30,42,202,298.461,60000
unit_F10_m50_C30_a30_43.txt,unit,50,30,10,30,43,242,18.549.20,60000
unit_F10_m50_C30_a30_44.txt,unit,50,30,10,30,44,158,18.310.20,60000
unit_F10_m50_C30_a30_45.txt,unit,50,30,10,30,45,168,30.802.20,60000
unit_F10_m50_C30_a30_46.txt,unit,50,30,10,30,46,214,24.362.30,60000
unit_F10_m50_C30_a30_47.txt,unit,50,30,10,30,47,202,30.029.20,60000
unit_F10_m50_C30_a30_48.txt,unit,50,30,10,30,48,236,17.560.30,60000
unit_F10_m50_C30_a30_49.txt,unit,50,30,10,30,49,244,20.261.80,60000
unit_F2_m50_C60_a3_0.txt,unit,50,60,2,3,0,264,72.1316,5
unit_F2_m50_C60_a3_1.txt,unit,50,60,2,3,1,238,64.7232,3
unit_F2_m50_C60_a3_2.txt,unit,50,60,2,3,2,376,71.7558,4
unit_F2_m50_C60_a3_3.txt,unit,50,60,2,3,3,172,72.9994,3
unit_F2_m50_C60_a3_4.txt,unit,50,60,2,3,4,290,101.305,4
unit_F2_m50_C60_a3_5.txt,unit,50,60,2,3,5,250,98.5956,4
unit_F2_m50_C60_a3_6.txt,unit,50,60,2,3,6,142,68.5548,4
unit_F2_m50_C60_a3_7.txt,unit,50,60,2,3,7,246,70.504,4
unit_F2_m50_C60_a3_8.txt,unit,50,60,2,3,8,274,68.9004,4
unit_F2_m50_C60_a3_9.txt,unit,50,60,2,3,9,184,116.167,3
unit_F2_m50_C60_a3_10.txt,unit,50,60,2,3,10,314,73.7325,4
unit_F2_m50_C60_a3_11.txt,unit,50,60,2,3,11,308,30.9913,3
unit_F2_m50_C60_a3_12.txt,unit,50,60,2,3,12,154,74.3091,4
unit_F2_m50_C60_a3_13.txt,unit,50,60,2,3,13,206,709.136,7
unit_F2_m50_C60_a3_14.txt,unit,50,60,2,3,14,128,94.7846,4
unit_F2_m50_C60_a3_15.txt,unit,50,60,2,3,15,172,66.0013,4
unit_F2_m50_C60_a3_16.txt,unit,50,60,2,3,16,300,58.8892,4
unit_F2_m50_C60_a3_17.txt,unit,50,60,2,3,17,182,68.7701,4
unit_F2_m50_C60_a3_18.txt,unit,50,60,2,3,18,290,35.7243,3
unit_F2_m50_C60_a3_19.txt,unit,50,60,2,3,19,284,18.2295,5
unit_F2_m50_C60_a3_20.txt,unit,50,60,2,3,20,162,67.2826,4
unit_F2_m50_C60_a3_21.txt,unit,50,60,2,3,21,332,131.772,5
unit_F2_m50_C60_a3_22.txt,unit,50,60,2,3,22,318,13.426,3
unit_F2_m50_C60_a3_23.txt,unit,50,60,2,3,23,262,26.6696,3
unit_F2_m50_C60_a3_24.txt,unit,50,60,2,3,24,120,216.453,7
unit_F2_m50_C60_a3_25.txt,unit,50,60,2,3,25,272,44.5561,4
unit_F2_m50_C60_a3_26.txt,unit,50,60,2,3,26,110,79.9401,5
unit_F2_m50_C60_a3_27.txt,unit,50,60,2,3,27,298,86.7571,6
unit_F2_m50_C60_a3_28.txt,unit,50,60,2,3,28,112,92.2989,5
unit_F2_m50_C60_a3_29.txt,unit,50,60,2,3,29,200,441.873,4
unit_F2_m50_C60_a3_30.txt,unit,50,60,2,3,30,232,40.2725,4
unit_F2_m50_C60_a3_31.txt,unit,50,60,2,3,31,178,67.7675,6
unit_F2_m50_C60_a3_32.txt,unit,50,60,2,3,32,212,25.8425,3
unit_F2_m50_C60_a3_33.txt,unit,50,60,2,3,33,190,69.4349,3
unit_F2_m50_C60_a3_34.txt,unit,50,60,2,3,34,268,86.4156,4
unit_F2_m50_C60_a3_35.txt,unit,50,60,2,3,35,186,93.8108,6
unit_F2_m50_C60_a3_36.txt,unit,50,60,2,3,36,182,94.065,3
unit_F2_m50_C60_a3_37.txt,unit,50,60,2,3,37,210,77.8265,3
unit_F2_m50_C60_a3_38.txt,unit,50,60,2,3,38,188,50.1149,3
unit_F2_m50_C60_a3_39.txt,unit,50,60,2,3,39,208,56.321,2
unit_F2_m50_C60_a3_40.txt,unit,50,60,2,3,40,160,76.8547,4
unit_F2_m50_C60_a3_41.txt,unit,50,60,2,3,41,226,69.7297,5
unit_F2_m50_C60_a3_42.txt,unit,50,60,2,3,42,180,38.9243,5
unit_F2_m50_C60_a3_43.txt,unit,50,60,2,3,43,316,86.9126,4
unit_F2_m50_C60_a3_44.txt,unit,50,60,2,3,44,216,71.2631,6
unit_F2_m50_C60_a3_45.txt,unit,50,60,2,3,45,194,131.595,6
unit_F2_m50_C60_a3_46.txt,unit,50,60,2,3,46,196,198.26,8
unit_F2_m50_C60_a3_47.txt,unit,50,60,2,3,47,302,43.8963,4
unit_F2_m50_C60_a3_48.txt,unit,50,60,2,3,48,174,763.822,6
unit_F2_m50_C60_a3_49.txt,unit,50,60,2,3,49,172,311.512,9
unit_F2_m50_C60_a7_0.txt,unit,50,60,2,7,0,340,150.016,84
unit_F2_m50_C60_a7_1.txt,unit,50,60,2,7,1,402,161.16,25
unit_F2_m50_C60_a7_2.txt,unit,50,60,2,7,2,402,87.0698,103
unit_F2_m50_C60_a7_3.txt,unit,50,60,2,7,3,258,154.082,15
unit_F2_m50_C60_a7_4.txt,unit,50,60,2,7,4,360,138.141,35
unit_F2_m50_C60_a7_5.txt,unit,50,60,2,7,5,258,108.301,12
unit_F2_m50_C60_a7_6.txt,unit,50,60,2,7,6,350,111.595,88
unit_F2_m50_C60_a7_7.txt,unit,50,60,2,7,7,308,113.081,17
unit_F2_m50_C60_a7_8.txt,unit,50,60,2,7,8,330,138.65,35
unit_F2_m50_C60_a7_9.txt,unit,50,60,2,7,9,292,163.443,25
unit_F2_m50_C60_a7_10.txt,unit,50,60,2,7,10,354,103.292,41
unit_F2_m50_C60_a7_11.txt,unit,50,60,2,7,11,338,133.638,63
unit_F2_m50_C60_a7_12.txt,unit,50,60,2,7,12,310,114.513,67
unit_F2_m50_C60_a7_13.txt,unit,50,60,2,7,13,264,549.232,133
unit_F2_m50_C60_a7_14.txt,unit,50,60,2,7,14,218,177.699,97
unit_F2_m50_C60_a7_15.txt,unit,50,60,2,7,15,270,305.263,163
unit_F2_m50_C60_a7_16.txt,unit,50,60,2,7,16,382,207.913,103
unit_F2_m50_C60_a7_17.txt,unit,50,60,2,7,17,276,113.91,22
unit_F2_m50_C60_a7_18.txt,unit,50,60,2,7,18,326,87.8707,17
unit_F2_m50_C60_a7_19.txt,unit,50,60,2,7,19,350,180.143,193
unit_F2_m50_C60_a7_20.txt,unit,50,60,2,7,20,300,79.8057,51
unit_F2_m50_C60_a7_21.txt,unit,50,60,2,7,21,364,162.271,189
unit_F2_m50_C60_a7_22.txt,unit,50,60,2,7,22,376,40.3312,9
unit_F2_m50_C60_a7_23.txt,unit,50,60,2,7,23,360,77.0309,9
unit_F2_m50_C60_a7_24.txt,unit,50,60,2,7,24,372,346.582,140
unit_F2_m50_C60_a7_25.txt,unit,50,60,2,7,25,308,125.517,40
unit_F2_m50_C60_a7_26.txt,unit,50,60,2,7,26,366,77.9565,29
unit_F2_m50_C60_a7_27.txt,unit,50,60,2,7,27,380,82.8221,17
unit_F2_m50_C60_a7_28.txt,unit,50,60,2,7,28,286,125.027,118
unit_F2_m50_C60_a7_29.txt,unit,50,60,2,7,29,278,158.966,25
unit_F2_m50_C60_a7_30.txt,unit,50,60,2,7,30,300,120.494,94
unit_F2_m50_C60_a7_31.txt,unit,50,60,2,7,31,218,240.146,113
unit_F2_m50_C60_a7_32.txt,unit,50,60,2,7,32,274,91.9434,33
unit_F2_m50_C60_a7_33.txt,unit,50,60,2,7,33,356,59.6128,12
unit_F2_m50_C60_a7_34.txt,unit,50,60,2,7,34,392,84.9755,22
unit_F2_m50_C60_a7_35.txt,unit,50,60,2,7,35,306,80.149,26
unit_F2_m50_C60_a7_36.txt,unit,50,60,2,7,36,364,107.19,49
unit_F2_m50_C60_a7_37.txt,unit,50,60,2,7,37,286,93.7136,29
unit_F2_m50_C60_a7_38.txt,unit,50,60,2,7,38,278,174.752,31
unit_F2_m50_C60_a7_39.txt,unit,50,60,2,7,39,250,87.5648,27
unit_F2_m50_C60_a7_40.txt,unit,50,60,2,7,40,244,106.55,16
unit_F2_m50_C60_a7_41.txt,unit,50,60,2,7,41,378,115.737,30
unit_F2_m50_C60_a7_42.txt,unit,50,60,2,7,42,232,127.767,118
unit_F2_m50_C60_a7_43.txt,unit,50,60,2,7,43,362,97.7505,38
unit_F2_m50_C60_a7_44.txt,unit,50,60,2,7,44,338,137.411,77
unit_F2_m50_C60_a7_45.txt,unit,50,60,2,7,45,210,186.866,133
unit_F2_m50_C60_a7_46.txt,unit,50,60,2,7,46,318,87.6064,18
unit_F2_m50_C60_a7_47.txt,unit,50,60,2,7,47,392,75.4617,26
unit_F2_m50_C60_a7_48.txt,unit,50,60,2,7,48,264,487.198,81
unit_F2_m50_C60_a7_49.txt,unit,50,60,2,7,49,228,119.301,39
unit_F2_m50_C60_a15_0.txt,unit,50,60,2,15,0,432,290.296,1159
unit_F2_m50_C60_a15_1.txt,unit,50,60,2,15,1,478,248.612,208
unit_F2_m50_C60_a15_2.txt,unit,50,60,2,15,2,474,162.66,785
unit_F2_m50_C60_a15_3.txt,unit,50,60,2,15,3,348,321.913,431
unit_F2_m50_C60_a15_4.txt,unit,50,60,2,15,4,422,201.408,164
unit_F2_m50_C60_a15_5.txt,unit,50,60,2,15,5,466,374.948,489
unit_F2_m50_C60_a15_6.txt,unit,50,60,2,15,6,530,369.137,882
unit_F2_m50_C60_a15_7.txt,unit,50,60,2,15,7,434,155.211,172
unit_F2_m50_C60_a15_8.txt,unit,50,60,2,15,8,432,489.118,722
unit_F2_m50_C60_a15_9.txt,unit,50,60,2,15,9,452,251.287,418
unit_F2_m50_C60_a15_10.txt,unit,50,60,2,15,10,448,229.594,509
unit_F2_m50_C60_a15_11.txt,unit,50,60,2,15,11,452,198.761,946
unit_F2_m50_C60_a15_12.txt,unit,50,60,2,15,12,410,210.606,323
unit_F2_m50_C60_a15_13.txt,unit,50,60,2,15,13,360,235.499,240
unit_F2_m50_C60_a15_14.txt,unit,50,60,2,15,14,378,304.428,801
unit_F2_m50_C60_a15_15.txt,unit,50,60,2,15,15,476,403.553,510
unit_F2_m50_C60_a15_16.txt,unit,50,60,2,15,16,460,150.545,182
unit_F2_m50_C60_a15_17.txt,unit,50,60,2,15,17,354,218.326,139
unit_F2_m50_C60_a15_18.txt,unit,50,60,2,15,18,492,194.153,276
unit_F2_m50_C60_a15_19.txt,unit,50,60,2,15,19,442,642.385,4153
unit_F2_m50_C60_a15_20.txt,unit,50,60,2,15,20,432,208.717,938
unit_F2_m50_C60_a15_21.txt,unit,50,60,2,15,21,480,186.445,232
unit_F2_m50_C60_a15_22.txt,unit,50,60,2,15,22,494,172.744,317
unit_F2_m50_C60_a15_23.txt,unit,50,60,2,15,23,430,191.525,373
unit_F2_m50_C60_a15_24.txt,unit,50,60,2,15,24,462,450.849,2171
unit_F2_m50_C60_a15_25.txt,unit,50,60,2,15,25,482,383.05,147
unit_F2_m50_C60_a15_26.txt,unit,50,60,2,15,26,470,159.914,608
unit_F2_m50_C60_a15_27.txt,unit,50,60,2,15,27,484,159.734,477
unit_F2_m50_C60_a15_28.txt,unit,50,60,2,15,28,382,603.122,1301
unit_F2_m50_C60_a15_29.txt,unit,50,60,2,15,29,468,168.326,200
unit_F2_m50_C60_a15_30.txt,unit,50,60,2,15,30,452,213.135,386
unit_F2_m50_C60_a15_31.txt,unit,50,60,2,15,31,320,358.962,1120
unit_F2_m50_C60_a15_32.txt,unit,50,60,2,15,32,506,144.549,57
unit_F2_m50_C60_a15_33.txt,unit,50,60,2,15,33,454,144.242,83
unit_F2_m50_C60_a15_34.txt,unit,50,60,2,15,34,498,215.751,276
unit_F2_m50_C60_a15_35.txt,unit,50,60,2,15,35,450,266.256,583
unit_F2_m50_C60_a15_36.txt,unit,50,60,2,15,36,456,221.041,476
unit_F2_m50_C60_a15_37.txt,unit,50,60,2,15,37,392,220.366,270
unit_F2_m50_C60_a15_38.txt,unit,50,60,2,15,38,376,249.208,219
unit_F2_m50_C60_a15_39.txt,unit,50,60,2,15,39,452,339.324,1124
unit_F2_m50_C60_a15_40.txt,unit,50,60,2,15,40,430,269.58,686
unit_F2_m50_C60_a15_41.txt,unit,50,60,2,15,41,484,312.412,274
unit_F2_m50_C60_a15_42.txt,unit,50,60,2,15,42,320,335.383,973
unit_F2_m50_C60_a15_43.txt,unit,50,60,2,15,43,446,227.837,522
unit_F2_m50_C60_a15_44.txt,unit,50,60,2,15,44,508,358.955,1096
unit_F2_m50_C60_a15_45.txt,unit,50,60,2,15,45,346,644.841,731
unit_F2_m50_C60_a15_46.txt,unit,50,60,2,15,46,396,172.185,393
unit_F2_m50_C60_a15_47.txt,unit,50,60,2,15,47,482,174.651,343
unit_F2_m50_C60_a15_48.txt,unit,50,60,2,15,48,318,854.881,756
unit_F2_m50_C60_a15_49.txt,unit,50,60,2,15,49,326,704.275,1073
unit_F2_m50_C60_a30_0.txt,unit,50,60,2,30,0,564,1.185.44,17349
unit_F2_m50_C60_a30_1.txt,unit,50,60,2,30,1,594,370.954,6281
unit_F2_m50_C60_a30_2.txt,unit,50,60,2,30,2,648,340.902,2420
unit_F2_m50_C60_a30_3.txt,unit,50,60,2,30,3,538,1.025.36,5838
unit_F2_m50_C60_a30_4.txt,unit,50,60,2,30,4,512,378.214,1979
unit_F2_m50_C60_a30_5.txt,unit,50,60,2,30,5,568,700.496,6466
unit_F2_m50_C60_a30_6.txt,unit,50,60,2,30,6,698,324.455,4110
unit_F2_m50_C60_a30_7.txt,unit,50,60,2,30,7,654,418.113,10228
unit_F2_m50_C60_a30_8.txt,unit,50,60,2,30,8,518,465.277,10091
unit_F2_m50_C60_a30_9.txt,unit,50,60,2,30,9,648,455.969,2979
unit_F2_m50_C60_a30_10.txt,unit,50,60,2,30,10,604,828.45,8708
unit_F2_m50_C60_a30_11.txt,unit,50,60,2,30,11,610,715.949,12042
unit_F2_m50_C60_a30_12.txt,unit,50,60,2,30,12,578,354.472,1114
unit_F2_m50_C60_a30_13.txt,unit,50,60,2,30,13,510,434.845,3522
unit_F2_m50_C60_a30_14.txt,unit,50,60,2,30,14,508,1.017.63,10857
unit_F2_m50_C60_a30_15.txt,unit,50,60,2,30,15,618,787.109,10210
unit_F2_m50_C60_a30_16.txt,unit,50,60,2,30,16,536,622,2738
unit_F2_m50_C60_a30_17.txt,unit,50,60,2,30,17,650,585.207,4868
unit_F2_m50_C60_a30_18.txt,unit,50,60,2,30,18,624,499.745,3043
unit_F2_m50_C60_a30_19.txt,unit,50,60,2,30,19,508,1.405.59,20473
unit_F2_m50_C60_a30_20.txt,unit,50,60,2,30,20,580,1.195.47,24397
unit_F2_m50_C60_a30_21.txt,unit,50,60,2,30,21,630,649.875,4205
unit_F2_m50_C60_a30_22.txt,unit,50,60,2,30,22,668,517.738,6472
unit_F2_m50_C60_a30_23.txt,unit,50,60,2,30,23,612,931.337,3773
unit_F2_m50_C60_a30_24.txt,unit,50,60,2,30,24,590,500.941,16583
unit_F2_m50_C60_a30_25.txt,unit,50,60,2,30,25,650,987.995,3148
unit_F2_m50_C60_a30_26.txt,unit,50,60,2,30,26,624,392.171,5996
unit_F2_m50_C60_a30_27.txt,unit,50,60,2,30,27,568,419.464,15838
unit_F2_m50_C60_a30_28.txt,unit,50,60,2,30,28,548,732.533,15486
unit_F2_m50_C60_a30_29.txt,unit,50,60,2,30,29,624,432.319,5542
unit_F2_m50_C60_a30_30.txt,unit,50,60,2,30,30,590,736.034,14777
unit_F2_m50_C60_a30_31.txt,unit,50,60,2,30,31,590,618.704,9231
unit_F2_m50_C60_a30_32.txt,unit,50,60,2,30,32,578,320.361,731
unit_F2_m50_C60_a30_33.txt,unit,50,60,2,30,33,662,309.445,1312
unit_F2_m50_C60_a30_34.txt,unit,50,60,2,30,34,648,497.324,4632
unit_F2_m50_C60_a30_35.txt,unit,50,60,2,30,35,568,530.426,13205
unit_F2_m50_C60_a30_36.txt,unit,50,60,2,30,36,574,541.918,5530
unit_F2_m50_C60_a30_37.txt,unit,50,60,2,30,37,586,428.39,8151
unit_F2_m50_C60_a30_38.txt,unit,50,60,2,30,38,632,562.764,5410
unit_F2_m50_C60_a30_39.txt,unit,50,60,2,30,39,558,369.308,2762
unit_F2_m50_C60_a30_40.txt,unit,50,60,2,30,40,600,431.911,8042
unit_F2_m50_C60_a30_41.txt,unit,50,60,2,30,41,684,380.657,5625
unit_F2_m50_C60_a30_42.txt,unit,50,60,2,30,42,544,866.397,11614
unit_F2_m50_C60_a30_43.txt,unit,50,60,2,30,43,562,566.525,25468
unit_F2_m50_C60_a30_44.txt,unit,50,60,2,30,44,598,418.465,9469
unit_F2_m50_C60_a30_45.txt,unit,50,60,2,30,45,534,1.366.89,12533
unit_F2_m50_C60_a30_46.txt,unit,50,60,2,30,46,604,582.998,2879
unit_F2_m50_C60_a30_47.txt,unit,50,60,2,30,47,638,355.325,3889
unit_F2_m50_C60_a30_48.txt,unit,50,60,2,30,48,508,972.512,10806
unit_F2_m50_C60_a30_49.txt,unit,50,60,2,30,49,556,1.552.11,20963
unit_F5_m50_C60_a3_0.txt,unit,50,60,5,3,0,244,210.64,8
unit_F5_m50_C60_a3_1.txt,unit,50,60,5,3,1,146,283.275,9
unit_F5_m50_C60_a3_2.txt,unit,50,60,5,3,2,108,718.693,16
unit_F5_m50_C60_a3_3.txt,unit,50,60,5,3,3,78,967.477,20
unit_F5_m50_C60_a3_4.txt,unit,50,60,5,3,4,102,8.329.01,25
unit_F5_m50_C60_a3_5.txt,unit,50,60,5,3,5,68,275.572,9
unit_F5_m50_C60_a3_6.txt,unit,50,60,5,3,6,106,370.952,8
unit_F5_m50_C60_a3_7.txt,unit,50,60,5,3,7,140,897.197,24
unit_F5_m50_C60_a3_8.txt,unit,50,60,5,3,8,80,1.048.64,11
unit_F5_m50_C60_a3_9.txt,unit,50,60,5,3,9,80,212.608,11
unit_F5_m50_C60_a3_10.txt,unit,50,60,5,3,10,288,214.503,36
unit_F5_m50_C60_a3_11.txt,unit,50,60,5,3,11,126,462.175,9
unit_F5_m50_C60_a3_12.txt,unit,50,60,5,3,12,86,3.534.70,51
unit_F5_m50_C60_a3_13.txt,unit,50,60,5,3,13,106,7.090.58,21
unit_F5_m50_C60_a3_14.txt,unit,50,60,5,3,14,130,817.986,14
unit_F5_m50_C60_a3_15.txt,unit,50,60,5,3,15,120,536.238,6
unit_F5_m50_C60_a3_16.txt,unit,50,60,5,3,16,76,233.641,11
unit_F5_m50_C60_a3_17.txt,unit,50,60,5,3,17,88,1.000.49,17
unit_F5_m50_C60_a3_18.txt,unit,50,60,5,3,18,80,194.476,6
unit_F5_m50_C60_a3_19.txt,unit,50,60,5,3,19,110,733.459,15
unit_F5_m50_C60_a3_20.txt,unit,50,60,5,3,20,62,3.703.67,16
unit_F5_m50_C60_a3_21.txt,unit,50,60,5,3,21,272,211.73,4
unit_F5_m50_C60_a3_22.txt,unit,50,60,5,3,22,232,241.711,9
unit_F5_m50_C60_a3_23.txt,unit,50,60,5,3,23,136,119.831,7
unit_F5_m50_C60_a3_24.txt,unit,50,60,5,3,24,98,296.954,7
unit_F5_m50_C60_a3_25.txt,unit,50,60,5,3,25,322,116.309,3
unit_F5_m50_C60_a3_26.txt,unit,50,60,5,3,26,262,361.374,15
unit_F5_m50_C60_a3_27.txt,unit,50,60,5,3,27,120,199.299,11
unit_F5_m50_C60_a3_28.txt,unit,50,60,5,3,28,168,129.665,4
unit_F5_m50_C60_a3_29.txt,unit,50,60,5,3,29,84,1.905.75,64
unit_F5_m50_C60_a3_30.txt,unit,50,60,5,3,30,50,271.094,15
unit_F5_m50_C60_a3_31.txt,unit,50,60,5,3,31,84,1.971.60,25
unit_F5_m50_C60_a3_32.txt,unit,50,60,5,3,32,100,296.101,11
unit_F5_m50_C60_a3_33.txt,unit,50,60,5,3,33,110,1.252.16,11
unit_F5_m50_C60_a3_34.txt,unit,50,60,5,3,34,154,505.641,32
unit_F5_m50_C60_a3_35.txt,unit,50,60,5,3,35,184,169.725,6
unit_F5_m50_C60_a3_36.txt,unit,50,60,5,3,36,54,199.917,12
unit_F5_m50_C60_a3_37.txt,unit,50,60,5,3,37,138,304.083,7
unit_F5_m50_C60_a3_38.txt,unit,50,60,5,3,38,186,173.813,7
unit_F5_m50_C60_a3_39.txt,unit,50,60,5,3,39,50,299.131,10
unit_F5_m50_C60_a3_40.txt,unit,50,60,5,3,40,160,1.481.26,338
unit_F5_m50_C60_a3_41.txt,unit,50,60,5,3,41,122,1.585.04,18
unit_F5_m50_C60_a3_42.txt,unit,50,60,5,3,42,74,614.19,12
unit_F5_m50_C60_a3_43.txt,unit,50,60,5,3,43,324,241.815,33
unit_F5_m50_C60_a3_44.txt,unit,50,60,5,3,44,206,302.961,13
unit_F5_m50_C60_a3_45.txt,unit,50,60,5,3,45,58,1.008.25,25
unit_F5_m50_C60_a3_46.txt,unit,50,60,5,3,46,88,456.789,14
unit_F5_m50_C60_a3_47.txt,unit,50,60,5,3,47,188,159.379,7
unit_F5_m50_C60_a3_48.txt,unit,50,60,5,3,48,96,5.043.64,27
unit_F5_m50_C60_a3_49.txt,unit,50,60,5,3,49,120,379.099,15
unit_F5_m50_C60_a7_0.txt,unit,50,60,5,7,0,256,1.148.82,5840
unit_F5_m50_C60_a7_1.txt,unit,50,60,5,7,1,172,501.386,1671
unit_F5_m50_C60_a7_2.txt,unit,50,60,5,7,2,342,399.939,24226
unit_F5_m50_C60_a7_3.txt,unit,50,60,5,7,3,124,1.987.15,1040
unit_F5_m50_C60_a7_4.txt,unit,50,60,5,7,4,138,156.431,9624
unit_F5_m50_C60_a7_5.txt,unit,50,60,5,7,5,294,562.595,2469
unit_F5_m50_C60_a7_6.txt,unit,50,60,5,7,6,174,280.439,350
unit_F5_m50_C60_a7_7.txt,unit,50,60,5,7,7,250,670.438,1488
unit_F5_m50_C60_a7_8.txt,unit,50,60,5,7,8,120,4.612.89,15059
unit_F5_m50_C60_a7_9.txt,unit,50,60,5,7,9,286,908.015,10037
unit_F5_m50_C60_a7_10.txt,unit,50,60,5,7,10,312,347.308,1528
unit_F5_m50_C60_a7_11.txt,unit,50,60,5,7,11,162,641.308,1119
unit_F5_m50_C60_a7_12.txt,unit,50,60,5,7,12,156,2.114.09,3804
unit_F5_m50_C60_a7_13.txt,unit,50,60,5,7,13,296,392.63,946
unit_F5_m50_C60_a7_14.txt,unit,50,60,5,7,14,156,1.088.12,2660
unit_F5_m50_C60_a7_15.txt,unit,50,60,5,7,15,236,612.614,1068
unit_F5_m50_C60_a7_16.txt,unit,50,60,5,7,16,228,429.099,3982
unit_F5_m50_C60_a7_17.txt,unit,50,60,5,7,17,190,1.022.24,7024
unit_F5_m50_C60_a7_18.txt,unit,50,60,5,7,18,232,317.235,765
unit_F5_m50_C60_a7_19.txt,unit,50,60,5,7,19,208,1.402.39,2590
unit_F5_m50_C60_a7_20.txt,unit,50,60,5,7,20,122,2.712.56,3166
unit_F5_m50_C60_a7_21.txt,unit,50,60,5,7,21,282,695.53,546
unit_F5_m50_C60_a7_22.txt,unit,50,60,5,7,22,302,663.92,7311
unit_F5_m50_C60_a7_23.txt,unit,50,60,5,7,23,158,314.792,759
unit_F5_m50_C60_a7_24.txt,unit,50,60,5,7,24,186,1.183.50,472
unit_F5_m50_C60_a7_25.txt,unit,50,60,5,7,25,334,336.115,5104
unit_F5_m50_C60_a7_26.txt,unit,50,60,5,7,26,276,525.499,2884
unit_F5_m50_C60_a7_27.txt,unit,50,60,5,7,27,250,543.549,1222
unit_F5_m50_C60_a7_28.txt,unit,50,60,5,7,28,206,377.441,1022
unit_F5_m50_C60_a7_29.txt,unit,50,60,5,7,29,264,379.072,4385
unit_F5_m50_C60_a7_30.txt,unit,50,60,5,7,30,118,3.729.89,6153
unit_F5_m50_C60_a7_31.txt,unit,50,60,5,7,31,196,3.906.84,12805
unit_F5_m50_C60_a7_32.txt,unit,50,60,5,7,32,208,721.754,2451
unit_F5_m50_C60_a7_33.txt,unit,50,60,5,7,33,128,1.926.52,253
unit_F5_m50_C60_a7_34.txt,unit,50,60,5,7,34,194,624.808,467
unit_F5_m50_C60_a7_35.txt,unit,50,60,5,7,35,184,425.515,1393
unit_F5_m50_C60_a7_36.txt,unit,50,60,5,7,36,132,2.255.99,1739
unit_F5_m50_C60_a7_37.txt,unit,50,60,5,7,37,158,743.768,1791
unit_F5_m50_C60_a7_38.txt,unit,50,60,5,7,38,296,165.672,58
unit_F5_m50_C60_a7_39.txt,unit,50,60,5,7,39,188,681.623,2703
unit_F5_m50_C60_a7_40.txt,unit,50,60,5,7,40,184,3.381.98,3908
unit_F5_m50_C60_a7_41.txt,unit,50,60,5,7,41,140,1.270.37,1480
unit_F5_m50_C60_a7_42.txt,unit,50,60,5,7,42,120,2.521.66,2033
unit_F5_m50_C60_a7_43.txt,unit,50,60,5,7,43,324,523.436,60000
unit_F5_m50_C60_a7_44.txt,unit,50,60,5,7,44,308,349.547,6298
unit_F5_m50_C60_a7_45.txt,unit,50,60,5,7,45,274,416.086,12486
unit_F5_m50_C60_a7_46.txt,unit,50,60,5,7,46,230,344.849,1309
unit_F5_m50_C60_a7_47.txt,unit,50,60,5,7,47,222,416.929,2987
unit_F5_m50_C60_a7_48.txt,unit,50,60,5,7,48,120,9.953.39,4283
unit_F5_m50_C60_a7_49.txt,unit,50,60,5,7,49,136,963.939,5391
unit_F5_m50_C60_a15_0.txt,unit,50,60,5,15,0,276,3.785,60000
unit_F5_m50_C60_a15_1.txt,unit,50,60,5,15,1,302,1.461.27,60000
unit_F5_m50_C60_a15_2.txt,unit,50,60,5,15,2,378,1.375.18,60000
unit_F5_m50_C60_a15_3.txt,unit,50,60,5,15,3,202,7.314.71,60000
unit_F5_m50_C60_a15_4.txt,unit,50,60,5,15,4,202,7.293.06,60000
unit_F5_m50_C60_a15_5.txt,unit,50,60,5,15,5,324,2.192.63,60000
unit_F5_m50_C60_a15_6.txt,unit,50,60,5,15,6,274,1.856.58,9572
unit_F5_m50_C60_a15_7.txt,unit,50,60,5,15,7,322,1.409.60,16069
unit_F5_m50_C60_a15_8.txt,unit,50,60,5,15,8,252,2.042.22,59985
unit_F5_m50_C60_a15_9.txt,unit,50,60,5,15,9,300,2.561.17,60000
unit_F5_m50_C60_a15_10.txt,unit,50,60,5,15,10,328,2.224.45,60000
unit_F5_m50_C60_a15_11.txt,unit,50,60,5,15,11,212,2.432.15,50675
unit_F5_m50_C60_a15_12.txt,unit,50,60,5,15,12,250,1.650.08,41996
unit_F5_m50_C60_a15_13.txt,unit,50,60,5,15,13,340,1.989.06,60000
unit_F5_m50_C60_a15_14.txt,unit,50,60,5,15,14,240,1.019.72,23304
unit_F5_m50_C60_a15_15.txt,unit,50,60,5,15,15,328,3.763.79,60000
unit_F5_m50_C60_a15_16.txt,unit,50,60,5,15,16,252,1.751.55,60000
unit_F5_m50_C60_a15_17.txt,unit,50,60,5,15,17,230,1.663.31,60000
unit_F5_m50_C60_a15_18.txt,unit,50,60,5,15,18,320,1.451.46,60000
unit_F5_m50_C60_a15_19.txt,unit,50,60,5,15,19,380,1.776.81,46115
unit_F5_m50_C60_a15_20.txt,unit,50,60,5,15,20,250,16.974.40,60000
unit_F5_m50_C60_a15_21.txt,unit,50,60,5,15,21,314,2.557.81,60000
unit_F5_m50_C60_a15_22.txt,unit,50,60,5,15,22,336,1.248.29,60000
unit_F5_m50_C60_a15_23.txt,unit,50,60,5,15,23,236,2.194.91,60000
unit_F5_m50_C60_a15_24.txt,unit,50,60,5,15,24,340,2.301.82,60000
unit_F5_m50_C60_a15_25.txt,unit,50,60,5,15,25,410,888.377,60000
unit_F5_m50_C60_a15_26.txt,unit,50,60,5,15,26,306,1.908.15,60000
unit_F5_m50_C60_a15_27.txt,unit,50,60,5,15,27,384,804.051,26044
unit_F5_m50_C60_a15_28.txt,unit,50,60,5,15,28,348,1.126.77,56249
unit_F5_m50_C60_a15_29.txt,unit,50,60,5,15,29,302,2.085.89,60000
unit_F5_m50_C60_a15_30.txt,unit,50,60,5,15,30,164,14.396.50,60000
unit_F5_m50_C60_a15_31.txt,unit,50,60,5,15,31,232,1.464.22,60000
unit_F5_m50_C60_a15_32.txt,unit,50,60,5,15,32,272,945.444,31036
unit_F5_m50_C60_a15_33.txt,unit,50,60,5,15,33,198,3.290,22982
unit_F5_m50_C60_a15_34.txt,unit,50,60,5,15,34,398,1.090.36,60000
unit_F5_m50_C60_a15_35.txt,unit,50,60,5,15,35,308,2.340.79,60000
unit_F5_m50_C60_a15_36.txt,unit,50,60,5,15,36,200,994.166,28461
unit_F5_m50_C60_a15_37.txt,unit,50,60,5,15,37,226,1.578.39,26773
unit_F5_m50_C60_a15_38.txt,unit,50,60,5,15,38,320,1.426.87,19461
unit_F5_m50_C60_a15_39.txt,unit,50,60,5,15,39,338,2.359.68,60000
unit_F5_m50_C60_a15_40.txt,unit,50,60,5,15,40,214,6.441.84,60000
unit_F5_m50_C60_a15_41.txt,unit,50,60,5,15,41,212,12.936.50,60000
unit_F5_m50_C60_a15_42.txt,unit,50,60,5,15,42,294,1.483.50,60000
unit_F5_m50_C60_a15_43.txt,unit,50,60,5,15,43,368,1.010.01,60000
unit_F5_m50_C60_a15_44.txt,unit,50,60,5,15,44,362,1.269.46,43575
unit_F5_m50_C60_a15_45.txt,unit,50,60,5,15,45,320,1.672.20,60000
unit_F5_m50_C60_a15_46.txt,unit,50,60,5,15,46,298,732.487,10575
unit_F5_m50_C60_a15_47.txt,unit,50,60,5,15,47,274,1.837.14,60000
unit_F5_m50_C60_a15_48.txt,unit,50,60,5,15,48,234,6.504.84,60000
unit_F5_m50_C60_a15_49.txt,unit,50,60,5,15,49,206,2.711.99,53337
unit_F5_m50_C60_a30_0.txt,unit,50,60,5,30,0,322,8.606.26,60000
unit_F5_m50_C60_a30_1.txt,unit,50,60,5,30,1,394,6.243.98,60000
unit_F5_m50_C60_a30_2.txt,unit,50,60,5,30,2,458,2.911.85,60000
unit_F5_m50_C60_a30_3.txt,unit,50,60,5,30,3,354,7.610.89,60000
unit_F5_m50_C60_a30_4.txt,unit,50,60,5,30,4,332,7.343.26,60000
unit_F5_m50_C60_a30_5.txt,unit,50,60,5,30,5,400,2.421.34,60000
unit_F5_m50_C60_a30_6.txt,unit,50,60,5,30,6,366,5.756.34,60000
unit_F5_m50_C60_a30_7.txt,unit,50,60,5,30,7,404,3.032.99,60000
unit_F5_m50_C60_a30_8.txt,unit,50,60,5,30,8,392,7.652.86,60000
unit_F5_m50_C60_a30_9.txt,unit,50,60,5,30,9,456,4.828.91,60000
unit_F5_m50_C60_a30_10.txt,unit,50,60,5,30,10,476,3.104.79,60000
unit_F5_m50_C60_a30_11.txt,unit,50,60,5,30,11,414,292.174,60000
unit_F5_m50_C60_a30_12.txt,unit,50,60,5,30,12,392,6.211.13,60000
unit_F5_m50_C60_a30_13.txt,unit,50,60,5,30,13,410,9.052.33,60000
unit_F5_m50_C60_a30_14.txt,unit,50,60,5,30,14,392,5.858.37,60000
unit_F5_m50_C60_a30_15.txt,unit,50,60,5,30,15,394,4.922.22,60000
unit_F5_m50_C60_a30_16.txt,unit,50,60,5,30,16,330,7.617.53,60000
unit_F5_m50_C60_a30_17.txt,unit,50,60,5,30,17,392,3.697.67,60000
unit_F5_m50_C60_a30_18.txt,unit,50,60,5,30,18,380,5.590.75,60000
unit_F5_m50_C60_a30_19.txt,unit,50,60,5,30,19,452,3.069.54,60000
unit_F5_m50_C60_a30_20.txt,unit,50,60,5,30,20,332,17.667.60,60000
unit_F5_m50_C60_a30_21.txt,unit,50,60,5,30,21,398,6.047.16,60000
unit_F5_m50_C60_a30_22.txt,unit,50,60,5,30,22,462,6.397.34,60000
unit_F5_m50_C60_a30_23.txt,unit,50,60,5,30,23,376,5.382.81,60000
unit_F5_m50_C60_a30_24.txt,unit,50,60,5,30,24,390,11.014.40,60000
unit_F5_m50_C60_a30_25.txt,unit,50,60,5,30,25,486,3.206.46,60000
unit_F5_m50_C60_a30_26.txt,unit,50,60,5,30,26,392,1.954.79,60000
unit_F5_m50_C60_a30_27.txt,unit,50,60,5,30,27,454,4.122.42,60000
unit_F5_m50_C60_a30_28.txt,unit,50,60,5,30,28,472,4.641.04,60000
unit_F5_m50_C60_a30_29.txt,unit,50,60,5,30,29,466,3.894.71,60000
unit_F5_m50_C60_a30_30.txt,unit,50,60,5,30,30,444,4.775.95,60000
unit_F5_m50_C60_a30_31.txt,unit,50,60,5,30,31,336,4.275.82,60000
unit_F5_m50_C60_a30_32.txt,unit,50,60,5,30,32,336,4.269.58,60000
unit_F5_m50_C60_a30_33.txt,unit,50,60,5,30,33,368,11.764.10,60000
unit_F5_m50_C60_a30_34.txt,unit,50,60,5,30,34,450,4.690.06,60000
unit_F5_m50_C60_a30_35.txt,unit,50,60,5,30,35,386,8.872.33,60000
unit_F5_m50_C60_a30_36.txt,unit,50,60,5,30,36,378,5.279.24,60000
unit_F5_m50_C60_a30_37.txt,unit,50,60,5,30,37,324,4.204.24,60000
unit_F5_m50_C60_a30_38.txt,unit,50,60,5,30,38,470,4.136.97,60000
unit_F5_m50_C60_a30_39.txt,unit,50,60,5,30,39,430,4.997.25,60000
unit_F5_m50_C60_a30_40.txt,unit,50,60,5,30,40,444,5.574.57,60000
unit_F5_m50_C60_a30_41.txt,unit,50,60,5,30,41,272,88.944,60000
unit_F5_m50_C60_a30_42.txt,unit,50,60,5,30,42,360,33.163.50,60000
unit_F5_m50_C60_a30_43.txt,unit,50,60,5,30,43,444,2.931.01,60000
unit_F5_m50_C60_a30_44.txt,unit,50,60,5,30,44,462,2.979.84,60000
unit_F5_m50_C60_a30_45.txt,unit,50,60,5,30,45,416,4.242.40,60000
unit_F5_m50_C60_a30_46.txt,unit,50,60,5,30,46,410,1.875.26,60000
unit_F5_m50_C60_a30_47.txt,unit,50,60,5,30,47,324,13.858.20,60000
unit_F5_m50_C60_a30_48.txt,unit,50,60,5,30,48,352,7.459.78,60000
unit_F5_m50_C60_a30_49.txt,unit,50,60,5,30,49,268,6.122.35,60000
unit_F10_m50_C60_a3_0.txt,unit,50,60,10,3,0,64,29.316.70,135
unit_F10_m50_C60_a3_1.txt,unit,50,60,10,3,1,40,4.729.58,41
unit_F10_m50_C60_a3_2.txt,unit,50,60,10,3,2,54,4.162,181
unit_F10_m50_C60_a3_3.txt,unit,50,60,10,3,3,54,30.781.70,35
unit_F10_m50_C60_a3_4.txt,unit,50,60,10,3,4,74,42.682,233
unit_F10_m50_C60_a3_5.txt,unit,50,60,10,3,5,206,3.355.37,117
unit_F10_m50_C60_a3_6.txt,unit,50,60,10,3,6,130,2.864.09,47
unit_F10_m50_C60_a3_7.txt,unit,50,60,10,3,7,132,3.246.85,31
unit_F10_m50_C60_a3_8.txt,unit,50,60,10,3,8,56,20.808.20,89
unit_F10_m50_C60_a3_9.txt,unit,50,60,10,3,9,156,24.087.20,7
unit_F10_m50_C60_a3_10.txt,unit,50,60,10,3,10,92,15.154.60,37
unit_F10_m50_C60_a3_11.txt,unit,50,60,10,3,11,284,3.126.74,11
unit_F10_m50_C60_a3_12.txt,unit,50,60,10,3,12,40,13.059.80,101
unit_F10_m50_C60_a3_13.txt,unit,50,60,10,3,13,62,30.891.30,85
unit_F10_m50_C60_a3_14.txt,unit,50,60,10,3,14,62,16.416,146
unit_F10_m50_C60_a3_15.txt,unit,50,60,10,3,15,54,14.207.40,154
unit_F10_m50_C60_a3_16.txt,unit,50,60,10,3,16,62,2.976.96,22
unit_F10_m50_C60_a3_17.txt,unit,50,60,10,3,17,92,25.408.20,181
unit_F10_m50_C60_a3_18.txt,unit,50,60,10,3,18,62,16.341.50,219
unit_F10_m50_C60_a3_19.txt,unit,50,60,10,3,19,106,2.711.63,47
unit_F10_m50_C60_a3_20.txt,unit,50,60,10,3,20,60,26.175.60,282
unit_F10_m50_C60_a3_21.txt,unit,50,60,10,3,21,124,8.747.72,33
unit_F10_m50_C60_a3_22.txt,unit,50,60,10,3,22,92,11.048.40,11
unit_F10_m50_C60_a3_23.txt,unit,50,60,10,3,23,56,15.884,57
unit_F10_m50_C60_a3_24.txt,unit,50,60,10,3,24,54,17.838.70,56
unit_F10_m50_C60_a3_25.txt,unit,50,60,10,3,25,50,15.810.50,87
unit_F10_m50_C60_a3_26.txt,unit,50,60,10,3,26,298,3.770.60,1197
unit_F10_m50_C60_a3_27.txt,unit,50,60,10,3,27,62,7.598.34,71
unit_F10_m50_C60_a3_28.txt,unit,50,60,10,3,28,66,19.399.40,45
unit_F10_m50_C60_a3_29.txt,unit,50,60,10,3,29,148,5.312.05,18
unit_F10_m50_C60_a3_30.txt,unit,50,60,10,3,30,86,7.963.28,45
unit_F10_m50_C60_a3_31.txt,unit,50,60,10,3,31,50,19.900.30,195
unit_F10_m50_C60_a3_32.txt,unit,50,60,10,3,32,78,15.089,36
unit_F10_m50_C60_a3_33.txt,unit,50,60,10,3,33,60,9.361.35,25
unit_F10_m50_C60_a3_34.txt,unit,50,60,10,3,34,252,15.142.80,16
unit_F10_m50_C60_a3_35.txt,unit,50,60,10,3,35,40,16.052.70,162
unit_F10_m50_C60_a3_36.txt,unit,50,60,10,3,36,94,26.964.50,138
unit_F10_m50_C60_a3_37.txt,unit,50,60,10,3,37,84,27.609.70,251
unit_F10_m50_C60_a3_38.txt,unit,50,60,10,3,38,128,23.819.40,547
unit_F10_m50_C60_a3_39.txt,unit,50,60,10,3,39,80,9.384.22,24
unit_F10_m50_C60_a3_40.txt,unit,50,60,10,3,40,72,12.187.50,117
unit_F10_m50_C60_a3_41.txt,unit,50,60,10,3,41,82,21.515.80,53
unit_F10_m50_C60_a3_42.txt,unit,50,60,10,3,42,90,3.137.67,42
unit_F10_m50_C60_a3_43.txt,unit,50,60,10,3,43,128,2.387.36,26
unit_F10_m50_C60_a3_44.txt,unit,50,60,10,3,44,54,22.847.30,98
unit_F10_m50_C60_a3_45.txt,unit,50,60,10,3,45,50,9.981.46,75
unit_F10_m50_C60_a3_46.txt,unit,50,60,10,3,46,100,13.519.80,26
unit_F10_m50_C60_a3_47.txt,unit,50,60,10,3,47,66,13.513.90,158
unit_F10_m50_C60_a3_48.txt,unit,50,60,10,3,48,82,11.540.90,43
unit_F10_m50_C60_a3_49.txt,unit,50,60,10,3,49,122,17.533.50,188
unit_F10_m50_C60_a7_0.txt,unit,50,60,10,7,0,98,78.656.70,60000
unit_F10_m50_C60_a7_1.txt,unit,50,60,10,7,1,88,18.296.70,49409
unit_F10_m50_C60_a7_2.txt,unit,50,60,10,7,2,106,16.238.10,29312
unit_F10_m50_C60_a7_3.txt,unit,50,60,10,7,3,94,20.772.40,30275
unit_F10_m50_C60_a7_4.txt,unit,50,60,10,7,4,86,40.205.40,60000
unit_F10_m50_C60_a7_5.txt,unit,50,60,10,7,5,218,8.888.17,60000
unit_F10_m50_C60_a7_6.txt,unit,50,60,10,7,6,154,22.158.30,47481
unit_F10_m50_C60_a7_7.txt,unit,50,60,10,7,7,138,5.728.49,25025
unit_F10_m50_C60_a7_8.txt,unit,50,60,10,7,8,130,21.174.80,23047
unit_F10_m50_C60_a7_9.txt,unit,50,60,10,7,9,168,19.452.60,45099
unit_F10_m50_C60_a7_10.txt,unit,50,60,10,7,10,108,17.156,60000
unit_F10_m50_C60_a7_11.txt,unit,50,60,10,7,11,284,5.306.58,60000
unit_F10_m50_C60_a7_12.txt,unit,50,60,10,7,12,82,71.249.80,60000
unit_F10_m50_C60_a7_13.txt,unit,50,60,10,7,13,86,38.303.90,39426
unit_F10_m50_C60_a7_14.txt,unit,50,60,10,7,14,74,27.160.60,5199
unit_F10_m50_C60_a7_15.txt,unit,50,60,10,7,15,102,29.913.80,60000
unit_F10_m50_C60_a7_16.txt,unit,50,60,10,7,16,112,12.527.60,46900
unit_F10_m50_C60_a7_17.txt,unit,50,60,10,7,17,108,19.535.40,12121
unit_F10_m50_C60_a7_18.txt,unit,50,60,10,7,18,174,14.009.40,51266
unit_F10_m50_C60_a7_19.txt,unit,50,60,10,7,19,106,5.414.24,41387
unit_F10_m50_C60_a7_20.txt,unit,50,60,10,7,20,228,10.643.10,60000
unit_F10_m50_C60_a7_21.txt,unit,50,60,10,7,21,124,11.708.40,4550
unit_F10_m50_C60_a7_22.txt,unit,50,60,10,7,22,118,8.880.67,2212
unit_F10_m50_C60_a7_23.txt,unit,50,60,10,7,23,138,5.210.98,8074
unit_F10_m50_C60_a7_24.txt,unit,50,60,10,7,24,272,6.221.56,60000
unit_F10_m50_C60_a7_25.txt,unit,50,60,10,7,25,88,51.196.60,52579
unit_F10_m50_C60_a7_26.txt,unit,50,60,10,7,26,298,5.254.39,60000
unit_F10_m50_C60_a7_27.txt,unit,50,60,10,7,27,114,14.214,47420
unit_F10_m50_C60_a7_28.txt,unit,50,60,10,7,28,106,25.617.30,14109
unit_F10_m50_C60_a7_29.txt,unit,50,60,10,7,29,234,5.301.15,16462
unit_F10_m50_C60_a7_30.txt,unit,50,60,10,7,30,234,5.424.40,15615
unit_F10_m50_C60_a7_31.txt,unit,50,60,10,7,31,92,44.363.50,60000
unit_F10_m50_C60_a7_32.txt,unit,50,60,10,7,32,84,4.590.92,1779
unit_F10_m50_C60_a7_33.txt,unit,50,60,10,7,33,172,12.944,23279
unit_F10_m50_C60_a7_34.txt,unit,50,60,10,7,34,252,8.728.61,17037
unit_F10_m50_C60_a7_35.txt,unit,50,60,10,7,35,158,9.568.62,31679
unit_F10_m50_C60_a7_36.txt,unit,50,60,10,7,36,94,12.697.60,11982
unit_F10_m50_C60_a7_37.txt,unit,50,60,10,7,37,148,17.119.80,21592
unit_F10_m50_C60_a7_38.txt,unit,50,60,10,7,38,138,35.152.60,52865
unit_F10_m50_C60_a7_39.txt,unit,50,60,10,7,39,90,11.436.30,7171
unit_F10_m50_C60_a7_40.txt,unit,50,60,10,7,40,118,15.281.70,11898
unit_F10_m50_C60_a7_41.txt,unit,50,60,10,7,41,262,4.065,9793
unit_F10_m50_C60_a7_42.txt,unit,50,60,10,7,42,106,4.485.38,21476
unit_F10_m50_C60_a7_43.txt,unit,50,60,10,7,43,174,3.785.43,4419
unit_F10_m50_C60_a7_44.txt,unit,50,60,10,7,44,132,5.318.76,12605
unit_F10_m50_C60_a7_45.txt,unit,50,60,10,7,45,102,7.352.06,2321
unit_F10_m50_C60_a7_46.txt,unit,50,60,10,7,46,240,7.571.39,6721
unit_F10_m50_C60_a7_47.txt,unit,50,60,10,7,47,98,257.080,60000
unit_F10_m50_C60_a7_48.txt,unit,50,60,10,7,48,94,22.577.90,25534
unit_F10_m50_C60_a7_49.txt,unit,50,60,10,7,49,136,26.401.40,36988
unit_F10_m50_C60_a15_0.txt,unit,50,60,10,15,0,160,47.843.20,60000
unit_F10_m50_C60_a15_1.txt,unit,50,60,10,15,1,202,37.128.20,60000
unit_F10_m50_C60_a15_2.txt,unit,50,60,10,15,2,168,15.973.50,60000
unit_F10_m50_C60_a15_3.txt,unit,50,60,10,15,3,170,36.420.40,60000
unit_F10_m50_C60_a15_4.txt,unit,50,60,10,15,4,126,7.402.72,60000
unit_F10_m50_C60_a15_5.txt,unit,50,60,10,15,5,270,16.277.20,60000
unit_F10_m50_C60_a15_6.txt,unit,50,60,10,15,6,210,14.683.50,60000
unit_F10_m50_C60_a15_7.txt,unit,50,60,10,15,7,164,9.858.39,60000
unit_F10_m50_C60_a15_8.txt,unit,50,60,10,15,8,152,6.457.73,60000
unit_F10_m50_C60_a15_9.txt,unit,50,60,10,15,9,218,22.587.80,60000
unit_F10_m50_C60_a15_10.txt,unit,50,60,10,15,10,226,29.713.50,60000
unit_F10_m50_C60_a15_11.txt,unit,50,60,10,15,11,286,12.391.60,60000
unit_F10_m50_C60_a15_12.txt,unit,50,60,10,15,12,130,114.742,60000
unit_F10_m50_C60_a15_13.txt,unit,50,60,10,15,13,134,41.360.50,60000
unit_F10_m50_C60_a15_14.txt,unit,50,60,10,15,14,204,120.791,60000
unit_F10_m50_C60_a15_15.txt,unit,50,60,10,15,15,228,24.631.20,60000
unit_F10_m50_C60_a15_16.txt,unit,50,60,10,15,16,226,16.343.50,60000
unit_F10_m50_C60_a15_17.txt,unit,50,60,10,15,17,302,33.173.80,60000
unit_F10_m50_C60_a15_18.txt,unit,50,60,10,15,18,192,6.676.52,60000
unit_F10_m50_C60_a15_19.txt,unit,50,60,10,15,19,132,8.510.56,60000
unit_F10_m50_C60_a15_20.txt,unit,50,60,10,15,20,318,16.474.30,60000
unit_F10_m50_C60_a15_21.txt,unit,50,60,10,15,21,220,22.047.60,60000
unit_F10_m50_C60_a15_22.txt,unit,50,60,10,15,22,186,25.618.40,60000
unit_F10_m50_C60_a15_23.txt,unit,50,60,10,15,23,208,6.513.22,60000
unit_F10_m50_C60_a15_24.txt,unit,50,60,10,15,24,280,8.420.41,60000
unit_F10_m50_C60_a15_25.txt,unit,50,60,10,15,25,190,7.488.76,60000
unit_F10_m50_C60_a15_26.txt,unit,50,60,10,15,26,324,7.966.67,60000
unit_F10_m50_C60_a15_27.txt,unit,50,60,10,15,27,138,25.573,60000
unit_F10_m50_C60_a15_28.txt,unit,50,60,10,15,28,144,40.506.20,60000
unit_F10_m50_C60_a15_29.txt,unit,50,60,10,15,29,288,16.244.50,60000
unit_F10_m50_C60_a15_30.txt,unit,50,60,10,15,30,278,10.121.80,60000
unit_F10_m50_C60_a15_31.txt,unit,50,60,10,15,31,200,17.271.70,60000
unit_F10_m50_C60_a15_32.txt,unit,50,60,10,15,32,140,29.948.50,60000
unit_F10_m50_C60_a15_33.txt,unit,50,60,10,15,33,214,15.665.40,60000
unit_F10_m50_C60_a15_34.txt,unit,50,60,10,15,34,346,10.494.70,60000
unit_F10_m50_C60_a15_35.txt,unit,50,60,10,15,35,266,13.698.60,60000
unit_F10_m50_C60_a15_36.txt,unit,50,60,10,15,36,130,43.425.20,60000
unit_F10_m50_C60_a15_37.txt,unit,50,60,10,15,37,210,27.508.20,60000
unit_F10_m50_C60_a15_38.txt,unit,50,60,10,15,38,142,88.063.60,60000
unit_F10_m50_C60_a15_39.txt,unit,50,60,10,15,39,162,27.295.50,60000
unit_F10_m50_C60_a15_40.txt,unit,50,60,10,15,40,146,8.936.33,60000
unit_F10_m50_C60_a15_41.txt,unit,50,60,10,15,41,296,12.334.40,60000
unit_F10_m50_C60_a15_42.txt,unit,50,60,10,15,42,136,29.414.90,60000
unit_F10_m50_C60_a15_43.txt,unit,50,60,10,15,43,250,6.826.96,60000
unit_F10_m50_C60_a15_44.txt,unit,50,60,10,15,44,170,18.310.40,60000
unit_F10_m50_C60_a15_45.txt,unit,50,60,10,15,45,172,69.036.70,60000
unit_F10_m50_C60_a15_46.txt,unit,50,60,10,15,46,264,8.118.55,60000
unit_F10_m50_C60_a15_47.txt,unit,50,60,10,15,47,170,21.527.90,60000
unit_F10_m50_C60_a15_48.txt,unit,50,60,10,15,48,220,6.310.92,60000
unit_F10_m50_C60_a15_49.txt,unit,50,60,10,15,49,256,35.554.50,60000
unit_F10_m50_C60_a30_0.txt,unit,50,60,10,30,0,234,43.634.40,60000
unit_F10_m50_C60_a30_1.txt,unit,50,60,10,30,1,348,412.933,60000
unit_F10_m50_C60_a30_2.txt,unit,50,60,10,30,2,316,335.594,60000
unit_F10_m50_C60_a30_3.txt,unit,50,60,10,30,3,372,104.266,60000
unit_F10_m50_C60_a30_4.txt,unit,50,60,10,30,4,234,58.876.40,60000
unit_F10_m50_C60_a30_5.txt,unit,50,60,10,30,5,322,27.507.30,60000
unit_F10_m50_C60_a30_6.txt,unit,50,60,10,30,6,294,57.616.50,60000
unit_F10_m50_C60_a30_7.txt,unit,50,60,10,30,7,344,12.890,60000
unit_F10_m50_C60_a30_8.txt,unit,50,60,10,30,8,280,217.703,60000
unit_F10_m50_C60_a30_9.txt,unit,50,60,10,30,9,280,46.965.40,60000
unit_F10_m50_C60_a30_10.txt,unit,50,60,10,30,10,280,32.679.80,60000
unit_F10_m50_C60_a30_11.txt,unit,50,60,10,30,11,386,18.789.50,60000
unit_F10_m50_C60_a30_12.txt,unit,50,60,10,30,12,228,50.937.50,60000
unit_F10_m50_C60_a30_13.txt,unit,50,60,10,30,13,252,1.02E+06,60000
unit_F10_m50_C60_a30_14.txt,unit,50,60,10,30,14,226,55.898.80,60000
unit_F10_m50_C60_a30_15.txt,unit,50,60,10,30,15,288,22.108.10,60000
unit_F10_m50_C60_a30_16.txt,unit,50,60,10,30,16,268,38.310.10,60000
unit_F10_m50_C60_a30_17.txt,unit,50,60,10,30,17,314,32.944.60,60000
unit_F10_m50_C60_a30_18.txt,unit,50,60,10,30,18,344,21.750.90,60000
unit_F10_m50_C60_a30_19.txt,unit,50,60,10,30,19,250,20.846.50,60000
unit_F10_m50_C60_a30_20.txt,unit,50,60,10,30,20,348,19.502.10,60000
unit_F10_m50_C60_a30_21.txt,unit,50,60,10,30,21,386,40.150.20,60000
unit_F10_m50_C60_a30_22.txt,unit,50,60,10,30,22,262,24.999.10,60000
unit_F10_m50_C60_a30_23.txt,unit,50,60,10,30,23,316,12.698.80,60000
unit_F10_m50_C60_a30_24.txt,unit,50,60,10,30,24,348,12.511.60,60000
unit_F10_m50_C60_a30_25.txt,unit,50,60,10,30,25,312,27.065.60,60000
unit_F10_m50_C60_a30_26.txt,unit,50,60,10,30,26,382,10.906.20,60000
unit_F10_m50_C60_a30_27.txt,unit,50,60,10,30,27,240,30.348.60,60000
unit_F10_m50_C60_a30_28.txt,unit,50,60,10,30,28,176,839.945,60000
unit_F10_m50_C60_a30_29.txt,unit,50,60,10,30,29,332,20.902.50,60000
unit_F10_m50_C60_a30_30.txt,unit,50,60,10,30,30,330,54.072.90,60000
unit_F10_m50_C60_a30_31.txt,unit,50,60,10,30,31,238,33.481.30,60000
unit_F10_m50_C60_a30_32.txt,unit,50,60,10,30,32,228,107.989,60000
unit_F10_m50_C60_a30_33.txt,unit,50,60,10,30,33,302,16.677.80,60000
unit_F10_m50_C60_a30_34.txt,unit,50,60,10,30,34,372,26.095.70,60000
unit_F10_m50_C60_a30_35.txt,unit,50,60,10,30,35,292,16.184.70,60000
unit_F10_m50_C60_a30_36.txt,unit,50,60,10,30,36,182,28.642,60000
unit_F10_m50_C60_a30_37.txt,unit,50,60,10,30,37,248,22.945.10,60000
unit_F10_m50_C60_a30_38.txt,unit,50,60,10,30,38,190,128.351,60000
unit_F10_m50_C60_a30_39.txt,unit,50,60,10,30,39,320,79.352.40,60000
unit_F10_m50_C60_a30_40.txt,unit,50,60,10,30,40,222,36.417.80,60000
unit_F10_m50_C60_a30_41.txt,unit,50,60,10,30,41,318,16.317.70,60000
unit_F10_m50_C60_a30_42.txt,unit,50,60,10,30,42,356,21.130.70,60000
unit_F10_m50_C60_a30_43.txt,unit,50,60,10,30,43,344,15.609.70,60000
unit_F10_m50_C60_a30_44.txt,unit,50,60,10,30,44,258,52.857.70,60000
unit_F10_m50_C60_a30_45.txt,unit,50,60,10,30,45,342,18.406.30,60000
unit_F10_m50_C60_a30_46.txt,unit,50,60,10,30,46,288,20.818.90,60000
unit_F10_m50_C60_a30_47.txt,unit,50,60,10,30,47,272,38.881.80,60000
unit_F10_m50_C60_a30_48.txt,unit,50,60,10,30,48,306,23.460.20,60000
unit_F10_m50_C60_a30_49.txt,unit,50,60,10,30,49,312,59.071.60,60000
unit_F2_m50_C180_a3_0.txt,unit,50,180,2,3,0,258,83.19,4
unit_F2_m50_C180_a3_1.txt,unit,50,180,2,3,1,348,86.4802,3
unit_F2_m50_C180_a3_2.txt,unit,50,180,2,3,2,552,79.6555,3
unit_F2_m50_C180_a3_3.txt,unit,50,180,2,3,3,390,27.4459,3
unit_F2_m50_C180_a3_4.txt,unit,50,180,2,3,4,568,54.9684,3
unit_F2_m50_C180_a3_5.txt,unit,50,180,2,3,5,390,71.5016,5
unit_F2_m50_C180_a3_6.txt,unit,50,180,2,3,6,482,8.025,4
unit_F2_m50_C180_a3_7.txt,unit,50,180,2,3,7,372,112.65,4
unit_F2_m50_C180_a3_8.txt,unit,50,180,2,3,8,250,90.8876,10
unit_F2_m50_C180_a3_9.txt,unit,50,180,2,3,9,248,351.255,24
unit_F2_m50_C180_a3_10.txt,unit,50,180,2,3,10,206,45.654,3
unit_F2_m50_C180_a3_11.txt,unit,50,180,2,3,11,562,48.7674,3
unit_F2_m50_C180_a3_12.txt,unit,50,180,2,3,12,328,365.8,5
unit_F2_m50_C180_a3_13.txt,unit,50,180,2,3,13,578,83.0471,3
unit_F2_m50_C180_a3_14.txt,unit,50,180,2,3,14,538,83.2574,5
unit_F2_m50_C180_a3_15.txt,unit,50,180,2,3,15,234,107.457,5
unit_F2_m50_C180_a3_16.txt,unit,50,180,2,3,16,358,108.785,5
unit_F2_m50_C180_a3_17.txt,unit,50,180,2,3,17,596,17.6098,4
unit_F2_m50_C180_a3_18.txt,unit,50,180,2,3,18,252,270.679,5
unit_F2_m50_C180_a3_19.txt,unit,50,180,2,3,19,214,142.294,8
unit_F2_m50_C180_a3_20.txt,unit,50,180,2,3,20,330,501.971,7
unit_F2_m50_C180_a3_21.txt,unit,50,180,2,3,21,290,254.05,6
unit_F2_m50_C180_a3_22.txt,unit,50,180,2,3,22,256,76.9278,5
unit_F2_m50_C180_a3_23.txt,unit,50,180,2,3,23,300,61.4079,3
unit_F2_m50_C180_a3_24.txt,unit,50,180,2,3,24,226,525.906,8
unit_F2_m50_C180_a3_25.txt,unit,50,180,2,3,25,574,19.4814,3
unit_F2_m50_C180_a3_26.txt,unit,50,180,2,3,26,302,94.4316,4
unit_F2_m50_C180_a3_27.txt,unit,50,180,2,3,27,562,23.1291,2
unit_F2_m50_C180_a3_28.txt,unit,50,180,2,3,28,248,377.445,5
unit_F2_m50_C180_a3_29.txt,unit,50,180,2,3,29,392,233.006,5
unit_F2_m50_C180_a3_30.txt,unit,50,180,2,3,30,310,50.814,4
unit_F2_m50_C180_a3_31.txt,unit,50,180,2,3,31,340,52.9744,4
unit_F2_m50_C180_a3_32.txt,unit,50,180,2,3,32,332,52.5074,3
unit_F2_m50_C180_a3_33.txt,unit,50,180,2,3,33,200,230.141,5
unit_F2_m50_C180_a3_34.txt,unit,50,180,2,3,34,450,112.166,5
unit_F2_m50_C180_a3_35.txt,unit,50,180,2,3,35,308,8.764.28,126
unit_F2_m50_C180_a3_36.txt,unit,50,180,2,3,36,342,53.0452,4
unit_F2_m50_C180_a3_37.txt,unit,50,180,2,3,37,396,56.2131,4
unit_F2_m50_C180_a3_38.txt,unit,50,180,2,3,38,346,39.0455,2
unit_F2_m50_C180_a3_39.txt,unit,50,180,2,3,39,326,395.271,9
unit_F2_m50_C180_a3_40.txt,unit,50,180,2,3,40,308,274.446,9
unit_F2_m50_C180_a3_41.txt,unit,50,180,2,3,41,356,23.1106,2
unit_F2_m50_C180_a3_42.txt,unit,50,180,2,3,42,458,55.4439,4
unit_F2_m50_C180_a3_43.txt,unit,50,180,2,3,43,298,69.6676,5
unit_F2_m50_C180_a3_44.txt,unit,50,180,2,3,44,408,57.9264,3
unit_F2_m50_C180_a3_45.txt,unit,50,180,2,3,45,212,446.895,10
unit_F2_m50_C180_a3_46.txt,unit,50,180,2,3,46,500,104.225,8
unit_F2_m50_C180_a3_47.txt,unit,50,180,2,3,47,268,219.169,7
unit_F2_m50_C180_a3_48.txt,unit,50,180,2,3,48,344,12.1925,3
unit_F2_m50_C180_a3_49.txt,unit,50,180,2,3,49,316,98.6751,5
unit_F2_m50_C180_a7_0.txt,unit,50,180,2,7,0,580,90.6798,23
unit_F2_m50_C180_a7_1.txt,unit,50,180,2,7,1,666,148.208,14
unit_F2_m50_C180_a7_2.txt,unit,50,180,2,7,2,708,77.3965,4
unit_F2_m50_C180_a7_3.txt,unit,50,180,2,7,3,558,87.9812,31
unit_F2_m50_C180_a7_4.txt,unit,50,180,2,7,4,586,91.9807,28
unit_F2_m50_C180_a7_5.txt,unit,50,180,2,7,5,542,175.564,32
unit_F2_m50_C180_a7_6.txt,unit,50,180,2,7,6,630,68.0694,10
unit_F2_m50_C180_a7_7.txt,unit,50,180,2,7,7,494,104.013,14
unit_F2_m50_C180_a7_8.txt,unit,50,180,2,7,8,392,248.632,49
unit_F2_m50_C180_a7_9.txt,unit,50,180,2,7,9,472,82.6378,13
unit_F2_m50_C180_a7_10.txt,unit,50,180,2,7,10,474,322.407,46
unit_F2_m50_C180_a7_11.txt,unit,50,180,2,7,11,622,98.3259,81
unit_F2_m50_C180_a7_12.txt,unit,50,180,2,7,12,440,3.049.51,581
unit_F2_m50_C180_a7_13.txt,unit,50,180,2,7,13,696,81.0583,28
unit_F2_m50_C180_a7_14.txt,unit,50,180,2,7,14,556,136.454,124
unit_F2_m50_C180_a7_15.txt,unit,50,180,2,7,15,376,351.137,31
unit_F2_m50_C180_a7_16.txt,unit,50,180,2,7,16,506,89.7527,44
unit_F2_m50_C180_a7_17.txt,unit,50,180,2,7,17,728,60.7911,8
unit_F2_m50_C180_a7_18.txt,unit,50,180,2,7,18,560,140.676,43
unit_F2_m50_C180_a7_19.txt,unit,50,180,2,7,19,398,79.7506,25
unit_F2_m50_C180_a7_20.txt,unit,50,180,2,7,20,552,127.302,89
unit_F2_m50_C180_a7_21.txt,unit,50,180,2,7,21,396,358.291,29
unit_F2_m50_C180_a7_22.txt,unit,50,180,2,7,22,526,83.6476,18
unit_F2_m50_C180_a7_23.txt,unit,50,180,2,7,23,530,254.561,46
unit_F2_m50_C180_a7_24.txt,unit,50,180,2,7,24,630,143.395,161
unit_F2_m50_C180_a7_25.txt,unit,50,180,2,7,25,688,56.3369,13
unit_F2_m50_C180_a7_26.txt,unit,50,180,2,7,26,650,110.961,130
unit_F2_m50_C180_a7_27.txt,unit,50,180,2,7,27,652,74.2351,12
unit_F2_m50_C180_a7_28.txt,unit,50,180,2,7,28,470,158.969,47
unit_F2_m50_C180_a7_29.txt,unit,50,180,2,7,29,590,107.937,57
unit_F2_m50_C180_a7_30.txt,unit,50,180,2,7,30,460,120.467,65
unit_F2_m50_C180_a7_31.txt,unit,50,180,2,7,31,604,84.3199,17
unit_F2_m50_C180_a7_32.txt,unit,50,180,2,7,32,518,68.9002,7
unit_F2_m50_C180_a7_33.txt,unit,50,180,2,7,33,334,767.609,152
unit_F2_m50_C180_a7_34.txt,unit,50,180,2,7,34,542,135.738,314
unit_F2_m50_C180_a7_35.txt,unit,50,180,2,7,35,398,110.632,51
unit_F2_m50_C180_a7_36.txt,unit,50,180,2,7,36,506,93.1941,39
unit_F2_m50_C180_a7_37.txt,unit,50,180,2,7,37,592,97.0044,31
unit_F2_m50_C180_a7_38.txt,unit,50,180,2,7,38,504,71.3629,7
unit_F2_m50_C180_a7_39.txt,unit,50,180,2,7,39,468,116.172,59
unit_F2_m50_C180_a7_40.txt,unit,50,180,2,7,40,388,835.103,505
unit_F2_m50_C180_a7_41.txt,unit,50,180,2,7,41,502,80.146,9
unit_F2_m50_C180_a7_42.txt,unit,50,180,2,7,42,586,137.773,19
unit_F2_m50_C180_a7_43.txt,unit,50,180,2,7,43,364,193.764,34
unit_F2_m50_C180_a7_44.txt,unit,50,180,2,7,44,552,86.273,14
unit_F2_m50_C180_a7_45.txt,unit,50,180,2,7,45,492,124.593,68
unit_F2_m50_C180_a7_46.txt,unit,50,180,2,7,46,522,103.335,52
unit_F2_m50_C180_a7_47.txt,unit,50,180,2,7,47,400,167.739,23
unit_F2_m50_C180_a7_48.txt,unit,50,180,2,7,48,426,91.2399,21
unit_F2_m50_C180_a7_49.txt,unit,50,180,2,7,49,578,159.549,23
unit_F2_m50_C180_a15_0.txt,unit,50,180,2,15,0,764,230.412,215
unit_F2_m50_C180_a15_1.txt,unit,50,180,2,15,1,828,265.827,163
unit_F2_m50_C180_a15_2.txt,unit,50,180,2,15,2,816,284.198,365
unit_F2_m50_C180_a15_3.txt,unit,50,180,2,15,3,766,222.035,344
unit_F2_m50_C180_a15_4.txt,unit,50,180,2,15,4,756,161.104,358
unit_F2_m50_C180_a15_5.txt,unit,50,180,2,15,5,756,269.967,280
unit_F2_m50_C180_a15_6.txt,unit,50,180,2,15,6,838,345.153,328
unit_F2_m50_C180_a15_7.txt,unit,50,180,2,15,7,758,360.538,319
unit_F2_m50_C180_a15_8.txt,unit,50,180,2,15,8,708,191.035,199
unit_F2_m50_C180_a15_9.txt,unit,50,180,2,15,9,854,141.806,55
unit_F2_m50_C180_a15_10.txt,unit,50,180,2,15,10,704,156.621,237
unit_F2_m50_C180_a15_11.txt,unit,50,180,2,15,11,816,216.591,623
unit_F2_m50_C180_a15_12.txt,unit,50,180,2,15,12,660,1.197.79,1746
unit_F2_m50_C180_a15_13.txt,unit,50,180,2,15,13,894,434.814,249
unit_F2_m50_C180_a15_14.txt,unit,50,180,2,15,14,698,641.61,656
unit_F2_m50_C180_a15_15.txt,unit,50,180,2,15,15,588,305.54,405
unit_F2_m50_C180_a15_16.txt,unit,50,180,2,15,16,770,188.213,118
unit_F2_m50_C180_a15_17.txt,unit,50,180,2,15,17,830,165.909,242
unit_F2_m50_C180_a15_18.txt,unit,50,180,2,15,18,828,273.988,99
unit_F2_m50_C180_a15_19.txt,unit,50,180,2,15,19,634,523.83,885
unit_F2_m50_C180_a15_20.txt,unit,50,180,2,15,20,798,180.326,284
unit_F2_m50_C180_a15_21.txt,unit,50,180,2,15,21,814,588.988,315
unit_F2_m50_C180_a15_22.txt,unit,50,180,2,15,22,852,173.015,50
unit_F2_m50_C180_a15_23.txt,unit,50,180,2,15,23,778,140.041,105
unit_F2_m50_C180_a15_24.txt,unit,50,180,2,15,24,850,303.041,359
unit_F2_m50_C180_a15_25.txt,unit,50,180,2,15,25,926,158.513,332
unit_F2_m50_C180_a15_26.txt,unit,50,180,2,15,26,756,250.316,1000
unit_F2_m50_C180_a15_27.txt,unit,50,180,2,15,27,944,131.139,87
unit_F2_m50_C180_a15_28.txt,unit,50,180,2,15,28,672,271.899,324
unit_F2_m50_C180_a15_29.txt,unit,50,180,2,15,29,884,165.117,108
unit_F2_m50_C180_a15_30.txt,unit,50,180,2,15,30,744,274.544,520
unit_F2_m50_C180_a15_31.txt,unit,50,180,2,15,31,782,508.929,559
unit_F2_m50_C180_a15_32.txt,unit,50,180,2,15,32,836,172.149,118
unit_F2_m50_C180_a15_33.txt,unit,50,180,2,15,33,782,199.293,533
unit_F2_m50_C180_a15_34.txt,unit,50,180,2,15,34,814,241.708,530
unit_F2_m50_C180_a15_35.txt,unit,50,180,2,15,35,736,252.347,110
unit_F2_m50_C180_a15_36.txt,unit,50,180,2,15,36,780,435.614,943
unit_F2_m50_C180_a15_37.txt,unit,50,180,2,15,37,904,416.688,226
unit_F2_m50_C180_a15_38.txt,unit,50,180,2,15,38,966,158.456,23
unit_F2_m50_C180_a15_39.txt,unit,50,180,2,15,39,906,692.309,188
unit_F2_m50_C180_a15_40.txt,unit,50,180,2,15,40,624,720.207,860
unit_F2_m50_C180_a15_41.txt,unit,50,180,2,15,41,730,165.662,122
unit_F2_m50_C180_a15_42.txt,unit,50,180,2,15,42,822,189.139,221
unit_F2_m50_C180_a15_43.txt,unit,50,180,2,15,43,664,226.868,573
unit_F2_m50_C180_a15_44.txt,unit,50,180,2,15,44,686,309.863,192
unit_F2_m50_C180_a15_45.txt,unit,50,180,2,15,45,792,337.672,666
unit_F2_m50_C180_a15_46.txt,unit,50,180,2,15,46,798,238.237,712
unit_F2_m50_C180_a15_47.txt,unit,50,180,2,15,47,832,389.11,729
unit_F2_m50_C180_a15_48.txt,unit,50,180,2,15,48,718,192.22,249
unit_F2_m50_C180_a15_49.txt,unit,50,180,2,15,49,770,431.743,390
unit_F2_m50_C180_a30_0.txt,unit,50,180,2,30,0,1120,345.824,366
unit_F2_m50_C180_a30_1.txt,unit,50,180,2,30,1,1188,860.703,3150
unit_F2_m50_C180_a30_2.txt,unit,50,180,2,30,2,1058,575.684,5386
unit_F2_m50_C180_a30_3.txt,unit,50,180,2,30,3,1086,852.285,9595
unit_F2_m50_C180_a30_4.txt,unit,50,180,2,30,4,1148,251.577,809
unit_F2_m50_C180_a30_5.txt,unit,50,180,2,30,5,1178,449.214,2045
unit_F2_m50_C180_a30_6.txt,unit,50,180,2,30,6,1376,823.753,4217
unit_F2_m50_C180_a30_7.txt,unit,50,180,2,30,7,1108,844.562,4099
unit_F2_m50_C180_a30_8.txt,unit,50,180,2,30,8,1186,459.147,2739
unit_F2_m50_C180_a30_9.txt,unit,50,180,2,30,9,1160,361.133,3187
unit_F2_m50_C180_a30_10.txt,unit,50,180,2,30,10,1282,356.634,492
unit_F2_m50_C180_a30_11.txt,unit,50,180,2,30,11,1168,483.339,10358
unit_F2_m50_C180_a30_12.txt,unit,50,180,2,30,12,1216,1.134.82,4991
unit_F2_m50_C180_a30_13.txt,unit,50,180,2,30,13,1178,698.656,4590
unit_F2_m50_C180_a30_14.txt,unit,50,180,2,30,14,1096,1.921.47,7605
unit_F2_m50_C180_a30_15.txt,unit,50,180,2,30,15,1004,641.71,11656
unit_F2_m50_C180_a30_16.txt,unit,50,180,2,30,16,1230,751.135,2344
unit_F2_m50_C180_a30_17.txt,unit,50,180,2,30,17,1170,333.138,1661
unit_F2_m50_C180_a30_18.txt,unit,50,180,2,30,18,1106,322.37,690
unit_F2_m50_C180_a30_19.txt,unit,50,180,2,30,19,1008,1.018.16,15852
unit_F2_m50_C180_a30_20.txt,unit,50,180,2,30,20,1308,309.007,864
unit_F2_m50_C180_a30_21.txt,unit,50,180,2,30,21,1128,373.34,2545
unit_F2_m50_C180_a30_22.txt,unit,50,180,2,30,22,1176,1.413.14,4149
unit_F2_m50_C180_a30_23.txt,unit,50,180,2,30,23,1190,326.31,3774
unit_F2_m50_C180_a30_24.txt,unit,50,180,2,30,24,1154,764.84,9226
unit_F2_m50_C180_a30_25.txt,unit,50,180,2,30,25,1260,873.523,7827
unit_F2_m50_C180_a30_26.txt,unit,50,180,2,30,26,1130,1.130.33,8752
unit_F2_m50_C180_a30_27.txt,unit,50,180,2,30,27,1192,343.632,2092
unit_F2_m50_C180_a30_28.txt,unit,50,180,2,30,28,1106,905.182,10678
unit_F2_m50_C180_a30_29.txt,unit,50,180,2,30,29,1212,777.447,2675
unit_F2_m50_C180_a30_30.txt,unit,50,180,2,30,30,1022,3.302.35,22545
unit_F2_m50_C180_a30_31.txt,unit,50,180,2,30,31,1024,1.110.73,8314
unit_F2_m50_C180_a30_32.txt,unit,50,180,2,30,32,1294,370.894,862
unit_F2_m50_C180_a30_33.txt,unit,50,180,2,30,33,1116,459.709,6967
unit_F2_m50_C180_a30_34.txt,unit,50,180,2,30,34,1160,857.192,6323
unit_F2_m50_C180_a30_35.txt,unit,50,180,2,30,35,1128,432.432,3457
unit_F2_m50_C180_a30_36.txt,unit,50,180,2,30,36,1188,1.453.63,4265
unit_F2_m50_C180_a30_37.txt,unit,50,180,2,30,37,1248,526.535,1937
unit_F2_m50_C180_a30_38.txt,unit,50,180,2,30,38,1290,410.746,3172
unit_F2_m50_C180_a30_39.txt,unit,50,180,2,30,39,1116,401.729,4085
unit_F2_m50_C180_a30_40.txt,unit,50,180,2,30,40,890,454.396,2074
unit_F2_m50_C180_a30_41.txt,unit,50,180,2,30,41,1242,378.17,1473
unit_F2_m50_C180_a30_42.txt,unit,50,180,2,30,42,1200,344.349,1309
unit_F2_m50_C180_a30_43.txt,unit,50,180,2,30,43,926,496.06,7879
unit_F2_m50_C180_a30_44.txt,unit,50,180,2,30,44,1034,325.934,1161
unit_F2_m50_C180_a30_45.txt,unit,50,180,2,30,45,1154,398.219,4388
unit_F2_m50_C180_a30_46.txt,unit,50,180,2,30,46,1128,1.144.43,13864
unit_F2_m50_C180_a30_47.txt,unit,50,180,2,30,47,1228,337.279,3121
unit_F2_m50_C180_a30_48.txt,unit,50,180,2,30,48,1022,366.859,3263
unit_F2_m50_C180_a30_49.txt,unit,50,180,2,30,49,1206,455.266,1443
unit_F5_m50_C180_a3_0.txt,unit,50,180,5,3,0,204,2.001.93,21
unit_F5_m50_C180_a3_1.txt,unit,50,180,5,3,1,356,541.034,26
unit_F5_m50_C180_a3_2.txt,unit,50,180,5,3,2,326,855.354,23
unit_F5_m50_C180_a3_3.txt,unit,50,180,5,3,3,270,333.423,6
unit_F5_m50_C180_a3_4.txt,unit,50,180,5,3,4,340,190.78,5
unit_F5_m50_C180_a3_5.txt,unit,50,180,5,3,5,252,222.997,10
unit_F5_m50_C180_a3_6.txt,unit,50,180,5,3,6,120,700.088,20
unit_F5_m50_C180_a3_7.txt,unit,50,180,5,3,7,152,1.274.47,20
unit_F5_m50_C180_a3_8.txt,unit,50,180,5,3,8,128,1.999.37,20
unit_F5_m50_C180_a3_9.txt,unit,50,180,5,3,9,246,250.021,11
unit_F5_m50_C180_a3_10.txt,unit,50,180,5,3,10,278,2.058.55,71
unit_F5_m50_C180_a3_11.txt,unit,50,180,5,3,11,190,15.839,132
unit_F5_m50_C180_a3_12.txt,unit,50,180,5,3,12,166,2.051.74,50
unit_F5_m50_C180_a3_13.txt,unit,50,180,5,3,13,230,2.387.14,14
unit_F5_m50_C180_a3_14.txt,unit,50,180,5,3,14,118,490.695,9
unit_F5_m50_C180_a3_15.txt,unit,50,180,5,3,15,184,3.689.20,115
unit_F5_m50_C180_a3_16.txt,unit,50,180,5,3,16,248,728.475,14
unit_F5_m50_C180_a3_17.txt,unit,50,180,5,3,17,342,1.746.02,17
unit_F5_m50_C180_a3_18.txt,unit,50,180,5,3,18,116,1.334.37,17
unit_F5_m50_C180_a3_19.txt,unit,50,180,5,3,19,374,238.546,14
unit_F5_m50_C180_a3_20.txt,unit,50,180,5,3,20,148,1.455.47,24
unit_F5_m50_C180_a3_21.txt,unit,50,180,5,3,21,180,1.080.37,16
unit_F5_m50_C180_a3_22.txt,unit,50,180,5,3,22,196,2.392.82,24
unit_F5_m50_C180_a3_23.txt,unit,50,180,5,3,23,376,416.041,10
unit_F5_m50_C180_a3_24.txt,unit,50,180,5,3,24,340,226.153,14
unit_F5_m50_C180_a3_25.txt,unit,50,180,5,3,25,280,1.856.05,15
unit_F5_m50_C180_a3_26.txt,unit,50,180,5,3,26,118,457.63,14
unit_F5_m50_C180_a3_27.txt,unit,50,180,5,3,27,152,3.427.91,28
unit_F5_m50_C180_a3_28.txt,unit,50,180,5,3,28,118,2.502.24,23
unit_F5_m50_C180_a3_29.txt,unit,50,180,5,3,29,264,2.355.11,25
unit_F5_m50_C180_a3_30.txt,unit,50,180,5,3,30,196,955.736,11
unit_F5_m50_C180_a3_31.txt,unit,50,180,5,3,31,278,300.202,13
unit_F5_m50_C180_a3_32.txt,unit,50,180,5,3,32,286,162.448,6
unit_F5_m50_C180_a3_33.txt,unit,50,180,5,3,33,364,140.09,6
unit_F5_m50_C180_a3_34.txt,unit,50,180,5,3,34,238,468.659,12
unit_F5_m50_C180_a3_35.txt,unit,50,180,5,3,35,224,688.606,18
unit_F5_m50_C180_a3_36.txt,unit,50,180,5,3,36,234,2.276.84,44
unit_F5_m50_C180_a3_37.txt,unit,50,180,5,3,37,332,819.785,11
unit_F5_m50_C180_a3_38.txt,unit,50,180,5,3,38,120,295.904,10
unit_F5_m50_C180_a3_39.txt,unit,50,180,5,3,39,330,287.866,19
unit_F5_m50_C180_a3_40.txt,unit,50,180,5,3,40,164,726.328,12
unit_F5_m50_C180_a3_41.txt,unit,50,180,5,3,41,254,2.114,14
unit_F5_m50_C180_a3_42.txt,unit,50,180,5,3,42,136,1.704.31,25
unit_F5_m50_C180_a3_43.txt,unit,50,180,5,3,43,200,4.018.70,17
unit_F5_m50_C180_a3_44.txt,unit,50,180,5,3,44,202,319.768,11
unit_F5_m50_C180_a3_45.txt,unit,50,180,5,3,45,290,1.226.86,5
unit_F5_m50_C180_a3_46.txt,unit,50,180,5,3,46,246,2.664.83,16
unit_F5_m50_C180_a3_47.txt,unit,50,180,5,3,47,308,214.279,6
unit_F5_m50_C180_a3_48.txt,unit,50,180,5,3,48,464,417.549,8
unit_F5_m50_C180_a3_49.txt,unit,50,180,5,3,49,82,237.075,12
unit_F5_m50_C180_a7_0.txt,unit,50,180,5,7,0,288,11.876,7929
unit_F5_m50_C180_a7_1.txt,unit,50,180,5,7,1,408,1.451.27,10627
unit_F5_m50_C180_a7_2.txt,unit,50,180,5,7,2,370,498.95,510
unit_F5_m50_C180_a7_3.txt,unit,50,180,5,7,3,456,1.029.24,190
unit_F5_m50_C180_a7_4.txt,unit,50,180,5,7,4,404,353.094,1034
unit_F5_m50_C180_a7_5.txt,unit,50,180,5,7,5,410,1.759.86,9875
unit_F5_m50_C180_a7_6.txt,unit,50,180,5,7,6,208,5.040.55,3057
unit_F5_m50_C180_a7_7.txt,unit,50,180,5,7,7,324,1.542.85,3604
unit_F5_m50_C180_a7_8.txt,unit,50,180,5,7,8,314,2.459.55,11437
unit_F5_m50_C180_a7_9.txt,unit,50,180,5,7,9,334,888.44,1979
unit_F5_m50_C180_a7_10.txt,unit,50,180,5,7,10,320,427.765,2690
unit_F5_m50_C180_a7_11.txt,unit,50,180,5,7,11,420,2.311.65,16034
unit_F5_m50_C180_a7_12.txt,unit,50,180,5,7,12,232,2.807.96,6546
unit_F5_m50_C180_a7_13.txt,unit,50,180,5,7,13,268,1.718.31,2003
unit_F5_m50_C180_a7_14.txt,unit,50,180,5,7,14,316,917.162,1253
unit_F5_m50_C180_a7_15.txt,unit,50,180,5,7,15,242,596.095,3179
unit_F5_m50_C180_a7_16.txt,unit,50,180,5,7,16,268,2.722.36,1088
unit_F5_m50_C180_a7_17.txt,unit,50,180,5,7,17,382,7.359.28,12482
unit_F5_m50_C180_a7_18.txt,unit,50,180,5,7,18,292,19.567.40,26025
unit_F5_m50_C180_a7_19.txt,unit,50,180,5,7,19,458,387.368,3669
unit_F5_m50_C180_a7_20.txt,unit,50,180,5,7,20,262,11.596.50,11630
unit_F5_m50_C180_a7_21.txt,unit,50,180,5,7,21,386,466.539,1453
unit_F5_m50_C180_a7_22.txt,unit,50,180,5,7,22,230,2.036.61,3414
unit_F5_m50_C180_a7_23.txt,unit,50,180,5,7,23,424,1.161.61,7898
unit_F5_m50_C180_a7_24.txt,unit,50,180,5,7,24,382,364.052,590
unit_F5_m50_C180_a7_25.txt,unit,50,180,5,7,25,412,2.202.45,4030
unit_F5_m50_C180_a7_26.txt,unit,50,180,5,7,26,512,484.446,717
unit_F5_m50_C180_a7_27.txt,unit,50,180,5,7,27,258,47.558.70,30165
unit_F5_m50_C180_a7_28.txt,unit,50,180,5,7,28,232,524.378,3225
unit_F5_m50_C180_a7_29.txt,unit,50,180,5,7,29,288,3.368.31,4180
unit_F5_m50_C180_a7_30.txt,unit,50,180,5,7,30,546,277.485,241
unit_F5_m50_C180_a7_31.txt,unit,50,180,5,7,31,414,412.518,1173
unit_F5_m50_C180_a7_32.txt,unit,50,180,5,7,32,320,719.769,1124
unit_F5_m50_C180_a7_33.txt,unit,50,180,5,7,33,382,424.129,1321
unit_F5_m50_C180_a7_34.txt,unit,50,180,5,7,34,282,946.315,212
unit_F5_m50_C180_a7_35.txt,unit,50,180,5,7,35,292,3.282.45,12269
unit_F5_m50_C180_a7_36.txt,unit,50,180,5,7,36,304,5.906.10,6977
unit_F5_m50_C180_a7_37.txt,unit,50,180,5,7,37,510,798.223,1049
unit_F5_m50_C180_a7_38.txt,unit,50,180,5,7,38,230,2.092.82,2124
unit_F5_m50_C180_a7_39.txt,unit,50,180,5,7,39,444,1.788.99,7937
unit_F5_m50_C180_a7_40.txt,unit,50,180,5,7,40,230,3.162.38,2451
unit_F5_m50_C180_a7_41.txt,unit,50,180,5,7,41,294,914.649,2349
unit_F5_m50_C180_a7_42.txt,unit,50,180,5,7,42,266,16.858.40,9459
unit_F5_m50_C180_a7_43.txt,unit,50,180,5,7,43,296,12.859.30,8571
unit_F5_m50_C180_a7_44.txt,unit,50,180,5,7,44,362,6.976.81,9684
unit_F5_m50_C180_a7_45.txt,unit,50,180,5,7,45,402,1.487.93,1271
unit_F5_m50_C180_a7_46.txt,unit,50,180,5,7,46,302,2.022.44,2471
unit_F5_m50_C180_a7_47.txt,unit,50,180,5,7,47,336,437.226,1790
unit_F5_m50_C180_a7_48.txt,unit,50,180,5,7,48,472,426.689,3589
unit_F5_m50_C180_a7_49.txt,unit,50,180,5,7,49,332,2.209.93,2967
unit_F5_m50_C180_a15_0.txt,unit,50,180,5,15,0,514,4.074.14,60000
unit_F5_m50_C180_a15_1.txt,unit,50,180,5,15,1,452,4.466.26,60000
unit_F5_m50_C180_a15_2.txt,unit,50,180,5,15,2,490,1.175.62,16807
unit_F5_m50_C180_a15_3.txt,unit,50,180,5,15,3,556,1.829.98,9595
unit_F5_m50_C180_a15_4.txt,unit,50,180,5,15,4,624,2.036.21,60000
unit_F5_m50_C180_a15_5.txt,unit,50,180,5,15,5,526,910.696,42691
unit_F5_m50_C180_a15_6.txt,unit,50,180,5,15,6,370,4.524.02,59201
unit_F5_m50_C180_a15_7.txt,unit,50,180,5,15,7,518,1.162.37,7410
unit_F5_m50_C180_a15_8.txt,unit,50,180,5,15,8,452,7.489.63,60000
unit_F5_m50_C180_a15_9.txt,unit,50,180,5,15,9,472,3.560.92,60000
unit_F5_m50_C180_a15_10.txt,unit,50,180,5,15,10,464,3.483.55,60000
unit_F5_m50_C180_a15_11.txt,unit,50,180,5,15,11,478,4.095.82,60000
unit_F5_m50_C180_a15_12.txt,unit,50,180,5,15,12,354,23.824,60000
unit_F5_m50_C180_a15_13.txt,unit,50,180,5,15,13,396,31.434.10,60000
unit_F5_m50_C180_a15_14.txt,unit,50,180,5,15,14,422,7.171.15,60000
unit_F5_m50_C180_a15_15.txt,unit,50,180,5,15,15,416,3.569.25,56613
unit_F5_m50_C180_a15_16.txt,unit,50,180,5,15,16,380,3.477.35,60000
unit_F5_m50_C180_a15_17.txt,unit,50,180,5,15,17,458,22.008.70,60000
unit_F5_m50_C180_a15_18.txt,unit,50,180,5,15,18,348,4.105.25,60000
unit_F5_m50_C180_a15_19.txt,unit,50,180,5,15,19,588,1.232.83,46637
unit_F5_m50_C180_a15_20.txt,unit,50,180,5,15,20,338,25.943.20,60000
unit_F5_m50_C180_a15_21.txt,unit,50,180,5,15,21,682,1.274.37,12961
unit_F5_m50_C180_a15_22.txt,unit,50,180,5,15,22,602,1.688.36,60000
unit_F5_m50_C180_a15_23.txt,unit,50,180,5,15,23,566,1.669.10,55071
unit_F5_m50_C180_a15_24.txt,unit,50,180,5,15,24,516,1.419.30,35558
unit_F5_m50_C180_a15_25.txt,unit,50,180,5,15,25,488,3.392.50,50178
unit_F5_m50_C180_a15_26.txt,unit,50,180,5,15,26,582,796.35,29941
unit_F5_m50_C180_a15_27.txt,unit,50,180,5,15,27,484,6.666.42,60000
unit_F5_m50_C180_a15_28.txt,unit,50,180,5,15,28,378,6.738.09,60000
unit_F5_m50_C180_a15_29.txt,unit,50,180,5,15,29,498,1.808.09,41689
unit_F5_m50_C180_a15_30.txt,unit,50,180,5,15,30,648,810.816,14142
unit_F5_m50_C180_a15_31.txt,unit,50,180,5,15,31,548,2.516.98,60000
unit_F5_m50_C180_a15_32.txt,unit,50,180,5,15,32,480,2.282.84,60000
unit_F5_m50_C180_a15_33.txt,unit,50,180,5,15,33,726,1.811.97,60000
unit_F5_m50_C180_a15_34.txt,unit,50,180,5,15,34,396,1.918.29,53423
unit_F5_m50_C180_a15_35.txt,unit,50,180,5,15,35,584,1.238.47,60000
unit_F5_m50_C180_a15_36.txt,unit,50,180,5,15,36,574,995.466,21215
unit_F5_m50_C180_a15_37.txt,unit,50,180,5,15,37,542,2.155.91,45396
unit_F5_m50_C180_a15_38.txt,unit,50,180,5,15,38,368,7.573.92,60000
unit_F5_m50_C180_a15_39.txt,unit,50,180,5,15,39,476,2.688.86,60000
unit_F5_m50_C180_a15_40.txt,unit,50,180,5,15,40,556,2.486.10,60000
unit_F5_m50_C180_a15_41.txt,unit,50,180,5,15,41,484,3.686.67,60000
unit_F5_m50_C180_a15_42.txt,unit,50,180,5,15,42,452,3.804.65,60000
unit_F5_m50_C180_a15_43.txt,unit,50,180,5,15,43,356,9.438.97,60000
unit_F5_m50_C180_a15_44.txt,unit,50,180,5,15,44,510,5.402.27,60000
unit_F5_m50_C180_a15_45.txt,unit,50,180,5,15,45,570,888.456,6289
unit_F5_m50_C180_a15_46.txt,unit,50,180,5,15,46,372,5.733.98,60000
unit_F5_m50_C180_a15_47.txt,unit,50,180,5,15,47,476,2.853.93,60000
unit_F5_m50_C180_a15_48.txt,unit,50,180,5,15,48,626,1.983.11,23785
unit_F5_m50_C180_a15_49.txt,unit,50,180,5,15,49,386,3.369.92,60000
unit_F5_m50_C180_a30_0.txt,unit,50,180,5,30,0,602,2.587.12,60000
unit_F5_m50_C180_a30_1.txt,unit,50,180,5,30,1,682,6.046.69,60000
unit_F5_m50_C180_a30_2.txt,unit,50,180,5,30,2,760,3.770.65,60000
unit_F5_m50_C180_a30_3.txt,unit,50,180,5,30,3,684,2.668.79,60000
unit_F5_m50_C180_a30_4.txt,unit,50,180,5,30,4,822,5.629.53,60000
unit_F5_m50_C180_a30_5.txt,unit,50,180,5,30,5,650,4.022.83,60000
unit_F5_m50_C180_a30_6.txt,unit,50,180,5,30,6,482,2.796.24,60000
unit_F5_m50_C180_a30_7.txt,unit,50,180,5,30,7,668,2.280.33,60000
unit_F5_m50_C180_a30_8.txt,unit,50,180,5,30,8,726,6.478.13,60000
unit_F5_m50_C180_a30_9.txt,unit,50,180,5,30,9,654,5.317.27,60000
unit_F5_m50_C180_a30_10.txt,unit,50,180,5,30,10,676,7.771.65,60000
unit_F5_m50_C180_a30_11.txt,unit,50,180,5,30,11,638,2.988.89,60000
unit_F5_m50_C180_a30_12.txt,unit,50,180,5,30,12,548,128.716,60000
unit_F5_m50_C180_a30_13.txt,unit,50,180,5,30,13,632,11.411.90,60000
unit_F5_m50_C180_a30_14.txt,unit,50,180,5,30,14,584,8.859.78,60000
unit_F5_m50_C180_a30_15.txt,unit,50,180,5,30,15,746,7.847.81,60000
unit_F5_m50_C180_a30_16.txt,unit,50,180,5,30,16,642,6.050.73,60000
unit_F5_m50_C180_a30_17.txt,unit,50,180,5,30,17,656,7.701.87,60000
unit_F5_m50_C180_a30_18.txt,unit,50,180,5,30,18,614,2.334.90,60000
unit_F5_m50_C180_a30_19.txt,unit,50,180,5,30,19,664,4.687.88,60000
unit_F5_m50_C180_a30_20.txt,unit,50,180,5,30,20,640,2.896.04,60000
unit_F5_m50_C180_a30_21.txt,unit,50,180,5,30,21,874,7.163.81,60000
unit_F5_m50_C180_a30_22.txt,unit,50,180,5,30,22,730,11.057.50,60000
unit_F5_m50_C180_a30_23.txt,unit,50,180,5,30,23,724,6.011.75,60000
unit_F5_m50_C180_a30_24.txt,unit,50,180,5,30,24,640,2.729.34,60000
unit_F5_m50_C180_a30_25.txt,unit,50,180,5,30,25,748,4.081.13,60000
unit_F5_m50_C180_a30_26.txt,unit,50,180,5,30,26,846,3.738.26,60000
unit_F5_m50_C180_a30_27.txt,unit,50,180,5,30,27,768,4.484.97,60000
unit_F5_m50_C180_a30_28.txt,unit,50,180,5,30,28,758,7.351.82,60000
unit_F5_m50_C180_a30_29.txt,unit,50,180,5,30,29,730,39.085,60000
unit_F5_m50_C180_a30_30.txt,unit,50,180,5,30,30,840,4.110.32,60000
unit_F5_m50_C180_a30_31.txt,unit,50,180,5,30,31,756,2.190.89,60000
unit_F5_m50_C180_a30_32.txt,unit,50,180,5,30,32,638,14.626.50,60000
unit_F5_m50_C180_a30_33.txt,unit,50,180,5,30,33,820,5.060.03,60000
unit_F5_m50_C180_a30_34.txt,unit,50,180,5,30,34,698,6.124.13,60000
unit_F5_m50_C180_a30_35.txt,unit,50,180,5,30,35,948,2.289.27,60000
unit_F5_m50_C180_a30_36.txt,unit,50,180,5,30,36,862,6.176.68,60000
unit_F5_m50_C180_a30_37.txt,unit,50,180,5,30,37,748,5.829.99,60000
unit_F5_m50_C180_a30_38.txt,unit,50,180,5,30,38,720,2.493.76,60000
unit_F5_m50_C180_a30_39.txt,unit,50,180,5,30,39,720,2.730.50,60000
unit_F5_m50_C180_a30_40.txt,unit,50,180,5,30,40,754,11.073.80,60000
unit_F5_m50_C180_a30_41.txt,unit,50,180,5,30,41,744,3.733.97,60000
unit_F5_m50_C180_a30_42.txt,unit,50,180,5,30,42,660,6.232.06,60000
unit_F5_m50_C180_a30_43.txt,unit,50,180,5,30,43,506,151.854,60000
unit_F5_m50_C180_a30_44.txt,unit,50,180,5,30,44,740,6.025.06,60000
unit_F5_m50_C180_a30_45.txt,unit,50,180,5,30,45,644,5.084.79,60000
unit_F5_m50_C180_a30_46.txt,unit,50,180,5,30,46,586,82.084.70,60000
unit_F5_m50_C180_a30_47.txt,unit,50,180,5,30,47,630,52.525.60,60000
unit_F5_m50_C180_a30_48.txt,unit,50,180,5,30,48,744,2.766.19,60000
unit_F5_m50_C180_a30_49.txt,unit,50,180,5,30,49,786,2.451.19,60000
unit_F10_m50_C180_a3_0.txt,unit,50,180,10,3,0,132,14.825,65
unit_F10_m50_C180_a3_1.txt,unit,50,180,10,3,1,88,3.437.32,32
unit_F10_m50_C180_a3_2.txt,unit,50,180,10,3,2,122,8.201.95,123
unit_F10_m50_C180_a3_3.txt,unit,50,180,10,3,3,126,8.015.61,70
unit_F10_m50_C180_a3_4.txt,unit,50,180,10,3,4,46,4.478.86,42
unit_F10_m50_C180_a3_5.txt,unit,50,180,10,3,5,104,11.142.30,129
unit_F10_m50_C180_a3_6.txt,unit,50,180,10,3,6,190,15.986.50,53
unit_F10_m50_C180_a3_7.txt,unit,50,180,10,3,7,42,2.870.89,42
unit_F10_m50_C180_a3_8.txt,unit,50,180,10,3,8,90,13.463.40,59
unit_F10_m50_C180_a3_9.txt,unit,50,180,10,3,9,126,4.363.69,19
unit_F10_m50_C180_a3_10.txt,unit,50,180,10,3,10,166,8.818.64,69
unit_F10_m50_C180_a3_11.txt,unit,50,180,10,3,11,106,9.275.55,51
unit_F10_m50_C180_a3_12.txt,unit,50,180,10,3,12,122,15.869.10,47
unit_F10_m50_C180_a3_13.txt,unit,50,180,10,3,13,172,10.810.20,61
unit_F10_m50_C180_a3_14.txt,unit,50,180,10,3,14,264,3.929.44,15
unit_F10_m50_C180_a3_15.txt,unit,50,180,10,3,15,78,12.185.60,134
unit_F10_m50_C180_a3_16.txt,unit,50,180,10,3,16,126,2.162.31,23
unit_F10_m50_C180_a3_17.txt,unit,50,180,10,3,17,202,26.346.70,137
unit_F10_m50_C180_a3_18.txt,unit,50,180,10,3,18,134,17.870.80,346
unit_F10_m50_C180_a3_19.txt,unit,50,180,10,3,19,198,19.691.50,83
unit_F10_m50_C180_a3_20.txt,unit,50,180,10,3,20,140,16.040.90,132
unit_F10_m50_C180_a3_21.txt,unit,50,180,10,3,21,180,17.007,44
unit_F10_m50_C180_a3_22.txt,unit,50,180,10,3,22,234,3.903.96,179
unit_F10_m50_C180_a3_23.txt,unit,50,180,10,3,23,68,4.991.88,106
unit_F10_m50_C180_a3_24.txt,unit,50,180,10,3,24,264,13.105.40,56
unit_F10_m50_C180_a3_25.txt,unit,50,180,10,3,25,112,7.783.21,149
unit_F10_m50_C180_a3_26.txt,unit,50,180,10,3,26,114,8.114.28,72
unit_F10_m50_C180_a3_27.txt,unit,50,180,10,3,27,176,30.512.20,79
unit_F10_m50_C180_a3_28.txt,unit,50,180,10,3,28,408,13.901.20,18
unit_F10_m50_C180_a3_29.txt,unit,50,180,10,3,29,184,3.636.09,24
unit_F10_m50_C180_a3_30.txt,unit,50,180,10,3,30,198,19.721.60,24
unit_F10_m50_C180_a3_31.txt,unit,50,180,10,3,31,134,24.987.70,28
unit_F10_m50_C180_a3_32.txt,unit,50,180,10,3,32,124,21.373.20,38
unit_F10_m50_C180_a3_33.txt,unit,50,180,10,3,33,332,2.720.87,4
unit_F10_m50_C180_a3_34.txt,unit,50,180,10,3,34,322,4.122.85,70
unit_F10_m50_C180_a3_35.txt,unit,50,180,10,3,35,70,4.133.33,93
unit_F10_m50_C180_a3_36.txt,unit,50,180,10,3,36,216,13.343.50,24
unit_F10_m50_C180_a3_37.txt,unit,50,180,10,3,37,242,3.670.62,19
unit_F10_m50_C180_a3_38.txt,unit,50,180,10,3,38,102,11.823.20,59
unit_F10_m50_C180_a3_39.txt,unit,50,180,10,3,39,184,6.256.44,17
unit_F10_m50_C180_a3_40.txt,unit,50,180,10,3,40,126,12.701.60,121
unit_F10_m50_C180_a3_41.txt,unit,50,180,10,3,41,216,20.625.90,63
unit_F10_m50_C180_a3_42.txt,unit,50,180,10,3,42,86,7.268.88,62
unit_F10_m50_C180_a3_43.txt,unit,50,180,10,3,43,198,9.629.85,30
unit_F10_m50_C180_a3_44.txt,unit,50,180,10,3,44,132,23.504,161
unit_F10_m50_C180_a3_45.txt,unit,50,180,10,3,45,260,15.548.10,25
unit_F10_m50_C180_a3_46.txt,unit,50,180,10,3,46,174,23.441.50,75
unit_F10_m50_C180_a3_47.txt,unit,50,180,10,3,47,110,12.716.50,57
unit_F10_m50_C180_a3_48.txt,unit,50,180,10,3,48,132,19.358.30,85
unit_F10_m50_C180_a3_49.txt,unit,50,180,10,3,49,124,13.909.70,150
unit_F10_m50_C180_a7_0.txt,unit,50,180,10,7,0,270,5.963.49,14530
unit_F10_m50_C180_a7_1.txt,unit,50,180,10,7,1,424,18.945.60,19058
unit_F10_m50_C180_a7_2.txt,unit,50,180,10,7,2,236,36.291.80,60000
unit_F10_m50_C180_a7_3.txt,unit,50,180,10,7,3,210,59.727.30,60000
unit_F10_m50_C180_a7_4.txt,unit,50,180,10,7,4,254,15.714.80,24353
unit_F10_m50_C180_a7_5.txt,unit,50,180,10,7,5,288,20.495,50549
unit_F10_m50_C180_a7_6.txt,unit,50,180,10,7,6,294,17.004,17141
unit_F10_m50_C180_a7_7.txt,unit,50,180,10,7,7,156,96.807.30,32860
unit_F10_m50_C180_a7_8.txt,unit,50,180,10,7,8,162,144.985,60000
unit_F10_m50_C180_a7_9.txt,unit,50,180,10,7,9,252,17.244,53410
unit_F10_m50_C180_a7_10.txt,unit,50,180,10,7,10,296,33.410.90,33523
unit_F10_m50_C180_a7_11.txt,unit,50,180,10,7,11,242,33.371.40,60000
unit_F10_m50_C180_a7_12.txt,unit,50,180,10,7,12,206,31.412.30,60000
unit_F10_m50_C180_a7_13.txt,unit,50,180,10,7,13,248,19.908.40,14378
unit_F10_m50_C180_a7_14.txt,unit,50,180,10,7,14,304,4.867.73,56872
unit_F10_m50_C180_a7_15.txt,unit,50,180,10,7,15,162,17.834.90,59519
unit_F10_m50_C180_a7_16.txt,unit,50,180,10,7,16,410,3.266.19,4855
unit_F10_m50_C180_a7_17.txt,unit,50,180,10,7,17,284,16.917.80,8447
unit_F10_m50_C180_a7_18.txt,unit,50,180,10,7,18,188,55.717.10,60000
unit_F10_m50_C180_a7_19.txt,unit,50,180,10,7,19,220,18.098.40,9847
unit_F10_m50_C180_a7_20.txt,unit,50,180,10,7,20,192,39.277,60000
unit_F10_m50_C180_a7_21.txt,unit,50,180,10,7,21,228,17.825.80,52916
unit_F10_m50_C180_a7_22.txt,unit,50,180,10,7,22,280,15.243.70,21819
unit_F10_m50_C180_a7_23.txt,unit,50,180,10,7,23,254,20.033.10,45450
unit_F10_m50_C180_a7_24.txt,unit,50,180,10,7,24,274,7.280.22,60000
unit_F10_m50_C180_a7_25.txt,unit,50,180,10,7,25,200,9.679.19,5321
unit_F10_m50_C180_a7_26.txt,unit,50,180,10,7,26,302,6.784.82,17655
unit_F10_m50_C180_a7_27.txt,unit,50,180,10,7,27,224,19.023.70,26090
unit_F10_m50_C180_a7_28.txt,unit,50,180,10,7,28,424,20.644.70,34782
unit_F10_m50_C180_a7_29.txt,unit,50,180,10,7,29,218,6.494.15,11764
unit_F10_m50_C180_a7_30.txt,unit,50,180,10,7,30,266,28.745.50,14605
unit_F10_m50_C180_a7_31.txt,unit,50,180,10,7,31,332,13.278.60,7270
unit_F10_m50_C180_a7_32.txt,unit,50,180,10,7,32,258,10.053.40,24158
unit_F10_m50_C180_a7_33.txt,unit,50,180,10,7,33,500,4.267.73,4789
unit_F10_m50_C180_a7_34.txt,unit,50,180,10,7,34,392,5.315.41,15640
unit_F10_m50_C180_a7_35.txt,unit,50,180,10,7,35,352,29.027.50,60000
unit_F10_m50_C180_a7_36.txt,unit,50,180,10,7,36,234,17.407.40,21669
unit_F10_m50_C180_a7_37.txt,unit,50,180,10,7,37,244,4.968.36,14922
unit_F10_m50_C180_a7_38.txt,unit,50,180,10,7,38,182,64.066.90,60000
unit_F10_m50_C180_a7_39.txt,unit,50,180,10,7,39,246,16.459,8564
unit_F10_m50_C180_a7_40.txt,unit,50,180,10,7,40,200,180.632,60000
unit_F10_m50_C180_a7_41.txt,unit,50,180,10,7,41,216,18.648.20,47117
unit_F10_m50_C180_a7_42.txt,unit,50,180,10,7,42,242,25.391,43603
unit_F10_m50_C180_a7_43.txt,unit,50,180,10,7,43,264,15.502.30,24716
unit_F10_m50_C180_a7_44.txt,unit,50,180,10,7,44,176,20.940.10,29453
unit_F10_m50_C180_a7_45.txt,unit,50,180,10,7,45,260,18.446.10,15099
unit_F10_m50_C180_a7_46.txt,unit,50,180,10,7,46,248,14.044.40,10295
unit_F10_m50_C180_a7_47.txt,unit,50,180,10,7,47,338,23.485.10,46626
unit_F10_m50_C180_a7_48.txt,unit,50,180,10,7,48,420,4.877.74,59144
unit_F10_m50_C180_a7_49.txt,unit,50,180,10,7,49,206,25.537.20,60000
unit_F10_m50_C180_a15_0.txt,unit,50,180,10,15,0,344,15.972.20,60000
unit_F10_m50_C180_a15_1.txt,unit,50,180,10,15,1,636,14.951.50,60000
unit_F10_m50_C180_a15_2.txt,unit,50,180,10,15,2,236,111.614,60000
unit_F10_m50_C180_a15_3.txt,unit,50,180,10,15,3,270,44.463.30,60000
unit_F10_m50_C180_a15_4.txt,unit,50,180,10,15,4,294,29.179.20,60000
unit_F10_m50_C180_a15_5.txt,unit,50,180,10,15,5,514,21.836.90,60000
unit_F10_m50_C180_a15_6.txt,unit,50,180,10,15,6,336,68.797,60000
unit_F10_m50_C180_a15_7.txt,unit,50,180,10,15,7,226,42.691.70,60000
unit_F10_m50_C180_a15_8.txt,unit,50,180,10,15,8,262,163.465,60000
unit_F10_m50_C180_a15_9.txt,unit,50,180,10,15,9,548,9.087.04,60000
unit_F10_m50_C180_a15_10.txt,unit,50,180,10,15,10,348,167.628,60000
unit_F10_m50_C180_a15_11.txt,unit,50,180,10,15,11,336,35.628.50,60000
unit_F10_m50_C180_a15_12.txt,unit,50,180,10,15,12,304,7.033.91,60000
unit_F10_m50_C180_a15_13.txt,unit,50,180,10,15,13,308,30.084.20,60000
unit_F10_m50_C180_a15_14.txt,unit,50,180,10,15,14,392,18.694.20,60000
unit_F10_m50_C180_a15_15.txt,unit,50,180,10,15,15,286,387.021,60000
unit_F10_m50_C180_a15_16.txt,unit,50,180,10,15,16,536,18.314.40,60000
unit_F10_m50_C180_a15_17.txt,unit,50,180,10,15,17,350,30.558,60000
unit_F10_m50_C180_a15_18.txt,unit,50,180,10,15,18,352,54.326.70,60000
unit_F10_m50_C180_a15_19.txt,unit,50,180,10,15,19,374,31.904.70,60000
unit_F10_m50_C180_a15_20.txt,unit,50,180,10,15,20,284,49.859.50,60000
unit_F10_m50_C180_a15_21.txt,unit,50,180,10,15,21,366,136.867,60000
unit_F10_m50_C180_a15_22.txt,unit,50,180,10,15,22,424,43.076.70,60000
unit_F10_m50_C180_a15_23.txt,unit,50,180,10,15,23,290,35.694.90,60000
unit_F10_m50_C180_a15_24.txt,unit,50,180,10,15,24,362,20.676.70,60000
unit_F10_m50_C180_a15_25.txt,unit,50,180,10,15,25,326,14.786.30,60000
unit_F10_m50_C180_a15_26.txt,unit,50,180,10,15,26,418,33.376.50,60000
unit_F10_m50_C180_a15_27.txt,unit,50,180,10,15,27,298,27.414.90,60000
unit_F10_m50_C180_a15_28.txt,unit,50,180,10,15,28,500,23.566.80,60000
unit_F10_m50_C180_a15_29.txt,unit,50,180,10,15,29,342,30.904,60000
unit_F10_m50_C180_a15_30.txt,unit,50,180,10,15,30,438,21.212.20,60000
unit_F10_m50_C180_a15_31.txt,unit,50,180,10,15,31,370,23.983.70,60000
unit_F10_m50_C180_a15_32.txt,unit,50,180,10,15,32,538,32.182.80,60000
unit_F10_m50_C180_a15_33.txt,unit,50,180,10,15,33,546,6.749.32,60000
unit_F10_m50_C180_a15_34.txt,unit,50,180,10,15,34,546,9.778.82,60000
unit_F10_m50_C180_a15_35.txt,unit,50,180,10,15,35,386,170.056,60000
unit_F10_m50_C180_a15_36.txt,unit,50,180,10,15,36,326,25.670.10,60000
unit_F10_m50_C180_a15_37.txt,unit,50,180,10,15,37,362,6.646.25,60000
unit_F10_m50_C180_a15_38.txt,unit,50,180,10,15,38,418,33.734,60000
unit_F10_m50_C180_a15_39.txt,unit,50,180,10,15,39,336,31.369.40,60000
unit_F10_m50_C180_a15_40.txt,unit,50,180,10,15,40,266,69.642.60,60000
unit_F10_m50_C180_a15_41.txt,unit,50,180,10,15,41,362,27.062.40,60000
unit_F10_m50_C180_a15_42.txt,unit,50,180,10,15,42,324,30.317.20,60000
unit_F10_m50_C180_a15_43.txt,unit,50,180,10,15,43,286,12.276.40,60000
unit_F10_m50_C180_a15_44.txt,unit,50,180,10,15,44,336,15.936.20,60000
unit_F10_m50_C180_a15_45.txt,unit,50,180,10,15,45,460,38.208.40,60000
unit_F10_m50_C180_a15_46.txt,unit,50,180,10,15,46,318,27.643.40,60000
unit_F10_m50_C180_a15_47.txt,unit,50,180,10,15,47,470,22.550.90,60000
unit_F10_m50_C180_a15_48.txt,unit,50,180,10,15,48,436,7.461.79,60000
unit_F10_m50_C180_a15_49.txt,unit,50,180,10,15,49,394,19.858.20,60000
unit_F10_m50_C180_a30_0.txt,unit,50,180,10,30,0,446,30.854.70,60000
unit_F10_m50_C180_a30_1.txt,unit,50,180,10,30,1,696,19.368.10,60000
unit_F10_m50_C180_a30_2.txt,unit,50,180,10,30,2,380,1.261.610,60000
unit_F10_m50_C180_a30_3.txt,unit,50,180,10,30,3,394,37.137.40,60000
unit_F10_m50_C180_a30_4.txt,unit,50,180,10,30,4,472,77.715.40,60000
unit_F10_m50_C180_a30_5.txt,unit,50,180,10,30,5,584,16.430.70,60000
unit_F10_m50_C180_a30_6.txt,unit,50,180,10,30,6,466,22.836.70,60000
unit_F10_m50_C180_a30_7.txt,unit,50,180,10,30,7,496,16.977.60,60000
unit_F10_m50_C180_a30_8.txt,unit,50,180,10,30,8,446,13.942.60,60000
unit_F10_m50_C180_a30_9.txt,unit,50,180,10,30,9,600,4.847.38,60000
unit_F10_m50_C180_a30_10.txt,unit,50,180,10,30,10,524,323.234,60000
unit_F10_m50_C180_a30_11.txt,unit,50,180,10,30,11,506,22.180,60000
unit_F10_m50_C180_a30_12.txt,unit,50,180,10,30,12,378,11.988.70,60000
unit_F10_m50_C180_a30_13.txt,unit,50,180,10,30,13,400,21.594,60000
unit_F10_m50_C180_a30_14.txt,unit,50,180,10,30,14,426,13.714.70,60000
unit_F10_m50_C180_a30_15.txt,unit,50,180,10,30,15,458,136.368,60000
unit_F10_m50_C180_a30_16.txt,unit,50,180,10,30,16,590,5.829.43,60000
unit_F10_m50_C180_a30_17.txt,unit,50,180,10,30,17,474,23.229.30,60000
unit_F10_m50_C180_a30_18.txt,unit,50,180,10,30,18,532,16.308,60000
unit_F10_m50_C180_a30_19.txt,unit,50,180,10,30,19,470,515.118,60000
unit_F10_m50_C180_a30_20.txt,unit,50,180,10,30,20,532,141.584,60000
unit_F10_m50_C180_a30_21.txt,unit,50,180,10,30,21,468,14.952.60,60000
unit_F10_m50_C180_a30_22.txt,unit,50,180,10,30,22,594,34.139.20,60000
unit_F10_m50_C180_a30_23.txt,unit,50,180,10,30,23,416,32.029.20,60000
unit_F10_m50_C180_a30_24.txt,unit,50,180,10,30,24,604,6.551.19,60000
unit_F10_m50_C180_a30_25.txt,unit,50,180,10,30,25,444,13.089.80,60000
unit_F10_m50_C180_a30_26.txt,unit,50,180,10,30,26,462,17.798.30,60000
unit_F10_m50_C180_a30_27.txt,unit,50,180,10,30,27,440,20.171.10,60000
unit_F10_m50_C180_a30_28.txt,unit,50,180,10,30,28,518,23.563.90,60000
unit_F10_m50_C180_a30_29.txt,unit,50,180,10,30,29,462,14.923.20,60000
unit_F10_m50_C180_a30_30.txt,unit,50,180,10,30,30,606,34.433.50,60000
unit_F10_m50_C180_a30_31.txt,unit,50,180,10,30,31,596,21.094.40,60000
unit_F10_m50_C180_a30_32.txt,unit,50,180,10,30,32,612,9.238.89,60000
unit_F10_m50_C180_a30_33.txt,unit,50,180,10,30,33,634,8.660.48,60000
unit_F10_m50_C180_a30_34.txt,unit,50,180,10,30,34,662,6.282.34,60000
unit_F10_m50_C180_a30_35.txt,unit,50,180,10,30,35,510,49.176.50,60000
unit_F10_m50_C180_a30_36.txt,unit,50,180,10,30,36,552,10.357.60,60000
unit_F10_m50_C180_a30_37.txt,unit,50,180,10,30,37,456,6.052.41,60000
unit_F10_m50_C180_a30_38.txt,unit,50,180,10,30,38,482,16.118,60000
unit_F10_m50_C180_a30_39.txt,unit,50,180,10,30,39,486,23.343.90,60000
unit_F10_m50_C180_a30_40.txt,unit,50,180,10,30,40,432,38.877.80,60000
unit_F10_m50_C180_a30_41.txt,unit,50,180,10,30,41,506,9.503.35,60000
unit_F10_m50_C180_a30_42.txt,unit,50,180,10,30,42,404,14.293.90,60000
unit_F10_m50_C180_a30_43.txt,unit,50,180,10,30,43,482,24.256,60000
unit_F10_m50_C180_a30_44.txt,unit,50,180,10,30,44,550,9.050.16,60000
unit_F10_m50_C180_a30_45.txt,unit,50,180,10,30,45,664,9.467.24,60000
unit_F10_m50_C180_a30_46.txt,unit,50,180,10,30,46,526,5.919.26,60000
unit_F10_m50_C180_a30_47.txt,unit,50,180,10,30,47,638,65.845.50,60000
unit_F10_m50_C180_a30_48.txt,unit,50,180,10,30,48,466,8.404.27,60000
unit_F10_m50_C180_a30_49.txt,unit,50,180,10,30,49,628,19.675.30,60000
varying_F2_m5_C30_a3_0.txt,varying,5,30,2,3,0,56,30.6541,
varying_F2_m5_C30_a3_1.txt,varying,5,30,2,3,1,86,25.0586,
varying_F2_m5_C30_a3_2.txt,varying,5,30,2,3,2,80,2.0228,
varying_F2_m5_C30_a3_3.txt,varying,5,30,2,3,3,62,24.7219,
varying_F2_m5_C30_a3_4.txt,varying,5,30,2,3,4,80,4.0521,
varying_F2_m5_C30_a3_5.txt,varying,5,30,2,3,5,88,27.8976,
varying_F2_m5_C30_a3_6.txt,varying,5,30,2,3,6,48,19.9179,
varying_F2_m5_C30_a3_7.txt,varying,5,30,2,3,7,86,46.6929,
varying_F2_m5_C30_a3_8.txt,varying,5,30,2,3,8,56,49.6056,
varying_F2_m5_C30_a3_9.txt,varying,5,30,2,3,9,78,25.2542,
varying_F2_m5_C30_a3_10.txt,varying,5,30,2,3,10,38,15.9915,
varying_F2_m5_C30_a3_11.txt,varying,5,30,2,3,11,64,28.2014,
varying_F2_m5_C30_a3_12.txt,varying,5,30,2,3,12,52,2.9213,
varying_F2_m5_C30_a3_13.txt,varying,5,30,2,3,13,60,19.0983,
varying_F2_m5_C30_a3_14.txt,varying,5,30,2,3,14,36,27.5345,
varying_F2_m5_C30_a3_15.txt,varying,5,30,2,3,15,54,32.3324,
varying_F2_m5_C30_a3_16.txt,varying,5,30,2,3,16,60,50.0566,
varying_F2_m5_C30_a3_17.txt,varying,5,30,2,3,17,52,20.4473,
varying_F2_m5_C30_a3_18.txt,varying,5,30,2,3,18,62,22.859,
varying_F2_m5_C30_a3_19.txt,varying,5,30,2,3,19,76,14.5055,
varying_F2_m5_C30_a3_20.txt,varying,5,30,2,3,20,82,7.6157,
varying_F2_m5_C30_a3_21.txt,varying,5,30,2,3,21,58,33.5127,
varying_F2_m5_C30_a3_22.txt,varying,5,30,2,3,22,82,18.7628,
varying_F2_m5_C30_a3_23.txt,varying,5,30,2,3,23,72,47.4331,
varying_F2_m5_C30_a3_24.txt,varying,5,30,2,3,24,66,29.4347,
varying_F2_m5_C30_a3_25.txt,varying,5,30,2,3,25,62,12.0148,
varying_F2_m5_C30_a3_26.txt,varying,5,30,2,3,26,50,34.8744,
varying_F2_m5_C30_a3_27.txt,varying,5,30,2,3,27,38,14.4234,
varying_F2_m5_C30_a3_28.txt,varying,5,30,2,3,28,40,20.3537,
varying_F2_m5_C30_a3_29.txt,varying,5,30,2,3,29,86,20.9456,
varying_F2_m5_C30_a3_30.txt,varying,5,30,2,3,30,54,8.2709,
varying_F2_m5_C30_a3_31.txt,varying,5,30,2,3,31,76,2.2272,
varying_F2_m5_C30_a3_32.txt,varying,5,30,2,3,32,62,20.0944,
varying_F2_m5_C30_a3_33.txt,varying,5,30,2,3,33,38,19.844,
varying_F2_m5_C30_a3_34.txt,varying,5,30,2,3,34,68,20.2707,
varying_F2_m5_C30_a3_35.txt,varying,5,30,2,3,35,44,10.5697,
varying_F2_m5_C30_a3_36.txt,varying,5,30,2,3,36,72,16.149,
varying_F2_m5_C30_a3_37.txt,varying,5,30,2,3,37,64,16.386,
varying_F2_m5_C30_a3_38.txt,varying,5,30,2,3,38,56,15.4065,
varying_F2_m5_C30_a3_39.txt,varying,5,30,2,3,39,44,21.9606,
varying_F2_m5_C30_a3_40.txt,varying,5,30,2,3,40,64,24.2396,
varying_F2_m5_C30_a3_41.txt,varying,5,30,2,3,41,98,6.3805,
varying_F2_m5_C30_a3_42.txt,varying,5,30,2,3,42,82,26.176,
varying_F2_m5_C30_a3_43.txt,varying,5,30,2,3,43,76,3.8975,
varying_F2_m5_C30_a3_44.txt,varying,5,30,2,3,44,44,25.6329,
varying_F2_m5_C30_a3_45.txt,varying,5,30,2,3,45,62,20.6983,
varying_F2_m5_C30_a3_46.txt,varying,5,30,2,3,46,64,24.75,
varying_F2_m5_C30_a3_47.txt,varying,5,30,2,3,47,38,14.4024,
varying_F2_m5_C30_a3_48.txt,varying,5,30,2,3,48,78,16.5848,
varying_F2_m5_C30_a3_49.txt,varying,5,30,2,3,49,78,34.6815,
varying_F2_m5_C30_a7_0.txt,varying,5,30,2,7,0,106,38.7165,
varying_F2_m5_C30_a7_1.txt,varying,5,30,2,7,1,88,33.7898,
varying_F2_m5_C30_a7_2.txt,varying,5,30,2,7,2,94,20.6258,
varying_F2_m5_C30_a7_3.txt,varying,5,30,2,7,3,90,35.3074,
varying_F2_m5_C30_a7_4.txt,varying,5,30,2,7,4,92,36.4652,
varying_F2_m5_C30_a7_5.txt,varying,5,30,2,7,5,102,48.3474,
varying_F2_m5_C30_a7_6.txt,varying,5,30,2,7,6,72,56.4249,
varying_F2_m5_C30_a7_7.txt,varying,5,30,2,7,7,110,46.9818,
varying_F2_m5_C30_a7_8.txt,varying,5,30,2,7,8,62,34.3023,
varying_F2_m5_C30_a7_9.txt,varying,5,30,2,7,9,98,38.2308,
varying_F2_m5_C30_a7_10.txt,varying,5,30,2,7,10,68,37.1804,
varying_F2_m5_C30_a7_11.txt,varying,5,30,2,7,11,64,43.9931,
varying_F2_m5_C30_a7_12.txt,varying,5,30,2,7,12,90,17.7541,
varying_F2_m5_C30_a7_13.txt,varying,5,30,2,7,13,76,23.8557,
varying_F2_m5_C30_a7_14.txt,varying,5,30,2,7,14,86,36.5017,
varying_F2_m5_C30_a7_15.txt,varying,5,30,2,7,15,94,59.7911,
varying_F2_m5_C30_a7_16.txt,varying,5,30,2,7,16,76,52.1903,
varying_F2_m5_C30_a7_17.txt,varying,5,30,2,7,17,84,37.6574,
varying_F2_m5_C30_a7_18.txt,varying,5,30,2,7,18,98,68.9989,
varying_F2_m5_C30_a7_19.txt,varying,5,30,2,7,19,92,33.3452,
varying_F2_m5_C30_a7_20.txt,varying,5,30,2,7,20,122,26.4942,
varying_F2_m5_C30_a7_21.txt,varying,5,30,2,7,21,84,85.4249,
varying_F2_m5_C30_a7_22.txt,varying,5,30,2,7,22,92,32.9632,
varying_F2_m5_C30_a7_23.txt,varying,5,30,2,7,23,90,24.6494,
varying_F2_m5_C30_a7_24.txt,varying,5,30,2,7,24,102,51.0219,
varying_F2_m5_C30_a7_25.txt,varying,5,30,2,7,25,84,34.5926,
varying_F2_m5_C30_a7_26.txt,varying,5,30,2,7,26,96,56.5868,
varying_F2_m5_C30_a7_27.txt,varying,5,30,2,7,27,86,39.1004,
varying_F2_m5_C30_a7_28.txt,varying,5,30,2,7,28,70,35.6633,
varying_F2_m5_C30_a7_29.txt,varying,5,30,2,7,29,98,24.0403,
varying_F2_m5_C30_a7_30.txt,varying,5,30,2,7,30,80,23.8488,
varying_F2_m5_C30_a7_31.txt,varying,5,30,2,7,31,86,31.8162,
varying_F2_m5_C30_a7_32.txt,varying,5,30,2,7,32,82,175.452,
varying_F2_m5_C30_a7_33.txt,varying,5,30,2,7,33,82,41.7532,
varying_F2_m5_C30_a7_34.txt,varying,5,30,2,7,34,92,48.4865,
varying_F2_m5_C30_a7_35.txt,varying,5,30,2,7,35,102,29.1282,
varying_F2_m5_C30_a7_36.txt,varying,5,30,2,7,36,98,29.808,
varying_F2_m5_C30_a7_37.txt,varying,5,30,2,7,37,74,33.1334,
varying_F2_m5_C30_a7_38.txt,varying,5,30,2,7,38,80,29.3114,
varying_F2_m5_C30_a7_39.txt,varying,5,30,2,7,39,50,60.3348,
varying_F2_m5_C30_a7_40.txt,varying,5,30,2,7,40,112,35.3481,
varying_F2_m5_C30_a7_41.txt,varying,5,30,2,7,41,100,43.7446,
varying_F2_m5_C30_a7_42.txt,varying,5,30,2,7,42,96,33.895,
varying_F2_m5_C30_a7_43.txt,varying,5,30,2,7,43,96,31.9524,
varying_F2_m5_C30_a7_44.txt,varying,5,30,2,7,44,72,96.5235,
varying_F2_m5_C30_a7_45.txt,varying,5,30,2,7,45,64,53.5205,
varying_F2_m5_C30_a7_46.txt,varying,5,30,2,7,46,84,57.8708,
varying_F2_m5_C30_a7_47.txt,varying,5,30,2,7,47,54,91.7362,
varying_F2_m5_C30_a7_48.txt,varying,5,30,2,7,48,86,29.0089,
varying_F2_m5_C30_a7_49.txt,varying,5,30,2,7,49,88,56.7461,
varying_F2_m5_C30_a15_0.txt,varying,5,30,2,15,0,126,87.0455,
varying_F2_m5_C30_a15_1.txt,varying,5,30,2,15,1,90,61.5695,
varying_F2_m5_C30_a15_2.txt,varying,5,30,2,15,2,134,77.2274,
varying_F2_m5_C30_a15_3.txt,varying,5,30,2,15,3,112,85.0989,
varying_F2_m5_C30_a15_4.txt,varying,5,30,2,15,4,126,74.3949,
varying_F2_m5_C30_a15_5.txt,varying,5,30,2,15,5,118,71.7155,
varying_F2_m5_C30_a15_6.txt,varying,5,30,2,15,6,136,52.9357,
varying_F2_m5_C30_a15_7.txt,varying,5,30,2,15,7,120,71.2818,
varying_F2_m5_C30_a15_8.txt,varying,5,30,2,15,8,102,76.0936,
varying_F2_m5_C30_a15_9.txt,varying,5,30,2,15,9,134,58.2394,
varying_F2_m5_C30_a15_10.txt,varying,5,30,2,15,10,90,133.015,
varying_F2_m5_C30_a15_11.txt,varying,5,30,2,15,11,98,86.6798,
varying_F2_m5_C30_a15_12.txt,varying,5,30,2,15,12,120,65.1363,
varying_F2_m5_C30_a15_13.txt,varying,5,30,2,15,13,112,68.8018,
varying_F2_m5_C30_a15_14.txt,varying,5,30,2,15,14,116,34.411,
varying_F2_m5_C30_a15_15.txt,varying,5,30,2,15,15,104,94.0064,
varying_F2_m5_C30_a15_16.txt,varying,5,30,2,15,16,114,98.9198,
varying_F2_m5_C30_a15_17.txt,varying,5,30,2,15,17,128,61.2703,
varying_F2_m5_C30_a15_18.txt,varying,5,30,2,15,18,122,46.0249,
varying_F2_m5_C30_a15_19.txt,varying,5,30,2,15,19,112,193.056,
varying_F2_m5_C30_a15_20.txt,varying,5,30,2,15,20,140,73.9669,
varying_F2_m5_C30_a15_21.txt,varying,5,30,2,15,21,114,78.842,
varying_F2_m5_C30_a15_22.txt,varying,5,30,2,15,22,156,49.6805,
varying_F2_m5_C30_a15_23.txt,varying,5,30,2,15,23,132,39.572,
varying_F2_m5_C30_a15_24.txt,varying,5,30,2,15,24,116,72.4947,
varying_F2_m5_C30_a15_25.txt,varying,5,30,2,15,25,96,53.2969,
varying_F2_m5_C30_a15_26.txt,varying,5,30,2,15,26,116,52.2288,
varying_F2_m5_C30_a15_27.txt,varying,5,30,2,15,27,94,72.9423,
varying_F2_m5_C30_a15_28.txt,varying,5,30,2,15,28,104,102.775,
varying_F2_m5_C30_a15_29.txt,varying,5,30,2,15,29,124,32.4111,
varying_F2_m5_C30_a15_30.txt,varying,5,30,2,15,30,140,115.982,
varying_F2_m5_C30_a15_31.txt,varying,5,30,2,15,31,144,43.5805,
varying_F2_m5_C30_a15_32.txt,varying,5,30,2,15,32,122,82.9864,
varying_F2_m5_C30_a15_33.txt,varying,5,30,2,15,33,110,106.415,
varying_F2_m5_C30_a15_34.txt,varying,5,30,2,15,34,116,56.6349,
varying_F2_m5_C30_a15_35.txt,varying,5,30,2,15,35,120,68.7964,
varying_F2_m5_C30_a15_36.txt,varying,5,30,2,15,36,128,75.18,
varying_F2_m5_C30_a15_37.txt,varying,5,30,2,15,37,128,53.8992,
varying_F2_m5_C30_a15_38.txt,varying,5,30,2,15,38,130,62.0496,
varying_F2_m5_C30_a15_39.txt,varying,5,30,2,15,39,84,165.826,
varying_F2_m5_C30_a15_40.txt,varying,5,30,2,15,40,134,166.876,
varying_F2_m5_C30_a15_41.txt,varying,5,30,2,15,41,138,32.3391,
varying_F2_m5_C30_a15_42.txt,varying,5,30,2,15,42,116,59.5606,
varying_F2_m5_C30_a15_43.txt,varying,5,30,2,15,43,128,58.807,
varying_F2_m5_C30_a15_44.txt,varying,5,30,2,15,44,116,86.8272,
varying_F2_m5_C30_a15_45.txt,varying,5,30,2,15,45,110,80.5302,
varying_F2_m5_C30_a15_46.txt,varying,5,30,2,15,46,136,100.926,
varying_F2_m5_C30_a15_47.txt,varying,5,30,2,15,47,88,121.284,
varying_F2_m5_C30_a15_48.txt,varying,5,30,2,15,48,136,82.1712,
varying_F2_m5_C30_a15_49.txt,varying,5,30,2,15,49,108,69.063,
varying_F2_m5_C30_a30_0.txt,varying,5,30,2,30,0,170,139.914,
varying_F2_m5_C30_a30_1.txt,varying,5,30,2,30,1,148,92.605,
varying_F2_m5_C30_a30_2.txt,varying,5,30,2,30,2,166,99.6711,
varying_F2_m5_C30_a30_3.txt,varying,5,30,2,30,3,168,59.0799,
varying_F2_m5_C30_a30_4.txt,varying,5,30,2,30,4,142,163.285,
varying_F2_m5_C30_a30_5.txt,varying,5,30,2,30,5,158,166.982,
varying_F2_m5_C30_a30_6.txt,varying,5,30,2,30,6,148,109.939,
varying_F2_m5_C30_a30_7.txt,varying,5,30,2,30,7,142,115.803,
varying_F2_m5_C30_a30_8.txt,varying,5,30,2,30,8,150,125.546,
varying_F2_m5_C30_a30_9.txt,varying,5,30,2,30,9,160,90.0037,
varying_F2_m5_C30_a30_10.txt,varying,5,30,2,30,10,142,192.049,
varying_F2_m5_C30_a30_11.txt,varying,5,30,2,30,11,166,169.081,
varying_F2_m5_C30_a30_12.txt,varying,5,30,2,30,12,158,154.929,
varying_F2_m5_C30_a30_13.txt,varying,5,30,2,30,13,140,144.205,
varying_F2_m5_C30_a30_14.txt,varying,5,30,2,30,14,158,121.287,
varying_F2_m5_C30_a30_15.txt,varying,5,30,2,30,15,150,89.2471,
varying_F2_m5_C30_a30_16.txt,varying,5,30,2,30,16,150,97.2453,
varying_F2_m5_C30_a30_17.txt,varying,5,30,2,30,17,166,89.133,
varying_F2_m5_C30_a30_18.txt,varying,5,30,2,30,18,152,166.099,
varying_F2_m5_C30_a30_19.txt,varying,5,30,2,30,19,150,129.835,
varying_F2_m5_C30_a30_20.txt,varying,5,30,2,30,20,176,94.9568,
varying_F2_m5_C30_a30_21.txt,varying,5,30,2,30,21,176,68.5302,
varying_F2_m5_C30_a30_22.txt,varying,5,30,2,30,22,180,85.4454,
varying_F2_m5_C30_a30_23.txt,varying,5,30,2,30,23,152,112.38,
varying_F2_m5_C30_a30_24.txt,varying,5,30,2,30,24,158,133.535,
varying_F2_m5_C30_a30_25.txt,varying,5,30,2,30,25,142,239.505,
varying_F2_m5_C30_a30_26.txt,varying,5,30,2,30,26,160,117.433,
varying_F2_m5_C30_a30_27.txt,varying,5,30,2,30,27,156,105.117,
varying_F2_m5_C30_a30_28.txt,varying,5,30,2,30,28,152,108.593,
varying_F2_m5_C30_a30_29.txt,varying,5,30,2,30,29,142,76.3592,
varying_F2_m5_C30_a30_30.txt,varying,5,30,2,30,30,150,106.302,
varying_F2_m5_C30_a30_31.txt,varying,5,30,2,30,31,148,95.8627,
varying_F2_m5_C30_a30_32.txt,varying,5,30,2,30,32,152,138.233,
varying_F2_m5_C30_a30_33.txt,varying,5,30,2,30,33,146,151.065,
varying_F2_m5_C30_a30_34.txt,varying,5,30,2,30,34,172,101.441,
varying_F2_m5_C30_a30_35.txt,varying,5,30,2,30,35,170,83.8762,
varying_F2_m5_C30_a30_36.txt,varying,5,30,2,30,36,164,84.9521,
varying_F2_m5_C30_a30_37.txt,varying,5,30,2,30,37,170,79.3732,
varying_F2_m5_C30_a30_38.txt,varying,5,30,2,30,38,166,164.546,
varying_F2_m5_C30_a30_39.txt,varying,5,30,2,30,39,146,162.981,
varying_F2_m5_C30_a30_40.txt,varying,5,30,2,30,40,158,113.069,
varying_F2_m5_C30_a30_41.txt,varying,5,30,2,30,41,144,81.7543,
varying_F2_m5_C30_a30_42.txt,varying,5,30,2,30,42,154,106.601,
varying_F2_m5_C30_a30_43.txt,varying,5,30,2,30,43,146,168.942,
varying_F2_m5_C30_a30_44.txt,varying,5,30,2,30,44,166,140.673,
varying_F2_m5_C30_a30_45.txt,varying,5,30,2,30,45,158,93.1708,
varying_F2_m5_C30_a30_46.txt,varying,5,30,2,30,46,162,129.512,
varying_F2_m5_C30_a30_47.txt,varying,5,30,2,30,47,124,88.9429,
varying_F2_m5_C30_a30_48.txt,varying,5,30,2,30,48,174,79.5151,
varying_F2_m5_C30_a30_49.txt,varying,5,30,2,30,49,132,126.703,
varying_F2_m5_C60_a3_0.txt,varying,5,60,2,3,0,118,1.9535,
varying_F2_m5_C60_a3_1.txt,varying,5,60,2,3,1,74,45.3787,
varying_F2_m5_C60_a3_2.txt,varying,5,60,2,3,2,102,24.5417,
varying_F2_m5_C60_a3_3.txt,varying,5,60,2,3,3,128,12.1342,
varying_F2_m5_C60_a3_4.txt,varying,5,60,2,3,4,90,21.5951,
varying_F2_m5_C60_a3_5.txt,varying,5,60,2,3,5,80,0.9851,
varying_F2_m5_C60_a3_6.txt,varying,5,60,2,3,6,92,6.6104,
varying_F2_m5_C60_a3_7.txt,varying,5,60,2,3,7,108,44.3823,
varying_F2_m5_C60_a3_8.txt,varying,5,60,2,3,8,80,9.6425,
varying_F2_m5_C60_a3_9.txt,varying,5,60,2,3,9,98,25.6762,
varying_F2_m5_C60_a3_10.txt,varying,5,60,2,3,10,92,26.7499,
varying_F2_m5_C60_a3_11.txt,varying,5,60,2,3,11,80,21.5454,
varying_F2_m5_C60_a3_12.txt,varying,5,60,2,3,12,130,14.7914,
varying_F2_m5_C60_a3_13.txt,varying,5,60,2,3,13,76,19.4488,
varying_F2_m5_C60_a3_14.txt,varying,5,60,2,3,14,126,62.6986,
varying_F2_m5_C60_a3_15.txt,varying,5,60,2,3,15,76,27.6651,
varying_F2_m5_C60_a3_16.txt,varying,5,60,2,3,16,94,17.6943,
varying_F2_m5_C60_a3_17.txt,varying,5,60,2,3,17,98,19.5196,
varying_F2_m5_C60_a3_18.txt,varying,5,60,2,3,18,88,68.2975,
varying_F2_m5_C60_a3_19.txt,varying,5,60,2,3,19,102,23.5393,
varying_F2_m5_C60_a3_20.txt,varying,5,60,2,3,20,154,28.1866,
varying_F2_m5_C60_a3_21.txt,varying,5,60,2,3,21,100,22.8134,
varying_F2_m5_C60_a3_22.txt,varying,5,60,2,3,22,98,3.7672,
varying_F2_m5_C60_a3_23.txt,varying,5,60,2,3,23,140,22.6383,
varying_F2_m5_C60_a3_24.txt,varying,5,60,2,3,24,102,61.5853,
varying_F2_m5_C60_a3_25.txt,varying,5,60,2,3,25,98,46.124,
varying_F2_m5_C60_a3_26.txt,varying,5,60,2,3,26,92,36.6633,
varying_F2_m5_C60_a3_27.txt,varying,5,60,2,3,27,102,39.197,
varying_F2_m5_C60_a3_28.txt,varying,5,60,2,3,28,80,89.8451,
varying_F2_m5_C60_a3_29.txt,varying,5,60,2,3,29,148,2.352,
varying_F2_m5_C60_a3_30.txt,varying,5,60,2,3,30,136,14.5886,
varying_F2_m5_C60_a3_31.txt,varying,5,60,2,3,31,92,9.1643,
varying_F2_m5_C60_a3_32.txt,varying,5,60,2,3,32,88,28.2547,
varying_F2_m5_C60_a3_33.txt,varying,5,60,2,3,33,128,23.2001,
varying_F2_m5_C60_a3_34.txt,varying,5,60,2,3,34,130,1.9333,
varying_F2_m5_C60_a3_35.txt,varying,5,60,2,3,35,80,10.0589,
varying_F2_m5_C60_a3_36.txt,varying,5,60,2,3,36,82,32.7686,
varying_F2_m5_C60_a3_37.txt,varying,5,60,2,3,37,134,32.4722,
varying_F2_m5_C60_a3_38.txt,varying,5,60,2,3,38,62,15.8802,
varying_F2_m5_C60_a3_39.txt,varying,5,60,2,3,39,98,1.946,
varying_F2_m5_C60_a3_40.txt,varying,5,60,2,3,40,128,17.3144,
varying_F2_m5_C60_a3_41.txt,varying,5,60,2,3,41,148,11.6181,
varying_F2_m5_C60_a3_42.txt,varying,5,60,2,3,42,148,28.782,
varying_F2_m5_C60_a3_43.txt,varying,5,60,2,3,43,138,33.9678,
varying_F2_m5_C60_a3_44.txt,varying,5,60,2,3,44,142,2.0108,
varying_F2_m5_C60_a3_45.txt,varying,5,60,2,3,45,130,30.6938,
varying_F2_m5_C60_a3_46.txt,varying,5,60,2,3,46,122,33.3579,
varying_F2_m5_C60_a3_47.txt,varying,5,60,2,3,47,116,18.7807,
varying_F2_m5_C60_a3_48.txt,varying,5,60,2,3,48,128,11.4439,
varying_F2_m5_C60_a3_49.txt,varying,5,60,2,3,49,106,29.2741,
varying_F2_m5_C60_a7_0.txt,varying,5,60,2,7,0,170,53.2397,
varying_F2_m5_C60_a7_1.txt,varying,5,60,2,7,1,142,68.7682,
varying_F2_m5_C60_a7_2.txt,varying,5,60,2,7,2,160,23.1743,
varying_F2_m5_C60_a7_3.txt,varying,5,60,2,7,3,144,28.2867,
varying_F2_m5_C60_a7_4.txt,varying,5,60,2,7,4,154,29.3708,
varying_F2_m5_C60_a7_5.txt,varying,5,60,2,7,5,106,18.5985,
varying_F2_m5_C60_a7_6.txt,varying,5,60,2,7,6,160,50.72,
varying_F2_m5_C60_a7_7.txt,varying,5,60,2,7,7,120,46.5228,
varying_F2_m5_C60_a7_8.txt,varying,5,60,2,7,8,122,42.1871,
varying_F2_m5_C60_a7_9.txt,varying,5,60,2,7,9,128,42.2392,
varying_F2_m5_C60_a7_10.txt,varying,5,60,2,7,10,120,97.2082,
varying_F2_m5_C60_a7_11.txt,varying,5,60,2,7,11,114,52.7231,
varying_F2_m5_C60_a7_12.txt,varying,5,60,2,7,12,170,93.6127,
varying_F2_m5_C60_a7_13.txt,varying,5,60,2,7,13,124,51.1905,
varying_F2_m5_C60_a7_14.txt,varying,5,60,2,7,14,144,39.381,
varying_F2_m5_C60_a7_15.txt,varying,5,60,2,7,15,120,26.812,
varying_F2_m5_C60_a7_16.txt,varying,5,60,2,7,16,166,28.0079,
varying_F2_m5_C60_a7_17.txt,varying,5,60,2,7,17,138,55.2649,
varying_F2_m5_C60_a7_18.txt,varying,5,60,2,7,18,160,56.9108,
varying_F2_m5_C60_a7_19.txt,varying,5,60,2,7,19,148,48.6527,
varying_F2_m5_C60_a7_20.txt,varying,5,60,2,7,20,160,49.5546,
varying_F2_m5_C60_a7_21.txt,varying,5,60,2,7,21,178,44.6094,
varying_F2_m5_C60_a7_22.txt,varying,5,60,2,7,22,130,42.7867,
varying_F2_m5_C60_a7_23.txt,varying,5,60,2,7,23,148,61.6508,
varying_F2_m5_C60_a7_24.txt,varying,5,60,2,7,24,146,68.0003,
varying_F2_m5_C60_a7_25.txt,varying,5,60,2,7,25,142,56.8533,
varying_F2_m5_C60_a7_26.txt,varying,5,60,2,7,26,114,52.2873,
varying_F2_m5_C60_a7_27.txt,varying,5,60,2,7,27,162,29.5849,
varying_F2_m5_C60_a7_28.txt,varying,5,60,2,7,28,146,53.5746,
varying_F2_m5_C60_a7_29.txt,varying,5,60,2,7,29,188,33.3187,
varying_F2_m5_C60_a7_30.txt,varying,5,60,2,7,30,156,60.1208,
varying_F2_m5_C60_a7_31.txt,varying,5,60,2,7,31,170,56.892,
varying_F2_m5_C60_a7_32.txt,varying,5,60,2,7,32,88,67.3038,
varying_F2_m5_C60_a7_33.txt,varying,5,60,2,7,33,136,60.6333,
varying_F2_m5_C60_a7_34.txt,varying,5,60,2,7,34,152,20.3043,
varying_F2_m5_C60_a7_35.txt,varying,5,60,2,7,35,120,35.0253,
varying_F2_m5_C60_a7_36.txt,varying,5,60,2,7,36,154,24.8056,
varying_F2_m5_C60_a7_37.txt,varying,5,60,2,7,37,142,29.5001,
varying_F2_m5_C60_a7_38.txt,varying,5,60,2,7,38,126,44.9533,
varying_F2_m5_C60_a7_39.txt,varying,5,60,2,7,39,120,32.3067,
varying_F2_m5_C60_a7_40.txt,varying,5,60,2,7,40,150,35.3907,
varying_F2_m5_C60_a7_41.txt,varying,5,60,2,7,41,148,33.09,
varying_F2_m5_C60_a7_42.txt,varying,5,60,2,7,42,180,42.2553,
varying_F2_m5_C60_a7_43.txt,varying,5,60,2,7,43,164,26.2668,
varying_F2_m5_C60_a7_44.txt,varying,5,60,2,7,44,178,5.2118,
varying_F2_m5_C60_a7_45.txt,varying,5,60,2,7,45,152,37.2967,
varying_F2_m5_C60_a7_46.txt,varying,5,60,2,7,46,140,50.7146,
varying_F2_m5_C60_a7_47.txt,varying,5,60,2,7,47,146,79.2301,
varying_F2_m5_C60_a7_48.txt,varying,5,60,2,7,48,144,45.1393,
varying_F2_m5_C60_a7_49.txt,varying,5,60,2,7,49,140,89.6321,
varying_F2_m5_C60_a15_0.txt,varying,5,60,2,15,0,220,93.0636,
varying_F2_m5_C60_a15_1.txt,varying,5,60,2,15,1,218,87.1875,
varying_F2_m5_C60_a15_2.txt,varying,5,60,2,15,2,234,57.2642,
varying_F2_m5_C60_a15_3.txt,varying,5,60,2,15,3,158,72.8622,
varying_F2_m5_C60_a15_4.txt,varying,5,60,2,15,4,244,78.3013,
varying_F2_m5_C60_a15_5.txt,varying,5,60,2,15,5,162,81.2891,
varying_F2_m5_C60_a15_6.txt,varying,5,60,2,15,6,212,72.4664,
varying_F2_m5_C60_a15_7.txt,varying,5,60,2,15,7,184,49.2063,
varying_F2_m5_C60_a15_8.txt,varying,5,60,2,15,8,200,139.02,
varying_F2_m5_C60_a15_9.txt,varying,5,60,2,15,9,174,60.1713,
varying_F2_m5_C60_a15_10.txt,varying,5,60,2,15,10,190,111.046,
varying_F2_m5_C60_a15_11.txt,varying,5,60,2,15,11,152,57.7527,
varying_F2_m5_C60_a15_12.txt,varying,5,60,2,15,12,226,65.1282,
varying_F2_m5_C60_a15_13.txt,varying,5,60,2,15,13,204,72.5062,
varying_F2_m5_C60_a15_14.txt,varying,5,60,2,15,14,182,126.363,
varying_F2_m5_C60_a15_15.txt,varying,5,60,2,15,15,198,72.1439,
varying_F2_m5_C60_a15_16.txt,varying,5,60,2,15,16,208,46.9273,
varying_F2_m5_C60_a15_17.txt,varying,5,60,2,15,17,166,107.39,
varying_F2_m5_C60_a15_18.txt,varying,5,60,2,15,18,182,56.7932,
varying_F2_m5_C60_a15_19.txt,varying,5,60,2,15,19,176,94.7841,
varying_F2_m5_C60_a15_20.txt,varying,5,60,2,15,20,202,141.017,
varying_F2_m5_C60_a15_21.txt,varying,5,60,2,15,21,208,97.282,
varying_F2_m5_C60_a15_22.txt,varying,5,60,2,15,22,220,66.357,
varying_F2_m5_C60_a15_23.txt,varying,5,60,2,15,23,162,143.902,
varying_F2_m5_C60_a15_24.txt,varying,5,60,2,15,24,194,86.302,
varying_F2_m5_C60_a15_25.txt,varying,5,60,2,15,25,222,151.379,
varying_F2_m5_C60_a15_26.txt,varying,5,60,2,15,26,176,147.162,
varying_F2_m5_C60_a15_27.txt,varying,5,60,2,15,27,198,98.1126,
varying_F2_m5_C60_a15_28.txt,varying,5,60,2,15,28,166,102.536,
varying_F2_m5_C60_a15_29.txt,varying,5,60,2,15,29,194,59.9729,
varying_F2_m5_C60_a15_30.txt,varying,5,60,2,15,30,230,151.15,
varying_F2_m5_C60_a15_31.txt,varying,5,60,2,15,31,212,127.506,
varying_F2_m5_C60_a15_32.txt,varying,5,60,2,15,32,184,205.581,
varying_F2_m5_C60_a15_33.txt,varying,5,60,2,15,33,172,658.447,
varying_F2_m5_C60_a15_34.txt,varying,5,60,2,15,34,202,46.4852,
varying_F2_m5_C60_a15_35.txt,varying,5,60,2,15,35,182,54.7272,
varying_F2_m5_C60_a15_36.txt,varying,5,60,2,15,36,176,98.0945,
varying_F2_m5_C60_a15_37.txt,varying,5,60,2,15,37,220,139.26,
varying_F2_m5_C60_a15_38.txt,varying,5,60,2,15,38,200,62.2902,
varying_F2_m5_C60_a15_39.txt,varying,5,60,2,15,39,218,53.8901,
varying_F2_m5_C60_a15_40.txt,varying,5,60,2,15,40,180,49.4701,
varying_F2_m5_C60_a15_41.txt,varying,5,60,2,15,41,182,119.748,
varying_F2_m5_C60_a15_42.txt,varying,5,60,2,15,42,220,124.839,
varying_F2_m5_C60_a15_43.txt,varying,5,60,2,15,43,218,109.085,
varying_F2_m5_C60_a15_44.txt,varying,5,60,2,15,44,236,47.574,
varying_F2_m5_C60_a15_45.txt,varying,5,60,2,15,45,204,67.8173,
varying_F2_m5_C60_a15_46.txt,varying,5,60,2,15,46,196,121.617,
varying_F2_m5_C60_a15_47.txt,varying,5,60,2,15,47,188,93.6673,
varying_F2_m5_C60_a15_48.txt,varying,5,60,2,15,48,186,59.3473,
varying_F2_m5_C60_a15_49.txt,varying,5,60,2,15,49,184,99.0666,
varying_F2_m5_C60_a30_0.txt,varying,5,60,2,30,0,292,126.65,
varying_F2_m5_C60_a30_1.txt,varying,5,60,2,30,1,270,192.157,
varying_F2_m5_C60_a30_2.txt,varying,5,60,2,30,2,274,153.509,
varying_F2_m5_C60_a30_3.txt,varying,5,60,2,30,3,218,228.213,
varying_F2_m5_C60_a30_4.txt,varying,5,60,2,30,4,308,91.8415,
varying_F2_m5_C60_a30_5.txt,varying,5,60,2,30,5,252,127.091,
varying_F2_m5_C60_a30_6.txt,varying,5,60,2,30,6,270,118.252,
varying_F2_m5_C60_a30_7.txt,varying,5,60,2,30,7,282,129.931,
varying_F2_m5_C60_a30_8.txt,varying,5,60,2,30,8,236,334.507,
varying_F2_m5_C60_a30_9.txt,varying,5,60,2,30,9,264,136.481,
varying_F2_m5_C60_a30_10.txt,varying,5,60,2,30,10,284,225.391,
varying_F2_m5_C60_a30_11.txt,varying,5,60,2,30,11,254,142.034,
varying_F2_m5_C60_a30_12.txt,varying,5,60,2,30,12,286,138.957,
varying_F2_m5_C60_a30_13.txt,varying,5,60,2,30,13,214,239.624,
varying_F2_m5_C60_a30_14.txt,varying,5,60,2,30,14,278,91.9391,
varying_F2_m5_C60_a30_15.txt,varying,5,60,2,30,15,258,107.608,
varying_F2_m5_C60_a30_16.txt,varying,5,60,2,30,16,254,128.464,
varying_F2_m5_C60_a30_17.txt,varying,5,60,2,30,17,230,275.436,
varying_F2_m5_C60_a30_18.txt,varying,5,60,2,30,18,244,219.981,
varying_F2_m5_C60_a30_19.txt,varying,5,60,2,30,19,232,175.876,
varying_F2_m5_C60_a30_20.txt,varying,5,60,2,30,20,296,168.837,
varying_F2_m5_C60_a30_21.txt,varying,5,60,2,30,21,256,128.136,
varying_F2_m5_C60_a30_22.txt,varying,5,60,2,30,22,304,116.644,
varying_F2_m5_C60_a30_23.txt,varying,5,60,2,30,23,238,417.363,
varying_F2_m5_C60_a30_24.txt,varying,5,60,2,30,24,254,304.51,
varying_F2_m5_C60_a30_25.txt,varying,5,60,2,30,25,260,227.757,
varying_F2_m5_C60_a30_26.txt,varying,5,60,2,30,26,252,280.291,
varying_F2_m5_C60_a30_27.txt,varying,5,60,2,30,27,268,115.376,
varying_F2_m5_C60_a30_28.txt,varying,5,60,2,30,28,204,433.918,
varying_F2_m5_C60_a30_29.txt,varying,5,60,2,30,29,252,315.712,
varying_F2_m5_C60_a30_30.txt,varying,5,60,2,30,30,268,230.797,
varying_F2_m5_C60_a30_31.txt,varying,5,60,2,30,31,312,99.8195,
varying_F2_m5_C60_a30_32.txt,varying,5,60,2,30,32,242,158.18,
varying_F2_m5_C60_a30_33.txt,varying,5,60,2,30,33,260,223.346,
varying_F2_m5_C60_a30_34.txt,varying,5,60,2,30,34,260,129.625,
varying_F2_m5_C60_a30_35.txt,varying,5,60,2,30,35,250,116.2,
varying_F2_m5_C60_a30_36.txt,varying,5,60,2,30,36,242,307.089,
varying_F2_m5_C60_a30_37.txt,varying,5,60,2,30,37,284,93.8304,
varying_F2_m5_C60_a30_38.txt,varying,5,60,2,30,38,258,97.634,
varying_F2_m5_C60_a30_39.txt,varying,5,60,2,30,39,304,82.9643,
varying_F2_m5_C60_a30_40.txt,varying,5,60,2,30,40,256,220.276,
varying_F2_m5_C60_a30_41.txt,varying,5,60,2,30,41,284,90.7073,
varying_F2_m5_C60_a30_42.txt,varying,5,60,2,30,42,240,123.371,
varying_F2_m5_C60_a30_43.txt,varying,5,60,2,30,43,276,224.595,
varying_F2_m5_C60_a30_44.txt,varying,5,60,2,30,44,240,78.0663,
varying_F2_m5_C60_a30_45.txt,varying,5,60,2,30,45,264,109.174,
varying_F2_m5_C60_a30_46.txt,varying,5,60,2,30,46,264,234.42,
varying_F2_m5_C60_a30_47.txt,varying,5,60,2,30,47,240,160.783,
varying_F2_m5_C60_a30_48.txt,varying,5,60,2,30,48,274,61.3759,
varying_F2_m5_C60_a30_49.txt,varying,5,60,2,30,49,260,143.378,
varying_F2_m5_C180_a3_0.txt,varying,5,180,2,3,0,382,19.8996,
varying_F2_m5_C180_a3_1.txt,varying,5,180,2,3,1,250,1.3075,
varying_F2_m5_C180_a3_2.txt,varying,5,180,2,3,2,200,214.814,
varying_F2_m5_C180_a3_3.txt,varying,5,180,2,3,3,368,16.0316,
varying_F2_m5_C180_a3_4.txt,varying,5,180,2,3,4,312,23.9136,
varying_F2_m5_C180_a3_5.txt,varying,5,180,2,3,5,338,28.1079,
varying_F2_m5_C180_a3_6.txt,varying,5,180,2,3,6,226,125.731,
varying_F2_m5_C180_a3_7.txt,varying,5,180,2,3,7,164,31.6773,
varying_F2_m5_C180_a3_8.txt,varying,5,180,2,3,8,226,24.5063,
varying_F2_m5_C180_a3_9.txt,varying,5,180,2,3,9,200,58.979,
varying_F2_m5_C180_a3_10.txt,varying,5,180,2,3,10,472,2.7953,
varying_F2_m5_C180_a3_11.txt,varying,5,180,2,3,11,194,65.9649,
varying_F2_m5_C180_a3_12.txt,varying,5,180,2,3,12,194,29.6999,
varying_F2_m5_C180_a3_13.txt,varying,5,180,2,3,13,376,22.171,
varying_F2_m5_C180_a3_14.txt,varying,5,180,2,3,14,252,22.4643,
varying_F2_m5_C180_a3_15.txt,varying,5,180,2,3,15,358,29.9271,
varying_F2_m5_C180_a3_16.txt,varying,5,180,2,3,16,152,24.6919,
varying_F2_m5_C180_a3_17.txt,varying,5,180,2,3,17,216,36.613,
varying_F2_m5_C180_a3_18.txt,varying,5,180,2,3,18,194,36.4796,
varying_F2_m5_C180_a3_19.txt,varying,5,180,2,3,19,194,51.6914,
varying_F2_m5_C180_a3_20.txt,varying,5,180,2,3,20,294,5.7238,
varying_F2_m5_C180_a3_21.txt,varying,5,180,2,3,21,362,0.981,
varying_F2_m5_C180_a3_22.txt,varying,5,180,2,3,22,256,24.2572,
varying_F2_m5_C180_a3_23.txt,varying,5,180,2,3,23,234,14.8714,
varying_F2_m5_C180_a3_24.txt,varying,5,180,2,3,24,140,55.4281,
varying_F2_m5_C180_a3_25.txt,varying,5,180,2,3,25,320,20.4749,
varying_F2_m5_C180_a3_26.txt,varying,5,180,2,3,26,194,43.1535,
varying_F2_m5_C180_a3_27.txt,varying,5,180,2,3,27,48,35.9999,
varying_F2_m5_C180_a3_28.txt,varying,5,180,2,3,28,250,24.4509,
varying_F2_m5_C180_a3_29.txt,varying,5,180,2,3,29,152,19.2331,
varying_F2_m5_C180_a3_30.txt,varying,5,180,2,3,30,368,2.3406,
varying_F2_m5_C180_a3_31.txt,varying,5,180,2,3,31,222,8.8239,
varying_F2_m5_C180_a3_32.txt,varying,5,180,2,3,32,352,44.586,
varying_F2_m5_C180_a3_33.txt,varying,5,180,2,3,33,284,42.0791,
varying_F2_m5_C180_a3_34.txt,varying,5,180,2,3,34,194,37.9661,
varying_F2_m5_C180_a3_35.txt,varying,5,180,2,3,35,304,19.1052,
varying_F2_m5_C180_a3_36.txt,varying,5,180,2,3,36,218,89.5623,
varying_F2_m5_C180_a3_37.txt,varying,5,180,2,3,37,370,13.9027,
varying_F2_m5_C180_a3_38.txt,varying,5,180,2,3,38,202,47.5224,
varying_F2_m5_C180_a3_39.txt,varying,5,180,2,3,39,354,26.5792,
varying_F2_m5_C180_a3_40.txt,varying,5,180,2,3,40,252,14.5086,
varying_F2_m5_C180_a3_41.txt,varying,5,180,2,3,41,158,23.6249,
varying_F2_m5_C180_a3_42.txt,varying,5,180,2,3,42,324,14.0916,
varying_F2_m5_C180_a3_43.txt,varying,5,180,2,3,43,310,25.8704,
varying_F2_m5_C180_a3_44.txt,varying,5,180,2,3,44,188,81.967,
varying_F2_m5_C180_a3_45.txt,varying,5,180,2,3,45,262,6.9803,
varying_F2_m5_C180_a3_46.txt,varying,5,180,2,3,46,194,53.1467,
varying_F2_m5_C180_a3_47.txt,varying,5,180,2,3,47,382,8.3933,
varying_F2_m5_C180_a3_48.txt,varying,5,180,2,3,48,382,7.1073,
varying_F2_m5_C180_a3_49.txt,varying,5,180,2,3,49,218,36.4349,
varying_F2_m5_C180_a7_0.txt,varying,5,180,2,7,0,382,37.0691,
varying_F2_m5_C180_a7_1.txt,varying,5,180,2,7,1,346,40.7034,
varying_F2_m5_C180_a7_2.txt,varying,5,180,2,7,2,314,73.913,
varying_F2_m5_C180_a7_3.txt,varying,5,180,2,7,3,386,55.5096,
varying_F2_m5_C180_a7_4.txt,varying,5,180,2,7,4,370,58.9481,
varying_F2_m5_C180_a7_5.txt,varying,5,180,2,7,5,376,48.3386,
varying_F2_m5_C180_a7_6.txt,varying,5,180,2,7,6,394,82.2424,
varying_F2_m5_C180_a7_7.txt,varying,5,180,2,7,7,356,53.1111,
varying_F2_m5_C180_a7_8.txt,varying,5,180,2,7,8,340,31.5649,
varying_F2_m5_C180_a7_9.txt,varying,5,180,2,7,9,290,34.644,
varying_F2_m5_C180_a7_10.txt,varying,5,180,2,7,10,476,37.5267,
varying_F2_m5_C180_a7_11.txt,varying,5,180,2,7,11,282,88.2885,
varying_F2_m5_C180_a7_12.txt,varying,5,180,2,7,12,276,43.0161,
varying_F2_m5_C180_a7_13.txt,varying,5,180,2,7,13,430,23.3768,
varying_F2_m5_C180_a7_14.txt,varying,5,180,2,7,14,328,65.6191,
varying_F2_m5_C180_a7_15.txt,varying,5,180,2,7,15,382,60.1636,
varying_F2_m5_C180_a7_16.txt,varying,5,180,2,7,16,252,47.2828,
varying_F2_m5_C180_a7_17.txt,varying,5,180,2,7,17,414,22.8527,
varying_F2_m5_C180_a7_18.txt,varying,5,180,2,7,18,310,32.1993,
varying_F2_m5_C180_a7_19.txt,varying,5,180,2,7,19,390,27.4326,
varying_F2_m5_C180_a7_20.txt,varying,5,180,2,7,20,318,37.1691,
varying_F2_m5_C180_a7_21.txt,varying,5,180,2,7,21,482,12.747,
varying_F2_m5_C180_a7_22.txt,varying,5,180,2,7,22,302,39.7609,
varying_F2_m5_C180_a7_23.txt,varying,5,180,2,7,23,320,34.431,
varying_F2_m5_C180_a7_24.txt,varying,5,180,2,7,24,324,70.3344,
varying_F2_m5_C180_a7_25.txt,varying,5,180,2,7,25,326,46.1918,
varying_F2_m5_C180_a7_26.txt,varying,5,180,2,7,26,262,34.8927,
varying_F2_m5_C180_a7_27.txt,varying,5,180,2,7,27,252,144.111,
varying_F2_m5_C180_a7_28.txt,varying,5,180,2,7,28,436,40.4332,
varying_F2_m5_C180_a7_29.txt,varying,5,180,2,7,29,296,32.1049,
varying_F2_m5_C180_a7_30.txt,varying,5,180,2,7,30,406,26.2781,
varying_F2_m5_C180_a7_31.txt,varying,5,180,2,7,31,396,29.3906,
varying_F2_m5_C180_a7_32.txt,varying,5,180,2,7,32,410,65.583,
varying_F2_m5_C180_a7_33.txt,varying,5,180,2,7,33,324,30.8473,
varying_F2_m5_C180_a7_34.txt,varying,5,180,2,7,34,410,52.3385,
varying_F2_m5_C180_a7_35.txt,varying,5,180,2,7,35,388,48.5309,
varying_F2_m5_C180_a7_36.txt,varying,5,180,2,7,36,332,313.316,
varying_F2_m5_C180_a7_37.txt,varying,5,180,2,7,37,400,56.8691,
varying_F2_m5_C180_a7_38.txt,varying,5,180,2,7,38,384,73.5911,
varying_F2_m5_C180_a7_39.txt,varying,5,180,2,7,39,362,49.4009,
varying_F2_m5_C180_a7_40.txt,varying,5,180,2,7,40,360,46.452,
varying_F2_m5_C180_a7_41.txt,varying,5,180,2,7,41,220,43.7815,
varying_F2_m5_C180_a7_42.txt,varying,5,180,2,7,42,370,589.247,
varying_F2_m5_C180_a7_43.txt,varying,5,180,2,7,43,338,55.8982,
varying_F2_m5_C180_a7_44.txt,varying,5,180,2,7,44,392,68.2416,
varying_F2_m5_C180_a7_45.txt,varying,5,180,2,7,45,368,17.5378,
varying_F2_m5_C180_a7_46.txt,varying,5,180,2,7,46,382,43.5739,
varying_F2_m5_C180_a7_47.txt,varying,5,180,2,7,47,526,33.0358,
varying_F2_m5_C180_a7_48.txt,varying,5,180,2,7,48,470,22.9126,
varying_F2_m5_C180_a7_49.txt,varying,5,180,2,7,49,406,117.159,
varying_F2_m5_C180_a15_0.txt,varying,5,180,2,15,0,522,60.4133,
varying_F2_m5_C180_a15_1.txt,varying,5,180,2,15,1,454,54.6341,
varying_F2_m5_C180_a15_2.txt,varying,5,180,2,15,2,486,74.1513,
varying_F2_m5_C180_a15_3.txt,varying,5,180,2,15,3,400,78.307,
varying_F2_m5_C180_a15_4.txt,varying,5,180,2,15,4,488,44.8805,
varying_F2_m5_C180_a15_5.txt,varying,5,180,2,15,5,520,56.1125,
varying_F2_m5_C180_a15_6.txt,varying,5,180,2,15,6,454,111.549,
varying_F2_m5_C180_a15_7.txt,varying,5,180,2,15,7,524,101.384,
varying_F2_m5_C180_a15_8.txt,varying,5,180,2,15,8,460,87.5943,
varying_F2_m5_C180_a15_9.txt,varying,5,180,2,15,9,450,154.861,
varying_F2_m5_C180_a15_10.txt,varying,5,180,2,15,10,692,117.872,
varying_F2_m5_C180_a15_11.txt,varying,5,180,2,15,11,508,83.6754,
varying_F2_m5_C180_a15_12.txt,varying,5,180,2,15,12,468,108.912,
varying_F2_m5_C180_a15_13.txt,varying,5,180,2,15,13,554,70.1054,
varying_F2_m5_C180_a15_14.txt,varying,5,180,2,15,14,512,58.0512,
varying_F2_m5_C180_a15_15.txt,varying,5,180,2,15,15,486,80.8062,
varying_F2_m5_C180_a15_16.txt,varying,5,180,2,15,16,502,80.9877,
varying_F2_m5_C180_a15_17.txt,varying,5,180,2,15,17,532,69.5331,
varying_F2_m5_C180_a15_18.txt,varying,5,180,2,15,18,430,70.9433,
varying_F2_m5_C180_a15_19.txt,varying,5,180,2,15,19,548,59.3341,
varying_F2_m5_C180_a15_20.txt,varying,5,180,2,15,20,386,75.2442,
varying_F2_m5_C180_a15_21.txt,varying,5,180,2,15,21,526,56.1024,
varying_F2_m5_C180_a15_22.txt,varying,5,180,2,15,22,476,133.871,
varying_F2_m5_C180_a15_23.txt,varying,5,180,2,15,23,512,83.2926,
varying_F2_m5_C180_a15_24.txt,varying,5,180,2,15,24,370,111.169,
varying_F2_m5_C180_a15_25.txt,varying,5,180,2,15,25,428,54.6958,
varying_F2_m5_C180_a15_26.txt,varying,5,180,2,15,26,380,76.3101,
varying_F2_m5_C180_a15_27.txt,varying,5,180,2,15,27,482,119.545,
varying_F2_m5_C180_a15_28.txt,varying,5,180,2,15,28,514,77.1458,
varying_F2_m5_C180_a15_29.txt,varying,5,180,2,15,29,408,68.0698,
varying_F2_m5_C180_a15_30.txt,varying,5,180,2,15,30,446,60.8093,
varying_F2_m5_C180_a15_31.txt,varying,5,180,2,15,31,530,62.0656,
varying_F2_m5_C180_a15_32.txt,varying,5,180,2,15,32,500,141.936,
varying_F2_m5_C180_a15_33.txt,varying,5,180,2,15,33,474,109.889,
varying_F2_m5_C180_a15_34.txt,varying,5,180,2,15,34,494,171.168,
varying_F2_m5_C180_a15_35.txt,varying,5,180,2,15,35,592,53.6271,
varying_F2_m5_C180_a15_36.txt,varying,5,180,2,15,36,532,586.448,
varying_F2_m5_C180_a15_37.txt,varying,5,180,2,15,37,488,102.231,
varying_F2_m5_C180_a15_38.txt,varying,5,180,2,15,38,534,98.6971,
varying_F2_m5_C180_a15_39.txt,varying,5,180,2,15,39,414,85.0442,
varying_F2_m5_C180_a15_40.txt,varying,5,180,2,15,40,498,77.4049,
varying_F2_m5_C180_a15_41.txt,varying,5,180,2,15,41,502,176.726,
varying_F2_m5_C180_a15_42.txt,varying,5,180,2,15,42,430,110.905,
varying_F2_m5_C180_a15_43.txt,varying,5,180,2,15,43,432,174.058,
varying_F2_m5_C180_a15_44.txt,varying,5,180,2,15,44,484,369.187,
varying_F2_m5_C180_a15_45.txt,varying,5,180,2,15,45,484,27.6371,
varying_F2_m5_C180_a15_46.txt,varying,5,180,2,15,46,438,82.7469,
varying_F2_m5_C180_a15_47.txt,varying,5,180,2,15,47,630,59.5855,
varying_F2_m5_C180_a15_48.txt,varying,5,180,2,15,48,550,36.9969,
varying_F2_m5_C180_a15_49.txt,varying,5,180,2,15,49,462,189.597,
varying_F2_m5_C180_a30_0.txt,varying,5,180,2,30,0,590,451.982,
varying_F2_m5_C180_a30_1.txt,varying,5,180,2,30,1,726,103.261,
varying_F2_m5_C180_a30_2.txt,varying,5,180,2,30,2,564,241.21,
varying_F2_m5_C180_a30_3.txt,varying,5,180,2,30,3,650,155.197,
varying_F2_m5_C180_a30_4.txt,varying,5,180,2,30,4,588,99.6753,
varying_F2_m5_C180_a30_5.txt,varying,5,180,2,30,5,576,249.34,
varying_F2_m5_C180_a30_6.txt,varying,5,180,2,30,6,650,152.036,
varying_F2_m5_C180_a30_7.txt,varying,5,180,2,30,7,654,145.803,
varying_F2_m5_C180_a30_8.txt,varying,5,180,2,30,8,538,378.778,
varying_F2_m5_C180_a30_9.txt,varying,5,180,2,30,9,590,528.879,
varying_F2_m5_C180_a30_10.txt,varying,5,180,2,30,10,818,281.563,
varying_F2_m5_C180_a30_11.txt,varying,5,180,2,30,11,664,248.657,
varying_F2_m5_C180_a30_12.txt,varying,5,180,2,30,12,614,313.448,
varying_F2_m5_C180_a30_13.txt,varying,5,180,2,30,13,698,255.713,
varying_F2_m5_C180_a30_14.txt,varying,5,180,2,30,14,804,124.841,
varying_F2_m5_C180_a30_15.txt,varying,5,180,2,30,15,750,85.5673,
varying_F2_m5_C180_a30_16.txt,varying,5,180,2,30,16,626,118.971,
varying_F2_m5_C180_a30_17.txt,varying,5,180,2,30,17,694,335.166,
varying_F2_m5_C180_a30_18.txt,varying,5,180,2,30,18,616,123.299,
varying_F2_m5_C180_a30_19.txt,varying,5,180,2,30,19,664,134.785,
varying_F2_m5_C180_a30_20.txt,varying,5,180,2,30,20,662,259.018,
varying_F2_m5_C180_a30_21.txt,varying,5,180,2,30,21,720,128.954,
varying_F2_m5_C180_a30_22.txt,varying,5,180,2,30,22,662,166.742,
varying_F2_m5_C180_a30_23.txt,varying,5,180,2,30,23,532,621.184,
varying_F2_m5_C180_a30_24.txt,varying,5,180,2,30,24,602,313.294,
varying_F2_m5_C180_a30_25.txt,varying,5,180,2,30,25,772,101.618,
varying_F2_m5_C180_a30_26.txt,varying,5,180,2,30,26,568,258.434,
varying_F2_m5_C180_a30_27.txt,varying,5,180,2,30,27,666,239.367,
varying_F2_m5_C180_a30_28.txt,varying,5,180,2,30,28,696,144.435,
varying_F2_m5_C180_a30_29.txt,varying,5,180,2,30,29,694,303.409,
varying_F2_m5_C180_a30_30.txt,varying,5,180,2,30,30,664,218.521,
varying_F2_m5_C180_a30_31.txt,varying,5,180,2,30,31,614,138.506,
varying_F2_m5_C180_a30_32.txt,varying,5,180,2,30,32,590,260.87,
varying_F2_m5_C180_a30_33.txt,varying,5,180,2,30,33,696,193.629,
varying_F2_m5_C180_a30_34.txt,varying,5,180,2,30,34,666,603.88,
varying_F2_m5_C180_a30_35.txt,varying,5,180,2,30,35,742,214.521,
varying_F2_m5_C180_a30_36.txt,varying,5,180,2,30,36,648,454.358,
varying_F2_m5_C180_a30_37.txt,varying,5,180,2,30,37,582,255.905,
varying_F2_m5_C180_a30_38.txt,varying,5,180,2,30,38,674,213.95,
varying_F2_m5_C180_a30_39.txt,varying,5,180,2,30,39,536,507.369,
varying_F2_m5_C180_a30_40.txt,varying,5,180,2,30,40,638,239.072,
varying_F2_m5_C180_a30_41.txt,varying,5,180,2,30,41,642,348.805,
varying_F2_m5_C180_a30_42.txt,varying,5,180,2,30,42,582,703.035,
varying_F2_m5_C180_a30_43.txt,varying,5,180,2,30,43,624,151.869,
varying_F2_m5_C180_a30_44.txt,varying,5,180,2,30,44,656,615.795,
varying_F2_m5_C180_a30_45.txt,varying,5,180,2,30,45,566,114.181,
varying_F2_m5_C180_a30_46.txt,varying,5,180,2,30,46,686,238.008,
varying_F2_m5_C180_a30_47.txt,varying,5,180,2,30,47,732,99.2591,
varying_F2_m5_C180_a30_48.txt,varying,5,180,2,30,48,750,107.747,
varying_F2_m5_C180_a30_49.txt,varying,5,180,2,30,49,712,201.162,
varying_F2_m10_C30_a3_0.txt,varying,10,30,2,3,0,50,41.6632,
varying_F2_m10_C30_a3_1.txt,varying,10,30,2,3,1,50,54.6885,
varying_F2_m10_C30_a3_2.txt,varying,10,30,2,3,2,112,30.2344,
varying_F2_m10_C30_a3_3.txt,varying,10,30,2,3,3,68,88.6423,
varying_F2_m10_C30_a3_4.txt,varying,10,30,2,3,4,72,28.5798,
varying_F2_m10_C30_a3_5.txt,varying,10,30,2,3,5,84,21.0786,
varying_F2_m10_C30_a3_6.txt,varying,10,30,2,3,6,68,40.7322,
varying_F2_m10_C30_a3_7.txt,varying,10,30,2,3,7,88,28.998,
varying_F2_m10_C30_a3_8.txt,varying,10,30,2,3,8,110,21.4309,
varying_F2_m10_C30_a3_9.txt,varying,10,30,2,3,9,66,11.7065,
varying_F2_m10_C30_a3_10.txt,varying,10,30,2,3,10,90,26.3661,
varying_F2_m10_C30_a3_11.txt,varying,10,30,2,3,11,106,33.2329,
varying_F2_m10_C30_a3_12.txt,varying,10,30,2,3,12,82,31.3011,
varying_F2_m10_C30_a3_13.txt,varying,10,30,2,3,13,100,36.8789,
varying_F2_m10_C30_a3_14.txt,varying,10,30,2,3,14,94,5.7395,
varying_F2_m10_C30_a3_15.txt,varying,10,30,2,3,15,26,94.5164,
varying_F2_m10_C30_a3_16.txt,varying,10,30,2,3,16,82,52.1775,
varying_F2_m10_C30_a3_17.txt,varying,10,30,2,3,17,58,77.2271,
varying_F2_m10_C30_a3_18.txt,varying,10,30,2,3,18,94,21.223,
varying_F2_m10_C30_a3_19.txt,varying,10,30,2,3,19,88,15.7382,
varying_F2_m10_C30_a3_20.txt,varying,10,30,2,3,20,84,85.0013,
varying_F2_m10_C30_a3_21.txt,varying,10,30,2,3,21,96,4.5489,
varying_F2_m10_C30_a3_22.txt,varying,10,30,2,3,22,102,82.8273,
varying_F2_m10_C30_a3_23.txt,varying,10,30,2,3,23,82,2.9493,
varying_F2_m10_C30_a3_24.txt,varying,10,30,2,3,24,60,58.5062,
varying_F2_m10_C30_a3_25.txt,varying,10,30,2,3,25,66,11.7511,
varying_F2_m10_C30_a3_26.txt,varying,10,30,2,3,26,88,44.0382,
varying_F2_m10_C30_a3_27.txt,varying,10,30,2,3,27,126,19.834,
varying_F2_m10_C30_a3_28.txt,varying,10,30,2,3,28,98,853.951,
varying_F2_m10_C30_a3_29.txt,varying,10,30,2,3,29,42,36.6143,
varying_F2_m10_C30_a3_30.txt,varying,10,30,2,3,30,86,38.6598,
varying_F2_m10_C30_a3_31.txt,varying,10,30,2,3,31,116,35.2051,
varying_F2_m10_C30_a3_32.txt,varying,10,30,2,3,32,74,7.1179,
varying_F2_m10_C30_a3_33.txt,varying,10,30,2,3,33,58,35.4671,
varying_F2_m10_C30_a3_34.txt,varying,10,30,2,3,34,62,34.6997,
varying_F2_m10_C30_a3_35.txt,varying,10,30,2,3,35,68,24.3766,
varying_F2_m10_C30_a3_36.txt,varying,10,30,2,3,36,28,33.2838,
varying_F2_m10_C30_a3_37.txt,varying,10,30,2,3,37,64,83.7773,
varying_F2_m10_C30_a3_38.txt,varying,10,30,2,3,38,66,9.4063,
varying_F2_m10_C30_a3_39.txt,varying,10,30,2,3,39,84,31.1241,
varying_F2_m10_C30_a3_40.txt,varying,10,30,2,3,40,68,47.9206,
varying_F2_m10_C30_a3_41.txt,varying,10,30,2,3,41,88,36.6971,
varying_F2_m10_C30_a3_42.txt,varying,10,30,2,3,42,96,55.248,
varying_F2_m10_C30_a3_43.txt,varying,10,30,2,3,43,100,21.7042,
varying_F2_m10_C30_a3_44.txt,varying,10,30,2,3,44,64,27.4153,
varying_F2_m10_C30_a3_45.txt,varying,10,30,2,3,45,112,7.801,
varying_F2_m10_C30_a3_46.txt,varying,10,30,2,3,46,82,13.3659,
varying_F2_m10_C30_a3_47.txt,varying,10,30,2,3,47,70,45.4492,
varying_F2_m10_C30_a3_48.txt,varying,10,30,2,3,48,86,26.5926,
varying_F2_m10_C30_a3_49.txt,varying,10,30,2,3,49,92,38.7026,
varying_F2_m10_C30_a7_0.txt,varying,10,30,2,7,0,116,40.5423,
varying_F2_m10_C30_a7_1.txt,varying,10,30,2,7,1,76,118.865,
varying_F2_m10_C30_a7_2.txt,varying,10,30,2,7,2,142,42.0213,
varying_F2_m10_C30_a7_3.txt,varying,10,30,2,7,3,86,364.221,
varying_F2_m10_C30_a7_4.txt,varying,10,30,2,7,4,142,50.4315,
varying_F2_m10_C30_a7_5.txt,varying,10,30,2,7,5,116,57.7867,
varying_F2_m10_C30_a7_6.txt,varying,10,30,2,7,6,106,74.2327,
varying_F2_m10_C30_a7_7.txt,varying,10,30,2,7,7,100,76.4132,
varying_F2_m10_C30_a7_8.txt,varying,10,30,2,7,8,112,63.0501,
varying_F2_m10_C30_a7_9.txt,varying,10,30,2,7,9,138,37.4986,
varying_F2_m10_C30_a7_10.txt,varying,10,30,2,7,10,134,230.336,
varying_F2_m10_C30_a7_11.txt,varying,10,30,2,7,11,122,42.3026,
varying_F2_m10_C30_a7_12.txt,varying,10,30,2,7,12,120,39.829,
varying_F2_m10_C30_a7_13.txt,varying,10,30,2,7,13,132,35.1827,
varying_F2_m10_C30_a7_14.txt,varying,10,30,2,7,14,132,44.9511,
varying_F2_m10_C30_a7_15.txt,varying,10,30,2,7,15,96,109.632,
varying_F2_m10_C30_a7_16.txt,varying,10,30,2,7,16,110,54.1873,
varying_F2_m10_C30_a7_17.txt,varying,10,30,2,7,17,80,93.6366,
varying_F2_m10_C30_a7_18.txt,varying,10,30,2,7,18,110,33.1347,
varying_F2_m10_C30_a7_19.txt,varying,10,30,2,7,19,108,43.8965,
varying_F2_m10_C30_a7_20.txt,varying,10,30,2,7,20,98,103.34,
varying_F2_m10_C30_a7_21.txt,varying,10,30,2,7,21,154,26.1785,
varying_F2_m10_C30_a7_22.txt,varying,10,30,2,7,22,120,113.749,
varying_F2_m10_C30_a7_23.txt,varying,10,30,2,7,23,116,39.5536,
varying_F2_m10_C30_a7_24.txt,varying,10,30,2,7,24,108,97.8222,
varying_F2_m10_C30_a7_25.txt,varying,10,30,2,7,25,108,64.7761,
varying_F2_m10_C30_a7_26.txt,varying,10,30,2,7,26,148,265.461,
varying_F2_m10_C30_a7_27.txt,varying,10,30,2,7,27,128,42.3854,
varying_F2_m10_C30_a7_28.txt,varying,10,30,2,7,28,116,106.189,
varying_F2_m10_C30_a7_29.txt,varying,10,30,2,7,29,118,151.422,
varying_F2_m10_C30_a7_30.txt,varying,10,30,2,7,30,118,52.8759,
varying_F2_m10_C30_a7_31.txt,varying,10,30,2,7,31,140,40.3733,
varying_F2_m10_C30_a7_32.txt,varying,10,30,2,7,32,126,50.7686,
varying_F2_m10_C30_a7_33.txt,varying,10,30,2,7,33,130,79.1514,
varying_F2_m10_C30_a7_34.txt,varying,10,30,2,7,34,108,55.5848,
varying_F2_m10_C30_a7_35.txt,varying,10,30,2,7,35,128,43.1529,
varying_F2_m10_C30_a7_36.txt,varying,10,30,2,7,36,120,104.66,
varying_F2_m10_C30_a7_37.txt,varying,10,30,2,7,37,84,66.7664,
varying_F2_m10_C30_a7_38.txt,varying,10,30,2,7,38,88,67.5037,
varying_F2_m10_C30_a7_39.txt,varying,10,30,2,7,39,120,168.944,
varying_F2_m10_C30_a7_40.txt,varying,10,30,2,7,40,114,57.0006,
varying_F2_m10_C30_a7_41.txt,varying,10,30,2,7,41,118,142.299,
varying_F2_m10_C30_a7_42.txt,varying,10,30,2,7,42,106,115.427,
varying_F2_m10_C30_a7_43.txt,varying,10,30,2,7,43,128,31.6692,
varying_F2_m10_C30_a7_44.txt,varying,10,30,2,7,44,138,48.2389,
varying_F2_m10_C30_a7_45.txt,varying,10,30,2,7,45,124,49.3857,
varying_F2_m10_C30_a7_46.txt,varying,10,30,2,7,46,112,29.7966,
varying_F2_m10_C30_a7_47.txt,varying,10,30,2,7,47,116,57.7693,
varying_F2_m10_C30_a7_48.txt,varying,10,30,2,7,48,104,56.2392,
varying_F2_m10_C30_a7_49.txt,varying,10,30,2,7,49,142,68.6987,
varying_F2_m10_C30_a15_0.txt,varying,10,30,2,15,0,182,118.318,
varying_F2_m10_C30_a15_1.txt,varying,10,30,2,15,1,156,176.896,
varying_F2_m10_C30_a15_2.txt,varying,10,30,2,15,2,174,143.573,
varying_F2_m10_C30_a15_3.txt,varying,10,30,2,15,3,138,153.232,
varying_F2_m10_C30_a15_4.txt,varying,10,30,2,15,4,174,157.331,
varying_F2_m10_C30_a15_5.txt,varying,10,30,2,15,5,174,297.856,
varying_F2_m10_C30_a15_6.txt,varying,10,30,2,15,6,170,76.8548,
varying_F2_m10_C30_a15_7.txt,varying,10,30,2,15,7,158,49.4296,
varying_F2_m10_C30_a15_8.txt,varying,10,30,2,15,8,144,111.689,
varying_F2_m10_C30_a15_9.txt,varying,10,30,2,15,9,198,178.714,
varying_F2_m10_C30_a15_10.txt,varying,10,30,2,15,10,162,119.656,
varying_F2_m10_C30_a15_11.txt,varying,10,30,2,15,11,166,88.1026,
varying_F2_m10_C30_a15_12.txt,varying,10,30,2,15,12,182,253.839,
varying_F2_m10_C30_a15_13.txt,varying,10,30,2,15,13,168,132.428,
varying_F2_m10_C30_a15_14.txt,varying,10,30,2,15,14,170,54.5474,
varying_F2_m10_C30_a15_15.txt,varying,10,30,2,15,15,154,377.45,
varying_F2_m10_C30_a15_16.txt,varying,10,30,2,15,16,174,141.887,
varying_F2_m10_C30_a15_17.txt,varying,10,30,2,15,17,170,183.307,
varying_F2_m10_C30_a15_18.txt,varying,10,30,2,15,18,192,115.036,
varying_F2_m10_C30_a15_19.txt,varying,10,30,2,15,19,154,73.8362,
varying_F2_m10_C30_a15_20.txt,varying,10,30,2,15,20,130,615.161,
varying_F2_m10_C30_a15_21.txt,varying,10,30,2,15,21,208,61.0876,
varying_F2_m10_C30_a15_22.txt,varying,10,30,2,15,22,172,152.861,
varying_F2_m10_C30_a15_23.txt,varying,10,30,2,15,23,168,61.6627,
varying_F2_m10_C30_a15_24.txt,varying,10,30,2,15,24,168,89.0069,
varying_F2_m10_C30_a15_25.txt,varying,10,30,2,15,25,166,267.782,
varying_F2_m10_C30_a15_26.txt,varying,10,30,2,15,26,172,125.495,
varying_F2_m10_C30_a15_27.txt,varying,10,30,2,15,27,188,57.3843,
varying_F2_m10_C30_a15_28.txt,varying,10,30,2,15,28,166,248.172,
varying_F2_m10_C30_a15_29.txt,varying,10,30,2,15,29,146,107.467,
varying_F2_m10_C30_a15_30.txt,varying,10,30,2,15,30,160,177.917,
varying_F2_m10_C30_a15_31.txt,varying,10,30,2,15,31,184,298.114,
varying_F2_m10_C30_a15_32.txt,varying,10,30,2,15,32,176,132.69,
varying_F2_m10_C30_a15_33.txt,varying,10,30,2,15,33,178,386.292,
varying_F2_m10_C30_a15_34.txt,varying,10,30,2,15,34,174,334.299,
varying_F2_m10_C30_a15_35.txt,varying,10,30,2,15,35,162,150.006,
varying_F2_m10_C30_a15_36.txt,varying,10,30,2,15,36,156,250.322,
varying_F2_m10_C30_a15_37.txt,varying,10,30,2,15,37,146,87.8862,
varying_F2_m10_C30_a15_38.txt,varying,10,30,2,15,38,158,72.1958,
varying_F2_m10_C30_a15_39.txt,varying,10,30,2,15,39,186,114.527,
varying_F2_m10_C30_a15_40.txt,varying,10,30,2,15,40,196,149.899,
varying_F2_m10_C30_a15_41.txt,varying,10,30,2,15,41,148,158.132,
varying_F2_m10_C30_a15_42.txt,varying,10,30,2,15,42,140,182.365,
varying_F2_m10_C30_a15_43.txt,varying,10,30,2,15,43,150,341.664,
varying_F2_m10_C30_a15_44.txt,varying,10,30,2,15,44,178,58.1453,
varying_F2_m10_C30_a15_45.txt,varying,10,30,2,15,45,150,198.318,
varying_F2_m10_C30_a15_46.txt,varying,10,30,2,15,46,150,101.106,
varying_F2_m10_C30_a15_47.txt,varying,10,30,2,15,47,162,100.217,
varying_F2_m10_C30_a15_48.txt,varying,10,30,2,15,48,146,126.621,
varying_F2_m10_C30_a15_49.txt,varying,10,30,2,15,49,190,457.228,
varying_F2_m10_C30_a30_0.txt,varying,10,30,2,30,0,280,374.589,
varying_F2_m10_C30_a30_1.txt,varying,10,30,2,30,1,230,391.429,
varying_F2_m10_C30_a30_2.txt,varying,10,30,2,30,2,212,200.019,
varying_F2_m10_C30_a30_3.txt,varying,10,30,2,30,3,212,200.401,
varying_F2_m10_C30_a30_4.txt,varying,10,30,2,30,4,236,250.913,
varying_F2_m10_C30_a30_5.txt,varying,10,30,2,30,5,214,594.531,
varying_F2_m10_C30_a30_6.txt,varying,10,30,2,30,6,224,212.28,
varying_F2_m10_C30_a30_7.txt,varying,10,30,2,30,7,240,110.046,
varying_F2_m10_C30_a30_8.txt,varying,10,30,2,30,8,206,204.913,
varying_F2_m10_C30_a30_9.txt,varying,10,30,2,30,9,260,201.024,
varying_F2_m10_C30_a30_10.txt,varying,10,30,2,30,10,234,479.398,
varying_F2_m10_C30_a30_11.txt,varying,10,30,2,30,11,230,450.948,
varying_F2_m10_C30_a30_12.txt,varying,10,30,2,30,12,248,219.158,
varying_F2_m10_C30_a30_13.txt,varying,10,30,2,30,13,206,146.179,
varying_F2_m10_C30_a30_14.txt,varying,10,30,2,30,14,252,176.529,
varying_F2_m10_C30_a30_15.txt,varying,10,30,2,30,15,186,206.41,
varying_F2_m10_C30_a30_16.txt,varying,10,30,2,30,16,236,797.933,
varying_F2_m10_C30_a30_17.txt,varying,10,30,2,30,17,210,774.271,
varying_F2_m10_C30_a30_18.txt,varying,10,30,2,30,18,230,136.267,
varying_F2_m10_C30_a30_19.txt,varying,10,30,2,30,19,212,128.511,
varying_F2_m10_C30_a30_20.txt,varying,10,30,2,30,20,224,137.667,
varying_F2_m10_C30_a30_21.txt,varying,10,30,2,30,21,256,174.716,
varying_F2_m10_C30_a30_22.txt,varying,10,30,2,30,22,236,159.581,
varying_F2_m10_C30_a30_23.txt,varying,10,30,2,30,23,248,119.173,
varying_F2_m10_C30_a30_24.txt,varying,10,30,2,30,24,256,161.569,
varying_F2_m10_C30_a30_25.txt,varying,10,30,2,30,25,218,370.126,
varying_F2_m10_C30_a30_26.txt,varying,10,30,2,30,26,208,537.599,
varying_F2_m10_C30_a30_27.txt,varying,10,30,2,30,27,250,119.227,
varying_F2_m10_C30_a30_28.txt,varying,10,30,2,30,28,238,318.614,
varying_F2_m10_C30_a30_29.txt,varying,10,30,2,30,29,208,222.921,
varying_F2_m10_C30_a30_30.txt,varying,10,30,2,30,30,272,266.981,
varying_F2_m10_C30_a30_31.txt,varying,10,30,2,30,31,226,673.496,
varying_F2_m10_C30_a30_32.txt,varying,10,30,2,30,32,230,206.74,
varying_F2_m10_C30_a30_33.txt,varying,10,30,2,30,33,232,280.889,
varying_F2_m10_C30_a30_34.txt,varying,10,30,2,30,34,232,276.218,
varying_F2_m10_C30_a30_35.txt,varying,10,30,2,30,35,224,211.02,
varying_F2_m10_C30_a30_36.txt,varying,10,30,2,30,36,232,216.501,
varying_F2_m10_C30_a30_37.txt,varying,10,30,2,30,37,250,385.085,
varying_F2_m10_C30_a30_38.txt,varying,10,30,2,30,38,210,115.721,
varying_F2_m10_C30_a30_39.txt,varying,10,30,2,30,39,242,128.185,
varying_F2_m10_C30_a30_40.txt,varying,10,30,2,30,40,262,244.84,
varying_F2_m10_C30_a30_41.txt,varying,10,30,2,30,41,242,134.219,
varying_F2_m10_C30_a30_42.txt,varying,10,30,2,30,42,230,472.791,
varying_F2_m10_C30_a30_43.txt,varying,10,30,2,30,43,242,331.2,
varying_F2_m10_C30_a30_44.txt,varying,10,30,2,30,44,238,181.224,
varying_F2_m10_C30_a30_45.txt,varying,10,30,2,30,45,246,185.263,
varying_F2_m10_C30_a30_46.txt,varying,10,30,2,30,46,190,106.463,
varying_F2_m10_C30_a30_47.txt,varying,10,30,2,30,47,234,140.397,
varying_F2_m10_C30_a30_48.txt,varying,10,30,2,30,48,212,183.864,
varying_F2_m10_C30_a30_49.txt,varying,10,30,2,30,49,242,494.749,
varying_F5_m10_C30_a3_0.txt,varying,10,30,5,3,0,44,114.508,
varying_F5_m10_C30_a3_1.txt,varying,10,30,5,3,1,44,970.389,
varying_F5_m10_C30_a3_2.txt,varying,10,30,5,3,2,50,1.352.12,
varying_F5_m10_C30_a3_3.txt,varying,10,30,5,3,3,38,409.27,
varying_F5_m10_C30_a3_4.txt,varying,10,30,5,3,4,82,123.459,
varying_F5_m10_C30_a3_5.txt,varying,10,30,5,3,5,64,620.983,
varying_F5_m10_C30_a3_6.txt,varying,10,30,5,3,6,44,143.406,
varying_F5_m10_C30_a3_7.txt,varying,10,30,5,3,7,56,96.562,
varying_F5_m10_C30_a3_8.txt,varying,10,30,5,3,8,44,614.056,
varying_F5_m10_C30_a3_9.txt,varying,10,30,5,3,9,46,217.124,
varying_F5_m10_C30_a3_10.txt,varying,10,30,5,3,10,86,182.789,
varying_F5_m10_C30_a3_11.txt,varying,10,30,5,3,11,66,85.6843,
varying_F5_m10_C30_a3_12.txt,varying,10,30,5,3,12,48,776.065,
varying_F5_m10_C30_a3_13.txt,varying,10,30,5,3,13,90,89.0569,
varying_F5_m10_C30_a3_14.txt,varying,10,30,5,3,14,50,2.086.79,
varying_F5_m10_C30_a3_15.txt,varying,10,30,5,3,15,58,428.343,
varying_F5_m10_C30_a3_16.txt,varying,10,30,5,3,16,42,1.158.67,
varying_F5_m10_C30_a3_17.txt,varying,10,30,5,3,17,48,351.548,
varying_F5_m10_C30_a3_18.txt,varying,10,30,5,3,18,66,39.1489,
varying_F5_m10_C30_a3_19.txt,varying,10,30,5,3,19,94,73.8596,
varying_F5_m10_C30_a3_20.txt,varying,10,30,5,3,20,64,107.217,
varying_F5_m10_C30_a3_21.txt,varying,10,30,5,3,21,58,264.665,
varying_F5_m10_C30_a3_22.txt,varying,10,30,5,3,22,118,61.4841,
varying_F5_m10_C30_a3_23.txt,varying,10,30,5,3,23,44,753.168,
varying_F5_m10_C30_a3_24.txt,varying,10,30,5,3,24,98,67.3867,
varying_F5_m10_C30_a3_25.txt,varying,10,30,5,3,25,44,452.392,
varying_F5_m10_C30_a3_26.txt,varying,10,30,5,3,26,38,85.1727,
varying_F5_m10_C30_a3_27.txt,varying,10,30,5,3,27,38,148.433,
varying_F5_m10_C30_a3_28.txt,varying,10,30,5,3,28,76,108.87,
varying_F5_m10_C30_a3_29.txt,varying,10,30,5,3,29,62,939.4,
varying_F5_m10_C30_a3_30.txt,varying,10,30,5,3,30,50,740.622,
varying_F5_m10_C30_a3_31.txt,varying,10,30,5,3,31,62,647.919,
varying_F5_m10_C30_a3_32.txt,varying,10,30,5,3,32,38,2.089.09,
varying_F5_m10_C30_a3_33.txt,varying,10,30,5,3,33,76,69.2261,
varying_F5_m10_C30_a3_34.txt,varying,10,30,5,3,34,50,1.215.41,
varying_F5_m10_C30_a3_35.txt,varying,10,30,5,3,35,38,431.485,
varying_F5_m10_C30_a3_36.txt,varying,10,30,5,3,36,88,66.7987,
varying_F5_m10_C30_a3_37.txt,varying,10,30,5,3,37,30,184.012,
varying_F5_m10_C30_a3_38.txt,varying,10,30,5,3,38,46,1.338.48,
varying_F5_m10_C30_a3_39.txt,varying,10,30,5,3,39,82,34.1755,
varying_F5_m10_C30_a3_40.txt,varying,10,30,5,3,40,76,681.238,
varying_F5_m10_C30_a3_41.txt,varying,10,30,5,3,41,68,1.896.15,
varying_F5_m10_C30_a3_42.txt,varying,10,30,5,3,42,64,82.4783,
varying_F5_m10_C30_a3_43.txt,varying,10,30,5,3,43,90,72.3262,
varying_F5_m10_C30_a3_44.txt,varying,10,30,5,3,44,54,1.130.65,
varying_F5_m10_C30_a3_45.txt,varying,10,30,5,3,45,48,91.4499,
varying_F5_m10_C30_a3_46.txt,varying,10,30,5,3,46,34,566.72,
varying_F5_m10_C30_a3_47.txt,varying,10,30,5,3,47,64,66.3525,
varying_F5_m10_C30_a3_48.txt,varying,10,30,5,3,48,66,117.488,
varying_F5_m10_C30_a3_49.txt,varying,10,30,5,3,49,50,2.431.61,
varying_F5_m10_C30_a7_0.txt,varying,10,30,5,7,0,98,138.288,
varying_F5_m10_C30_a7_1.txt,varying,10,30,5,7,1,54,2.434.66,
varying_F5_m10_C30_a7_2.txt,varying,10,30,5,7,2,88,1.066.38,
varying_F5_m10_C30_a7_3.txt,varying,10,30,5,7,3,100,984.735,
varying_F5_m10_C30_a7_4.txt,varying,10,30,5,7,4,84,366.209,
varying_F5_m10_C30_a7_5.txt,varying,10,30,5,7,5,94,146.095,
varying_F5_m10_C30_a7_6.txt,varying,10,30,5,7,6,66,546.556,
varying_F5_m10_C30_a7_7.txt,varying,10,30,5,7,7,88,436.381,
varying_F5_m10_C30_a7_8.txt,varying,10,30,5,7,8,66,2.342.84,
varying_F5_m10_C30_a7_9.txt,varying,10,30,5,7,9,118,1.087.08,
varying_F5_m10_C30_a7_10.txt,varying,10,30,5,7,10,130,104.743,
varying_F5_m10_C30_a7_11.txt,varying,10,30,5,7,11,72,244.175,
varying_F5_m10_C30_a7_12.txt,varying,10,30,5,7,12,56,489.626,
varying_F5_m10_C30_a7_13.txt,varying,10,30,5,7,13,126,91.9308,
varying_F5_m10_C30_a7_14.txt,varying,10,30,5,7,14,62,5.657.18,
varying_F5_m10_C30_a7_15.txt,varying,10,30,5,7,15,76,2.637.85,
varying_F5_m10_C30_a7_16.txt,varying,10,30,5,7,16,86,591.509,
varying_F5_m10_C30_a7_17.txt,varying,10,30,5,7,17,84,137.882,
varying_F5_m10_C30_a7_18.txt,varying,10,30,5,7,18,68,130.477,
varying_F5_m10_C30_a7_19.txt,varying,10,30,5,7,19,132,141.101,
varying_F5_m10_C30_a7_20.txt,varying,10,30,5,7,20,92,351.828,
varying_F5_m10_C30_a7_21.txt,varying,10,30,5,7,21,86,335.281,
varying_F5_m10_C30_a7_22.txt,varying,10,30,5,7,22,132,145.595,
varying_F5_m10_C30_a7_23.txt,varying,10,30,5,7,23,68,158.106,
varying_F5_m10_C30_a7_24.txt,varying,10,30,5,7,24,106,101.785,
varying_F5_m10_C30_a7_25.txt,varying,10,30,5,7,25,58,3.402.60,
varying_F5_m10_C30_a7_26.txt,varying,10,30,5,7,26,104,718.525,
varying_F5_m10_C30_a7_27.txt,varying,10,30,5,7,27,52,303.161,
varying_F5_m10_C30_a7_28.txt,varying,10,30,5,7,28,92,205.548,
varying_F5_m10_C30_a7_29.txt,varying,10,30,5,7,29,78,3.723.06,
varying_F5_m10_C30_a7_30.txt,varying,10,30,5,7,30,70,4.601.98,
varying_F5_m10_C30_a7_31.txt,varying,10,30,5,7,31,94,789.578,
varying_F5_m10_C30_a7_32.txt,varying,10,30,5,7,32,76,2.589.57,
varying_F5_m10_C30_a7_33.txt,varying,10,30,5,7,33,102,136.461,
varying_F5_m10_C30_a7_34.txt,varying,10,30,5,7,34,70,2.363.88,
varying_F5_m10_C30_a7_35.txt,varying,10,30,5,7,35,76,4.295.44,
varying_F5_m10_C30_a7_36.txt,varying,10,30,5,7,36,88,147.98,
varying_F5_m10_C30_a7_37.txt,varying,10,30,5,7,37,90,1.963.87,
varying_F5_m10_C30_a7_38.txt,varying,10,30,5,7,38,54,3.504.40,
varying_F5_m10_C30_a7_39.txt,varying,10,30,5,7,39,120,122.676,
varying_F5_m10_C30_a7_40.txt,varying,10,30,5,7,40,82,344.913,
varying_F5_m10_C30_a7_41.txt,varying,10,30,5,7,41,106,161.163,
varying_F5_m10_C30_a7_42.txt,varying,10,30,5,7,42,96,288.924,
varying_F5_m10_C30_a7_43.txt,varying,10,30,5,7,43,92,518.34,
varying_F5_m10_C30_a7_44.txt,varying,10,30,5,7,44,86,3.794.25,
varying_F5_m10_C30_a7_45.txt,varying,10,30,5,7,45,104,183.036,
varying_F5_m10_C30_a7_46.txt,varying,10,30,5,7,46,96,312.853,
varying_F5_m10_C30_a7_47.txt,varying,10,30,5,7,47,88,77.5609,
varying_F5_m10_C30_a7_48.txt,varying,10,30,5,7,48,104,277.019,
varying_F5_m10_C30_a7_49.txt,varying,10,30,5,7,49,98,1.676.50,
varying_F5_m10_C30_a15_0.txt,varying,10,30,5,15,0,114,1.997.42,
varying_F5_m10_C30_a15_1.txt,varying,10,30,5,15,1,114,1.338.81,
varying_F5_m10_C30_a15_2.txt,varying,10,30,5,15,2,130,579.826,
varying_F5_m10_C30_a15_3.txt,varying,10,30,5,15,3,142,889.297,
varying_F5_m10_C30_a15_4.txt,varying,10,30,5,15,4,160,359.295,
varying_F5_m10_C30_a15_5.txt,varying,10,30,5,15,5,118,474.932,
varying_F5_m10_C30_a15_6.txt,varying,10,30,5,15,6,116,3.003.01,
varying_F5_m10_C30_a15_7.txt,varying,10,30,5,15,7,126,1.192.50,
varying_F5_m10_C30_a15_8.txt,varying,10,30,5,15,8,110,2.118.27,
varying_F5_m10_C30_a15_9.txt,varying,10,30,5,15,9,160,588.618,
varying_F5_m10_C30_a15_10.txt,varying,10,30,5,15,10,160,677.086,
varying_F5_m10_C30_a15_11.txt,varying,10,30,5,15,11,106,784.948,
varying_F5_m10_C30_a15_12.txt,varying,10,30,5,15,12,100,1.872,
varying_F5_m10_C30_a15_13.txt,varying,10,30,5,15,13,188,144.195,
varying_F5_m10_C30_a15_14.txt,varying,10,30,5,15,14,102,2.104.89,
varying_F5_m10_C30_a15_15.txt,varying,10,30,5,15,15,108,2.658.70,
varying_F5_m10_C30_a15_16.txt,varying,10,30,5,15,16,154,3.158.30,
varying_F5_m10_C30_a15_17.txt,varying,10,30,5,15,17,118,1.469.30,
varying_F5_m10_C30_a15_18.txt,varying,10,30,5,15,18,104,358.266,
varying_F5_m10_C30_a15_19.txt,varying,10,30,5,15,19,148,2.201.19,
varying_F5_m10_C30_a15_20.txt,varying,10,30,5,15,20,114,1.289.22,
varying_F5_m10_C30_a15_21.txt,varying,10,30,5,15,21,126,504.279,
varying_F5_m10_C30_a15_22.txt,varying,10,30,5,15,22,150,421.437,
varying_F5_m10_C30_a15_23.txt,varying,10,30,5,15,23,124,762.223,
varying_F5_m10_C30_a15_24.txt,varying,10,30,5,15,24,124,1.159.49,
varying_F5_m10_C30_a15_25.txt,varying,10,30,5,15,25,110,613.065,
varying_F5_m10_C30_a15_26.txt,varying,10,30,5,15,26,118,1.592.40,
varying_F5_m10_C30_a15_27.txt,varying,10,30,5,15,27,112,2.171.19,
varying_F5_m10_C30_a15_28.txt,varying,10,30,5,15,28,110,480.901,
varying_F5_m10_C30_a15_29.txt,varying,10,30,5,15,29,140,483.596,
varying_F5_m10_C30_a15_30.txt,varying,10,30,5,15,30,110,3.743.60,
varying_F5_m10_C30_a15_31.txt,varying,10,30,5,15,31,110,2.215.67,
varying_F5_m10_C30_a15_32.txt,varying,10,30,5,15,32,118,3.606.41,
varying_F5_m10_C30_a15_33.txt,varying,10,30,5,15,33,112,380.402,
varying_F5_m10_C30_a15_34.txt,varying,10,30,5,15,34,94,676.624,
varying_F5_m10_C30_a15_35.txt,varying,10,30,5,15,35,108,1.829.92,
varying_F5_m10_C30_a15_36.txt,varying,10,30,5,15,36,134,521.357,
varying_F5_m10_C30_a15_37.txt,varying,10,30,5,15,37,124,329.49,
varying_F5_m10_C30_a15_38.txt,varying,10,30,5,15,38,88,3.530.57,
varying_F5_m10_C30_a15_39.txt,varying,10,30,5,15,39,124,504.866,
varying_F5_m10_C30_a15_40.txt,varying,10,30,5,15,40,140,1.325.43,
varying_F5_m10_C30_a15_41.txt,varying,10,30,5,15,41,130,1.936.15,
varying_F5_m10_C30_a15_42.txt,varying,10,30,5,15,42,118,1.056.15,
varying_F5_m10_C30_a15_43.txt,varying,10,30,5,15,43,132,1.688.66,
varying_F5_m10_C30_a15_44.txt,varying,10,30,5,15,44,146,3.342.40,
varying_F5_m10_C30_a15_45.txt,varying,10,30,5,15,45,110,447.396,
varying_F5_m10_C30_a15_46.txt,varying,10,30,5,15,46,116,2.082.18,
varying_F5_m10_C30_a15_47.txt,varying,10,30,5,15,47,116,1.389.69,
varying_F5_m10_C30_a15_48.txt,varying,10,30,5,15,48,106,990.849,
varying_F5_m10_C30_a15_49.txt,varying,10,30,5,15,49,146,3.637.23,
varying_F5_m10_C30_a30_0.txt,varying,10,30,5,30,0,208,1.970.61,
varying_F5_m10_C30_a30_1.txt,varying,10,30,5,30,1,194,3.230.66,
varying_F5_m10_C30_a30_2.txt,varying,10,30,5,30,2,184,2.188.37,
varying_F5_m10_C30_a30_3.txt,varying,10,30,5,30,3,228,2.305.58,
varying_F5_m10_C30_a30_4.txt,varying,10,30,5,30,4,218,1.192.70,
varying_F5_m10_C30_a30_5.txt,varying,10,30,5,30,5,182,1.786.94,
varying_F5_m10_C30_a30_6.txt,varying,10,30,5,30,6,174,3.737.13,
varying_F5_m10_C30_a30_7.txt,varying,10,30,5,30,7,198,1.561.95,
varying_F5_m10_C30_a30_8.txt,varying,10,30,5,30,8,180,1.834.04,
varying_F5_m10_C30_a30_9.txt,varying,10,30,5,30,9,224,2.620.02,
varying_F5_m10_C30_a30_10.txt,varying,10,30,5,30,10,214,1.681.91,
varying_F5_m10_C30_a30_11.txt,varying,10,30,5,30,11,172,1.837.50,
varying_F5_m10_C30_a30_12.txt,varying,10,30,5,30,12,212,2.861.86,
varying_F5_m10_C30_a30_13.txt,varying,10,30,5,30,13,216,2.456.14,
varying_F5_m10_C30_a30_14.txt,varying,10,30,5,30,14,198,1.454.65,
varying_F5_m10_C30_a30_15.txt,varying,10,30,5,30,15,190,1.398.52,
varying_F5_m10_C30_a30_16.txt,varying,10,30,5,30,16,236,1.612.44,
varying_F5_m10_C30_a30_17.txt,varying,10,30,5,30,17,166,1.311.03,
varying_F5_m10_C30_a30_18.txt,varying,10,30,5,30,18,210,1.366.04,
varying_F5_m10_C30_a30_19.txt,varying,10,30,5,30,19,220,3.308.86,
varying_F5_m10_C30_a30_20.txt,varying,10,30,5,30,20,198,1.911.34,
varying_F5_m10_C30_a30_21.txt,varying,10,30,5,30,21,216,2.292.87,
varying_F5_m10_C30_a30_22.txt,varying,10,30,5,30,22,216,1.627.42,
varying_F5_m10_C30_a30_23.txt,varying,10,30,5,30,23,204,1.158.34,
varying_F5_m10_C30_a30_24.txt,varying,10,30,5,30,24,174,2.354.59,
varying_F5_m10_C30_a30_25.txt,varying,10,30,5,30,25,214,2.344.44,
varying_F5_m10_C30_a30_26.txt,varying,10,30,5,30,26,226,1.201.17,
varying_F5_m10_C30_a30_27.txt,varying,10,30,5,30,27,190,5.233.04,
varying_F5_m10_C30_a30_28.txt,varying,10,30,5,30,28,184,1.315.79,
varying_F5_m10_C30_a30_29.txt,varying,10,30,5,30,29,222,1.092.08,
varying_F5_m10_C30_a30_30.txt,varying,10,30,5,30,30,184,2.910.32,
varying_F5_m10_C30_a30_31.txt,varying,10,30,5,30,31,186,3.088.40,
varying_F5_m10_C30_a30_32.txt,varying,10,30,5,30,32,174,3.301.78,
varying_F5_m10_C30_a30_33.txt,varying,10,30,5,30,33,206,2.554.72,
varying_F5_m10_C30_a30_34.txt,varying,10,30,5,30,34,196,1.669.53,
varying_F5_m10_C30_a30_35.txt,varying,10,30,5,30,35,190,1.756.78,
varying_F5_m10_C30_a30_36.txt,varying,10,30,5,30,36,216,1.706.76,
varying_F5_m10_C30_a30_37.txt,varying,10,30,5,30,37,212,1.272.98,
varying_F5_m10_C30_a30_38.txt,varying,10,30,5,30,38,212,1.756.99,
varying_F5_m10_C30_a30_39.txt,varying,10,30,5,30,39,214,1.544.34,
varying_F5_m10_C30_a30_40.txt,varying,10,30,5,30,40,198,1.423.28,
varying_F5_m10_C30_a30_41.txt,varying,10,30,5,30,41,190,1.499.39,
varying_F5_m10_C30_a30_42.txt,varying,10,30,5,30,42,204,1.524.93,
varying_F5_m10_C30_a30_43.txt,varying,10,30,5,30,43,172,1.793.24,
varying_F5_m10_C30_a30_44.txt,varying,10,30,5,30,44,228,2.585.72,
varying_F5_m10_C30_a30_45.txt,varying,10,30,5,30,45,192,5.565.68,
varying_F5_m10_C30_a30_46.txt,varying,10,30,5,30,46,200,2.312.74,
varying_F5_m10_C30_a30_47.txt,varying,10,30,5,30,47,214,2.889.33,
varying_F5_m10_C30_a30_48.txt,varying,10,30,5,30,48,202,3.199.26,
varying_F5_m10_C30_a30_49.txt,varying,10,30,5,30,49,212,5.266.50,
varying_F2_m10_C60_a3_0.txt,varying,10,60,2,3,0,108,32.0172,
varying_F2_m10_C60_a3_1.txt,varying,10,60,2,3,1,134,3.0801,
varying_F2_m10_C60_a3_2.txt,varying,10,60,2,3,2,122,24.4515,
varying_F2_m10_C60_a3_3.txt,varying,10,60,2,3,3,96,3.8432,
varying_F2_m10_C60_a3_4.txt,varying,10,60,2,3,4,118,38.5798,
varying_F2_m10_C60_a3_5.txt,varying,10,60,2,3,5,138,4.8329,
varying_F2_m10_C60_a3_6.txt,varying,10,60,2,3,6,154,44.9508,
varying_F2_m10_C60_a3_7.txt,varying,10,60,2,3,7,140,6.6126,
varying_F2_m10_C60_a3_8.txt,varying,10,60,2,3,8,106,69.2864,
varying_F2_m10_C60_a3_9.txt,varying,10,60,2,3,9,120,2.3576,
varying_F2_m10_C60_a3_10.txt,varying,10,60,2,3,10,174,12.35,
varying_F2_m10_C60_a3_11.txt,varying,10,60,2,3,11,90,28.6834,
varying_F2_m10_C60_a3_12.txt,varying,10,60,2,3,12,116,26.7328,
varying_F2_m10_C60_a3_13.txt,varying,10,60,2,3,13,160,22.4209,
varying_F2_m10_C60_a3_14.txt,varying,10,60,2,3,14,168,6.6823,
varying_F2_m10_C60_a3_15.txt,varying,10,60,2,3,15,126,52.4494,
varying_F2_m10_C60_a3_16.txt,varying,10,60,2,3,16,172,18.4131,
varying_F2_m10_C60_a3_17.txt,varying,10,60,2,3,17,200,36.0492,
varying_F2_m10_C60_a3_18.txt,varying,10,60,2,3,18,98,420.712,
varying_F2_m10_C60_a3_19.txt,varying,10,60,2,3,19,142,62.0323,
varying_F2_m10_C60_a3_20.txt,varying,10,60,2,3,20,92,94.6015,
varying_F2_m10_C60_a3_21.txt,varying,10,60,2,3,21,124,26.153,
varying_F2_m10_C60_a3_22.txt,varying,10,60,2,3,22,166,5.0671,
varying_F2_m10_C60_a3_23.txt,varying,10,60,2,3,23,182,4.7546,
varying_F2_m10_C60_a3_24.txt,varying,10,60,2,3,24,182,38.2235,
varying_F2_m10_C60_a3_25.txt,varying,10,60,2,3,25,132,787.302,
varying_F2_m10_C60_a3_26.txt,varying,10,60,2,3,26,162,29.8446,
varying_F2_m10_C60_a3_27.txt,varying,10,60,2,3,27,110,44.1736,
varying_F2_m10_C60_a3_28.txt,varying,10,60,2,3,28,160,14.655,
varying_F2_m10_C60_a3_29.txt,varying,10,60,2,3,29,74,1.8394,
varying_F2_m10_C60_a3_30.txt,varying,10,60,2,3,30,166,5.1566,
varying_F2_m10_C60_a3_31.txt,varying,10,60,2,3,31,126,50.9621,
varying_F2_m10_C60_a3_32.txt,varying,10,60,2,3,32,154,76.996,
varying_F2_m10_C60_a3_33.txt,varying,10,60,2,3,33,86,27.3824,
varying_F2_m10_C60_a3_34.txt,varying,10,60,2,3,34,98,33.4098,
varying_F2_m10_C60_a3_35.txt,varying,10,60,2,3,35,162,9.1421,
varying_F2_m10_C60_a3_36.txt,varying,10,60,2,3,36,148,11.4543,
varying_F2_m10_C60_a3_37.txt,varying,10,60,2,3,37,172,17.2617,
varying_F2_m10_C60_a3_38.txt,varying,10,60,2,3,38,174,21.7804,
varying_F2_m10_C60_a3_39.txt,varying,10,60,2,3,39,112,67.143,
varying_F2_m10_C60_a3_40.txt,varying,10,60,2,3,40,100,90.5292,
varying_F2_m10_C60_a3_41.txt,varying,10,60,2,3,41,184,11.6899,
varying_F2_m10_C60_a3_42.txt,varying,10,60,2,3,42,96,103.534,
varying_F2_m10_C60_a3_43.txt,varying,10,60,2,3,43,134,60.4242,
varying_F2_m10_C60_a3_44.txt,varying,10,60,2,3,44,140,28.0455,
varying_F2_m10_C60_a3_45.txt,varying,10,60,2,3,45,154,36.2276,
varying_F2_m10_C60_a3_46.txt,varying,10,60,2,3,46,142,42.882,
varying_F2_m10_C60_a3_47.txt,varying,10,60,2,3,47,170,22.6624,
varying_F2_m10_C60_a3_48.txt,varying,10,60,2,3,48,130,33.9025,
varying_F2_m10_C60_a3_49.txt,varying,10,60,2,3,49,88,54.0599,
varying_F2_m10_C60_a7_0.txt,varying,10,60,2,7,0,174,56.5525,
varying_F2_m10_C60_a7_1.txt,varying,10,60,2,7,1,198,30.9703,
varying_F2_m10_C60_a7_2.txt,varying,10,60,2,7,2,202,33.0148,
varying_F2_m10_C60_a7_3.txt,varying,10,60,2,7,3,226,26.9529,
varying_F2_m10_C60_a7_4.txt,varying,10,60,2,7,4,182,64.2233,
varying_F2_m10_C60_a7_5.txt,varying,10,60,2,7,5,202,115.097,
varying_F2_m10_C60_a7_6.txt,varying,10,60,2,7,6,188,62.2678,
varying_F2_m10_C60_a7_7.txt,varying,10,60,2,7,7,174,42.7221,
varying_F2_m10_C60_a7_8.txt,varying,10,60,2,7,8,194,102.395,
varying_F2_m10_C60_a7_9.txt,varying,10,60,2,7,9,188,32.8465,
varying_F2_m10_C60_a7_10.txt,varying,10,60,2,7,10,198,32.6608,
varying_F2_m10_C60_a7_11.txt,varying,10,60,2,7,11,130,94.7174,
varying_F2_m10_C60_a7_12.txt,varying,10,60,2,7,12,172,146.977,
varying_F2_m10_C60_a7_13.txt,varying,10,60,2,7,13,204,36.3558,
varying_F2_m10_C60_a7_14.txt,varying,10,60,2,7,14,242,41.7805,
varying_F2_m10_C60_a7_15.txt,varying,10,60,2,7,15,162,44.0349,
varying_F2_m10_C60_a7_16.txt,varying,10,60,2,7,16,190,115.469,
varying_F2_m10_C60_a7_17.txt,varying,10,60,2,7,17,240,143.718,
varying_F2_m10_C60_a7_18.txt,varying,10,60,2,7,18,168,126.511,
varying_F2_m10_C60_a7_19.txt,varying,10,60,2,7,19,186,164.086,
varying_F2_m10_C60_a7_20.txt,varying,10,60,2,7,20,186,53.725,
varying_F2_m10_C60_a7_21.txt,varying,10,60,2,7,21,174,46.1184,
varying_F2_m10_C60_a7_22.txt,varying,10,60,2,7,22,172,30.8342,
varying_F2_m10_C60_a7_23.txt,varying,10,60,2,7,23,220,64.6453,
varying_F2_m10_C60_a7_24.txt,varying,10,60,2,7,24,250,118.755,
varying_F2_m10_C60_a7_25.txt,varying,10,60,2,7,25,170,392.513,
varying_F2_m10_C60_a7_26.txt,varying,10,60,2,7,26,208,33.7742,
varying_F2_m10_C60_a7_27.txt,varying,10,60,2,7,27,202,71.1977,
varying_F2_m10_C60_a7_28.txt,varying,10,60,2,7,28,180,36.1369,
varying_F2_m10_C60_a7_29.txt,varying,10,60,2,7,29,86,43.6126,
varying_F2_m10_C60_a7_30.txt,varying,10,60,2,7,30,216,34.643,
varying_F2_m10_C60_a7_31.txt,varying,10,60,2,7,31,166,118.566,
varying_F2_m10_C60_a7_32.txt,varying,10,60,2,7,32,222,73.7128,
varying_F2_m10_C60_a7_33.txt,varying,10,60,2,7,33,160,142.746,
varying_F2_m10_C60_a7_34.txt,varying,10,60,2,7,34,170,67.3681,
varying_F2_m10_C60_a7_35.txt,varying,10,60,2,7,35,190,69.9187,
varying_F2_m10_C60_a7_36.txt,varying,10,60,2,7,36,192,45.9075,
varying_F2_m10_C60_a7_37.txt,varying,10,60,2,7,37,208,82.0071,
varying_F2_m10_C60_a7_38.txt,varying,10,60,2,7,38,192,20.2578,
varying_F2_m10_C60_a7_39.txt,varying,10,60,2,7,39,196,37.1068,
varying_F2_m10_C60_a7_40.txt,varying,10,60,2,7,40,174,535.652,
varying_F2_m10_C60_a7_41.txt,varying,10,60,2,7,41,210,38.2055,
varying_F2_m10_C60_a7_42.txt,varying,10,60,2,7,42,134,58.9369,
varying_F2_m10_C60_a7_43.txt,varying,10,60,2,7,43,188,83.2751,
varying_F2_m10_C60_a7_44.txt,varying,10,60,2,7,44,230,36.9526,
varying_F2_m10_C60_a7_45.txt,varying,10,60,2,7,45,204,189.125,
varying_F2_m10_C60_a7_46.txt,varying,10,60,2,7,46,168,56.9651,
varying_F2_m10_C60_a7_47.txt,varying,10,60,2,7,47,206,41.302,
varying_F2_m10_C60_a7_48.txt,varying,10,60,2,7,48,214,132.54,
varying_F2_m10_C60_a7_49.txt,varying,10,60,2,7,49,124,71.6962,
varying_F2_m10_C60_a15_0.txt,varying,10,60,2,15,0,250,225.696,
varying_F2_m10_C60_a15_1.txt,varying,10,60,2,15,1,252,421.617,
varying_F2_m10_C60_a15_2.txt,varying,10,60,2,15,2,268,109.536,
varying_F2_m10_C60_a15_3.txt,varying,10,60,2,15,3,334,54.7621,
varying_F2_m10_C60_a15_4.txt,varying,10,60,2,15,4,312,77.6074,
varying_F2_m10_C60_a15_5.txt,varying,10,60,2,15,5,286,389.283,
varying_F2_m10_C60_a15_6.txt,varying,10,60,2,15,6,250,110.601,
varying_F2_m10_C60_a15_7.txt,varying,10,60,2,15,7,286,58.1501,
varying_F2_m10_C60_a15_8.txt,varying,10,60,2,15,8,320,478.451,
varying_F2_m10_C60_a15_9.txt,varying,10,60,2,15,9,266,70.4938,
varying_F2_m10_C60_a15_10.txt,varying,10,60,2,15,10,262,62.5691,
varying_F2_m10_C60_a15_11.txt,varying,10,60,2,15,11,224,103.085,
varying_F2_m10_C60_a15_12.txt,varying,10,60,2,15,12,212,215.162,
varying_F2_m10_C60_a15_13.txt,varying,10,60,2,15,13,268,147.178,
varying_F2_m10_C60_a15_14.txt,varying,10,60,2,15,14,288,86.3806,
varying_F2_m10_C60_a15_15.txt,varying,10,60,2,15,15,226,120.868,
varying_F2_m10_C60_a15_16.txt,varying,10,60,2,15,16,284,311.013,
varying_F2_m10_C60_a15_17.txt,varying,10,60,2,15,17,300,222.066,
varying_F2_m10_C60_a15_18.txt,varying,10,60,2,15,18,250,151.673,
varying_F2_m10_C60_a15_19.txt,varying,10,60,2,15,19,266,95.5288,
varying_F2_m10_C60_a15_20.txt,varying,10,60,2,15,20,228,233.407,
varying_F2_m10_C60_a15_21.txt,varying,10,60,2,15,21,300,268.135,
varying_F2_m10_C60_a15_22.txt,varying,10,60,2,15,22,258,64.8527,
varying_F2_m10_C60_a15_23.txt,varying,10,60,2,15,23,290,72.8043,
varying_F2_m10_C60_a15_24.txt,varying,10,60,2,15,24,294,134.876,
varying_F2_m10_C60_a15_25.txt,varying,10,60,2,15,25,232,140.15,
varying_F2_m10_C60_a15_26.txt,varying,10,60,2,15,26,318,177.176,
varying_F2_m10_C60_a15_27.txt,varying,10,60,2,15,27,280,166.227,
varying_F2_m10_C60_a15_28.txt,varying,10,60,2,15,28,226,176.824,
varying_F2_m10_C60_a15_29.txt,varying,10,60,2,15,29,194,420.356,
varying_F2_m10_C60_a15_30.txt,varying,10,60,2,15,30,332,62.5564,
varying_F2_m10_C60_a15_31.txt,varying,10,60,2,15,31,262,84.3824,
varying_F2_m10_C60_a15_32.txt,varying,10,60,2,15,32,284,128.219,
varying_F2_m10_C60_a15_33.txt,varying,10,60,2,15,33,252,103.609,
varying_F2_m10_C60_a15_34.txt,varying,10,60,2,15,34,264,201.67,
varying_F2_m10_C60_a15_35.txt,varying,10,60,2,15,35,250,63.4435,
varying_F2_m10_C60_a15_36.txt,varying,10,60,2,15,36,264,61.0618,
varying_F2_m10_C60_a15_37.txt,varying,10,60,2,15,37,260,119.115,
varying_F2_m10_C60_a15_38.txt,varying,10,60,2,15,38,218,107.919,
varying_F2_m10_C60_a15_39.txt,varying,10,60,2,15,39,224,105.473,
varying_F2_m10_C60_a15_40.txt,varying,10,60,2,15,40,238,342.946,
varying_F2_m10_C60_a15_41.txt,varying,10,60,2,15,41,284,81.9702,
varying_F2_m10_C60_a15_42.txt,varying,10,60,2,15,42,220,130.004,
varying_F2_m10_C60_a15_43.txt,varying,10,60,2,15,43,276,131.047,
varying_F2_m10_C60_a15_44.txt,varying,10,60,2,15,44,310,80.7466,
varying_F2_m10_C60_a15_45.txt,varying,10,60,2,15,45,230,281.162,
varying_F2_m10_C60_a15_46.txt,varying,10,60,2,15,46,230,95.9256,
varying_F2_m10_C60_a15_47.txt,varying,10,60,2,15,47,322,53.5164,
varying_F2_m10_C60_a15_48.txt,varying,10,60,2,15,48,286,150.065,
varying_F2_m10_C60_a15_49.txt,varying,10,60,2,15,49,236,439.483,
varying_F2_m10_C60_a30_0.txt,varying,10,60,2,30,0,410,184.804,
varying_F2_m10_C60_a30_1.txt,varying,10,60,2,30,1,314,1.380.14,
varying_F2_m10_C60_a30_2.txt,varying,10,60,2,30,2,354,386.451,
varying_F2_m10_C60_a30_3.txt,varying,10,60,2,30,3,498,103.963,
varying_F2_m10_C60_a30_4.txt,varying,10,60,2,30,4,420,142.167,
varying_F2_m10_C60_a30_5.txt,varying,10,60,2,30,5,374,219.331,
varying_F2_m10_C60_a30_6.txt,varying,10,60,2,30,6,412,81.6349,
varying_F2_m10_C60_a30_7.txt,varying,10,60,2,30,7,342,102.679,
varying_F2_m10_C60_a30_8.txt,varying,10,60,2,30,8,394,323.329,
varying_F2_m10_C60_a30_9.txt,varying,10,60,2,30,9,376,106.688,
varying_F2_m10_C60_a30_10.txt,varying,10,60,2,30,10,388,132.516,
varying_F2_m10_C60_a30_11.txt,varying,10,60,2,30,11,352,739.321,
varying_F2_m10_C60_a30_12.txt,varying,10,60,2,30,12,330,906.676,
varying_F2_m10_C60_a30_13.txt,varying,10,60,2,30,13,366,394.651,
varying_F2_m10_C60_a30_14.txt,varying,10,60,2,30,14,392,700.051,
varying_F2_m10_C60_a30_15.txt,varying,10,60,2,30,15,370,338.07,
varying_F2_m10_C60_a30_16.txt,varying,10,60,2,30,16,362,698.208,
varying_F2_m10_C60_a30_17.txt,varying,10,60,2,30,17,350,249.278,
varying_F2_m10_C60_a30_18.txt,varying,10,60,2,30,18,350,227.129,
varying_F2_m10_C60_a30_19.txt,varying,10,60,2,30,19,398,163.243,
varying_F2_m10_C60_a30_20.txt,varying,10,60,2,30,20,292,324.536,
varying_F2_m10_C60_a30_21.txt,varying,10,60,2,30,21,398,1.353.52,
varying_F2_m10_C60_a30_22.txt,varying,10,60,2,30,22,344,193.376,
varying_F2_m10_C60_a30_23.txt,varying,10,60,2,30,23,464,117.507,
varying_F2_m10_C60_a30_24.txt,varying,10,60,2,30,24,420,225.494,
varying_F2_m10_C60_a30_25.txt,varying,10,60,2,30,25,350,459.699,
varying_F2_m10_C60_a30_26.txt,varying,10,60,2,30,26,382,279.272,
varying_F2_m10_C60_a30_27.txt,varying,10,60,2,30,27,406,595.115,
varying_F2_m10_C60_a30_28.txt,varying,10,60,2,30,28,334,729.658,
varying_F2_m10_C60_a30_29.txt,varying,10,60,2,30,29,354,156.193,
varying_F2_m10_C60_a30_30.txt,varying,10,60,2,30,30,438,776.076,
varying_F2_m10_C60_a30_31.txt,varying,10,60,2,30,31,368,293.62,
varying_F2_m10_C60_a30_32.txt,varying,10,60,2,30,32,368,210.351,
varying_F2_m10_C60_a30_33.txt,varying,10,60,2,30,33,348,129.478,
varying_F2_m10_C60_a30_34.txt,varying,10,60,2,30,34,342,296.733,
varying_F2_m10_C60_a30_35.txt,varying,10,60,2,30,35,366,325.607,
varying_F2_m10_C60_a30_36.txt,varying,10,60,2,30,36,380,229.802,
varying_F2_m10_C60_a30_37.txt,varying,10,60,2,30,37,364,228.666,
varying_F2_m10_C60_a30_38.txt,varying,10,60,2,30,38,360,183.757,
varying_F2_m10_C60_a30_39.txt,varying,10,60,2,30,39,358,211.325,
varying_F2_m10_C60_a30_40.txt,varying,10,60,2,30,40,300,1.075.32,
varying_F2_m10_C60_a30_41.txt,varying,10,60,2,30,41,372,137.252,
varying_F2_m10_C60_a30_42.txt,varying,10,60,2,30,42,326,195.215,
varying_F2_m10_C60_a30_43.txt,varying,10,60,2,30,43,396,1.178.09,
varying_F2_m10_C60_a30_44.txt,varying,10,60,2,30,44,406,749.982,
varying_F2_m10_C60_a30_45.txt,varying,10,60,2,30,45,354,419.649,
varying_F2_m10_C60_a30_46.txt,varying,10,60,2,30,46,324,502.966,
varying_F2_m10_C60_a30_47.txt,varying,10,60,2,30,47,392,183.468,
varying_F2_m10_C60_a30_48.txt,varying,10,60,2,30,48,408,710.932,
varying_F2_m10_C60_a30_49.txt,varying,10,60,2,30,49,396,389.604,
varying_F5_m10_C60_a3_0.txt,varying,10,60,5,3,0,72,1.779.80,
varying_F5_m10_C60_a3_1.txt,varying,10,60,5,3,1,108,423.487,
varying_F5_m10_C60_a3_2.txt,varying,10,60,5,3,2,110,103.109,
varying_F5_m10_C60_a3_3.txt,varying,10,60,5,3,3,68,110.119,
varying_F5_m10_C60_a3_4.txt,varying,10,60,5,3,4,192,240.5,
varying_F5_m10_C60_a3_5.txt,varying,10,60,5,3,5,122,74.2243,
varying_F5_m10_C60_a3_6.txt,varying,10,60,5,3,6,140,75.2699,
varying_F5_m10_C60_a3_7.txt,varying,10,60,5,3,7,72,2.383.23,
varying_F5_m10_C60_a3_8.txt,varying,10,60,5,3,8,142,79.9395,
varying_F5_m10_C60_a3_9.txt,varying,10,60,5,3,9,80,614.271,
varying_F5_m10_C60_a3_10.txt,varying,10,60,5,3,10,146,117.957,
varying_F5_m10_C60_a3_11.txt,varying,10,60,5,3,11,112,219.826,
varying_F5_m10_C60_a3_12.txt,varying,10,60,5,3,12,66,3.790.85,
varying_F5_m10_C60_a3_13.txt,varying,10,60,5,3,13,122,649.594,
varying_F5_m10_C60_a3_14.txt,varying,10,60,5,3,14,86,900.601,
varying_F5_m10_C60_a3_15.txt,varying,10,60,5,3,15,86,1.681.78,
varying_F5_m10_C60_a3_16.txt,varying,10,60,5,3,16,86,92.1072,
varying_F5_m10_C60_a3_17.txt,varying,10,60,5,3,17,148,134.135,
varying_F5_m10_C60_a3_18.txt,varying,10,60,5,3,18,68,218.304,
varying_F5_m10_C60_a3_19.txt,varying,10,60,5,3,19,120,183.959,
varying_F5_m10_C60_a3_20.txt,varying,10,60,5,3,20,74,299.902,
varying_F5_m10_C60_a3_21.txt,varying,10,60,5,3,21,80,2.653.86,
varying_F5_m10_C60_a3_22.txt,varying,10,60,5,3,22,82,2.192.28,
varying_F5_m10_C60_a3_23.txt,varying,10,60,5,3,23,74,2.251.55,
varying_F5_m10_C60_a3_24.txt,varying,10,60,5,3,24,110,96.4814,
varying_F5_m10_C60_a3_25.txt,varying,10,60,5,3,25,104,64.3746,
varying_F5_m10_C60_a3_26.txt,varying,10,60,5,3,26,68,143.806,
varying_F5_m10_C60_a3_27.txt,varying,10,60,5,3,27,120,1.357.57,
varying_F5_m10_C60_a3_28.txt,varying,10,60,5,3,28,92,483.003,
varying_F5_m10_C60_a3_29.txt,varying,10,60,5,3,29,80,312.657,
varying_F5_m10_C60_a3_30.txt,varying,10,60,5,3,30,82,2.049.01,
varying_F5_m10_C60_a3_31.txt,varying,10,60,5,3,31,160,71.6806,
varying_F5_m10_C60_a3_32.txt,varying,10,60,5,3,32,74,1.012.24,
varying_F5_m10_C60_a3_33.txt,varying,10,60,5,3,33,60,58.4704,
varying_F5_m10_C60_a3_34.txt,varying,10,60,5,3,34,74,1.910.26,
varying_F5_m10_C60_a3_35.txt,varying,10,60,5,3,35,138,270.556,
varying_F5_m10_C60_a3_36.txt,varying,10,60,5,3,36,76,1.253.03,
varying_F5_m10_C60_a3_37.txt,varying,10,60,5,3,37,62,1.946.48,
varying_F5_m10_C60_a3_38.txt,varying,10,60,5,3,38,180,47.2335,
varying_F5_m10_C60_a3_39.txt,varying,10,60,5,3,39,94,129.93,
varying_F5_m10_C60_a3_40.txt,varying,10,60,5,3,40,68,1.889.79,
varying_F5_m10_C60_a3_41.txt,varying,10,60,5,3,41,160,51.0767,
varying_F5_m10_C60_a3_42.txt,varying,10,60,5,3,42,92,523.806,
varying_F5_m10_C60_a3_43.txt,varying,10,60,5,3,43,56,1.863.67,
varying_F5_m10_C60_a3_44.txt,varying,10,60,5,3,44,68,954.663,
varying_F5_m10_C60_a3_45.txt,varying,10,60,5,3,45,90,54.6412,
varying_F5_m10_C60_a3_46.txt,varying,10,60,5,3,46,74,1.528.58,
varying_F5_m10_C60_a3_47.txt,varying,10,60,5,3,47,114,182.762,
varying_F5_m10_C60_a3_48.txt,varying,10,60,5,3,48,124,51.1023,
varying_F5_m10_C60_a3_49.txt,varying,10,60,5,3,49,100,2.230.95,
varying_F5_m10_C60_a7_0.txt,varying,10,60,5,7,0,82,3.824.23,
varying_F5_m10_C60_a7_1.txt,varying,10,60,5,7,1,110,2.285.61,
varying_F5_m10_C60_a7_2.txt,varying,10,60,5,7,2,208,161.864,
varying_F5_m10_C60_a7_3.txt,varying,10,60,5,7,3,166,117.691,
varying_F5_m10_C60_a7_4.txt,varying,10,60,5,7,4,192,339.275,
varying_F5_m10_C60_a7_5.txt,varying,10,60,5,7,5,156,944.83,
varying_F5_m10_C60_a7_6.txt,varying,10,60,5,7,6,172,434.359,
varying_F5_m10_C60_a7_7.txt,varying,10,60,5,7,7,86,4.209.54,
varying_F5_m10_C60_a7_8.txt,varying,10,60,5,7,8,142,278.647,
varying_F5_m10_C60_a7_9.txt,varying,10,60,5,7,9,112,561.03,
varying_F5_m10_C60_a7_10.txt,varying,10,60,5,7,10,148,1.150.70,
varying_F5_m10_C60_a7_11.txt,varying,10,60,5,7,11,128,262.918,
varying_F5_m10_C60_a7_12.txt,varying,10,60,5,7,12,128,591.372,
varying_F5_m10_C60_a7_13.txt,varying,10,60,5,7,13,122,4.603.73,
varying_F5_m10_C60_a7_14.txt,varying,10,60,5,7,14,88,3.828.47,
varying_F5_m10_C60_a7_15.txt,varying,10,60,5,7,15,172,270.307,
varying_F5_m10_C60_a7_16.txt,varying,10,60,5,7,16,88,728.132,
varying_F5_m10_C60_a7_17.txt,varying,10,60,5,7,17,148,636.123,
varying_F5_m10_C60_a7_18.txt,varying,10,60,5,7,18,184,138.095,
varying_F5_m10_C60_a7_19.txt,varying,10,60,5,7,19,120,273.906,
varying_F5_m10_C60_a7_20.txt,varying,10,60,5,7,20,156,149.821,
varying_F5_m10_C60_a7_21.txt,varying,10,60,5,7,21,106,14.972,
varying_F5_m10_C60_a7_22.txt,varying,10,60,5,7,22,104,1.283.92,
varying_F5_m10_C60_a7_23.txt,varying,10,60,5,7,23,124,593.258,
varying_F5_m10_C60_a7_24.txt,varying,10,60,5,7,24,122,822.711,
varying_F5_m10_C60_a7_25.txt,varying,10,60,5,7,25,168,141.91,
varying_F5_m10_C60_a7_26.txt,varying,10,60,5,7,26,170,121.994,
varying_F5_m10_C60_a7_27.txt,varying,10,60,5,7,27,172,772.88,
varying_F5_m10_C60_a7_28.txt,varying,10,60,5,7,28,104,1.910.51,
varying_F5_m10_C60_a7_29.txt,varying,10,60,5,7,29,108,148.976,
varying_F5_m10_C60_a7_30.txt,varying,10,60,5,7,30,84,2.766.06,
varying_F5_m10_C60_a7_31.txt,varying,10,60,5,7,31,166,167.877,
varying_F5_m10_C60_a7_32.txt,varying,10,60,5,7,32,106,431.559,
varying_F5_m10_C60_a7_33.txt,varying,10,60,5,7,33,94,2.539.26,
varying_F5_m10_C60_a7_34.txt,varying,10,60,5,7,34,98,3.990.43,
varying_F5_m10_C60_a7_35.txt,varying,10,60,5,7,35,170,588.547,
varying_F5_m10_C60_a7_36.txt,varying,10,60,5,7,36,138,379.389,
varying_F5_m10_C60_a7_37.txt,varying,10,60,5,7,37,168,440.788,
varying_F5_m10_C60_a7_38.txt,varying,10,60,5,7,38,246,491.425,
varying_F5_m10_C60_a7_39.txt,varying,10,60,5,7,39,182,365.34,
varying_F5_m10_C60_a7_40.txt,varying,10,60,5,7,40,108,550.823,
varying_F5_m10_C60_a7_41.txt,varying,10,60,5,7,41,176,131.697,
varying_F5_m10_C60_a7_42.txt,varying,10,60,5,7,42,106,3.066.90,
varying_F5_m10_C60_a7_43.txt,varying,10,60,5,7,43,140,6.950.54,
varying_F5_m10_C60_a7_44.txt,varying,10,60,5,7,44,74,1.866.28,
varying_F5_m10_C60_a7_45.txt,varying,10,60,5,7,45,186,412.995,
varying_F5_m10_C60_a7_46.txt,varying,10,60,5,7,46,118,143.913,
varying_F5_m10_C60_a7_47.txt,varying,10,60,5,7,47,154,158.194,
varying_F5_m10_C60_a7_48.txt,varying,10,60,5,7,48,160,170.025,
varying_F5_m10_C60_a7_49.txt,varying,10,60,5,7,49,120,250.799,
varying_F5_m10_C60_a15_0.txt,varying,10,60,5,15,0,194,1.770.62,
varying_F5_m10_C60_a15_1.txt,varying,10,60,5,15,1,218,1.100.11,
varying_F5_m10_C60_a15_2.txt,varying,10,60,5,15,2,212,1.100.19,
varying_F5_m10_C60_a15_3.txt,varying,10,60,5,15,3,238,503.583,
varying_F5_m10_C60_a15_4.txt,varying,10,60,5,15,4,194,1.983.49,
varying_F5_m10_C60_a15_5.txt,varying,10,60,5,15,5,224,1.931.60,
varying_F5_m10_C60_a15_6.txt,varying,10,60,5,15,6,180,2.115.39,
varying_F5_m10_C60_a15_7.txt,varying,10,60,5,15,7,114,7.991.11,
varying_F5_m10_C60_a15_8.txt,varying,10,60,5,15,8,188,1.299.77,
varying_F5_m10_C60_a15_9.txt,varying,10,60,5,15,9,224,1.059.14,
varying_F5_m10_C60_a15_10.txt,varying,10,60,5,15,10,176,412.256,
varying_F5_m10_C60_a15_11.txt,varying,10,60,5,15,11,176,1.949.17,
varying_F5_m10_C60_a15_12.txt,varying,10,60,5,15,12,220,1.610.90,
varying_F5_m10_C60_a15_13.txt,varying,10,60,5,15,13,170,1.394.98,
varying_F5_m10_C60_a15_14.txt,varying,10,60,5,15,14,246,1.593.88,
varying_F5_m10_C60_a15_15.txt,varying,10,60,5,15,15,226,1.878.52,
varying_F5_m10_C60_a15_16.txt,varying,10,60,5,15,16,158,1.750.51,
varying_F5_m10_C60_a15_17.txt,varying,10,60,5,15,17,160,1.828.71,
varying_F5_m10_C60_a15_18.txt,varying,10,60,5,15,18,224,1.266.05,
varying_F5_m10_C60_a15_19.txt,varying,10,60,5,15,19,148,3.057.81,
varying_F5_m10_C60_a15_20.txt,varying,10,60,5,15,20,202,1.055.15,
varying_F5_m10_C60_a15_21.txt,varying,10,60,5,15,21,236,1.421.04,
varying_F5_m10_C60_a15_22.txt,varying,10,60,5,15,22,148,1.956.66,
varying_F5_m10_C60_a15_23.txt,varying,10,60,5,15,23,162,2.449.72,
varying_F5_m10_C60_a15_24.txt,varying,10,60,5,15,24,196,581.908,
varying_F5_m10_C60_a15_25.txt,varying,10,60,5,15,25,234,703.42,
varying_F5_m10_C60_a15_26.txt,varying,10,60,5,15,26,234,856.284,
varying_F5_m10_C60_a15_27.txt,varying,10,60,5,15,27,226,1.919.41,
varying_F5_m10_C60_a15_28.txt,varying,10,60,5,15,28,112,2.022.98,
varying_F5_m10_C60_a15_29.txt,varying,10,60,5,15,29,154,1.127.60,
varying_F5_m10_C60_a15_30.txt,varying,10,60,5,15,30,120,1.831.28,
varying_F5_m10_C60_a15_31.txt,varying,10,60,5,15,31,214,574.452,
varying_F5_m10_C60_a15_32.txt,varying,10,60,5,15,32,198,1.935.04,
varying_F5_m10_C60_a15_33.txt,varying,10,60,5,15,33,184,2.346.50,
varying_F5_m10_C60_a15_34.txt,varying,10,60,5,15,34,228,568.203,
varying_F5_m10_C60_a15_35.txt,varying,10,60,5,15,35,170,2.058.98,
varying_F5_m10_C60_a15_36.txt,varying,10,60,5,15,36,168,3.427.18,
varying_F5_m10_C60_a15_37.txt,varying,10,60,5,15,37,280,1.740.75,
varying_F5_m10_C60_a15_38.txt,varying,10,60,5,15,38,278,1.386.84,
varying_F5_m10_C60_a15_39.txt,varying,10,60,5,15,39,216,1.268.59,
varying_F5_m10_C60_a15_40.txt,varying,10,60,5,15,40,150,1.891.24,
varying_F5_m10_C60_a15_41.txt,varying,10,60,5,15,41,206,1.419.86,
varying_F5_m10_C60_a15_42.txt,varying,10,60,5,15,42,170,5.477.57,
varying_F5_m10_C60_a15_43.txt,varying,10,60,5,15,43,192,967.97,
varying_F5_m10_C60_a15_44.txt,varying,10,60,5,15,44,130,9.747.93,
varying_F5_m10_C60_a15_45.txt,varying,10,60,5,15,45,218,1.520.28,
varying_F5_m10_C60_a15_46.txt,varying,10,60,5,15,46,188,665.393,
varying_F5_m10_C60_a15_47.txt,varying,10,60,5,15,47,178,1.015.58,
varying_F5_m10_C60_a15_48.txt,varying,10,60,5,15,48,264,627.923,
varying_F5_m10_C60_a15_49.txt,varying,10,60,5,15,49,190,1.937.91,
varying_F5_m10_C60_a30_0.txt,varying,10,60,5,30,0,268,2.665.60,
varying_F5_m10_C60_a30_1.txt,varying,10,60,5,30,1,334,2.556.92,
varying_F5_m10_C60_a30_2.txt,varying,10,60,5,30,2,288,2.217.04,
varying_F5_m10_C60_a30_3.txt,varying,10,60,5,30,3,322,2.370.36,
varying_F5_m10_C60_a30_4.txt,varying,10,60,5,30,4,246,3.333.51,
varying_F5_m10_C60_a30_5.txt,varying,10,60,5,30,5,252,6.332.32,
varying_F5_m10_C60_a30_6.txt,varying,10,60,5,30,6,240,3.321.31,
varying_F5_m10_C60_a30_7.txt,varying,10,60,5,30,7,208,7.574.54,
varying_F5_m10_C60_a30_8.txt,varying,10,60,5,30,8,276,3.434.21,
varying_F5_m10_C60_a30_9.txt,varying,10,60,5,30,9,296,2.621.91,
varying_F5_m10_C60_a30_10.txt,varying,10,60,5,30,10,278,2.454.15,
varying_F5_m10_C60_a30_11.txt,varying,10,60,5,30,11,268,3.592.07,
varying_F5_m10_C60_a30_12.txt,varying,10,60,5,30,12,268,2.952.95,
varying_F5_m10_C60_a30_13.txt,varying,10,60,5,30,13,336,3.130.04,
varying_F5_m10_C60_a30_14.txt,varying,10,60,5,30,14,278,3.691.56,
varying_F5_m10_C60_a30_15.txt,varying,10,60,5,30,15,258,4.346.19,
varying_F5_m10_C60_a30_16.txt,varying,10,60,5,30,16,238,11.063.70,
varying_F5_m10_C60_a30_17.txt,varying,10,60,5,30,17,222,4.776.81,
varying_F5_m10_C60_a30_18.txt,varying,10,60,5,30,18,360,2.305.12,
varying_F5_m10_C60_a30_19.txt,varying,10,60,5,30,19,248,4.933.92,
varying_F5_m10_C60_a30_20.txt,varying,10,60,5,30,20,248,2.379.02,
varying_F5_m10_C60_a30_21.txt,varying,10,60,5,30,21,300,3.198.42,
varying_F5_m10_C60_a30_22.txt,varying,10,60,5,30,22,204,3.228.43,
varying_F5_m10_C60_a30_23.txt,varying,10,60,5,30,23,208,4.433.54,
varying_F5_m10_C60_a30_24.txt,varying,10,60,5,30,24,252,3.618.81,
varying_F5_m10_C60_a30_25.txt,varying,10,60,5,30,25,314,4.828.58,
varying_F5_m10_C60_a30_26.txt,varying,10,60,5,30,26,284,3.792.18,
varying_F5_m10_C60_a30_27.txt,varying,10,60,5,30,27,326,4.220.26,
varying_F5_m10_C60_a30_28.txt,varying,10,60,5,30,28,268,2.235.44,
varying_F5_m10_C60_a30_29.txt,varying,10,60,5,30,29,236,1.856.95,
varying_F5_m10_C60_a30_30.txt,varying,10,60,5,30,30,210,10.936.60,
varying_F5_m10_C60_a30_31.txt,varying,10,60,5,30,31,284,1.835.66,
varying_F5_m10_C60_a30_32.txt,varying,10,60,5,30,32,298,5.530.48,
varying_F5_m10_C60_a30_33.txt,varying,10,60,5,30,33,264,2.265.94,
varying_F5_m10_C60_a30_34.txt,varying,10,60,5,30,34,280,3.443.93,
varying_F5_m10_C60_a30_35.txt,varying,10,60,5,30,35,192,3.837.27,
varying_F5_m10_C60_a30_36.txt,varying,10,60,5,30,36,230,8.426.81,
varying_F5_m10_C60_a30_37.txt,varying,10,60,5,30,37,332,2.019.95,
varying_F5_m10_C60_a30_38.txt,varying,10,60,5,30,38,326,1.984.72,
varying_F5_m10_C60_a30_39.txt,varying,10,60,5,30,39,292,3.556.40,
varying_F5_m10_C60_a30_40.txt,varying,10,60,5,30,40,280,4.906.13,
varying_F5_m10_C60_a30_41.txt,varying,10,60,5,30,41,266,3.535.29,
varying_F5_m10_C60_a30_42.txt,varying,10,60,5,30,42,278,3.711.76,
varying_F5_m10_C60_a30_43.txt,varying,10,60,5,30,43,296,5.097.16,
varying_F5_m10_C60_a30_44.txt,varying,10,60,5,30,44,254,5.003.66,
varying_F5_m10_C60_a30_45.txt,varying,10,60,5,30,45,326,5.583.39,
varying_F5_m10_C60_a30_46.txt,varying,10,60,5,30,46,286,5.501.04,
varying_F5_m10_C60_a30_47.txt,varying,10,60,5,30,47,320,5.614.51,
varying_F5_m10_C60_a30_48.txt,varying,10,60,5,30,48,370,3.594.61,
varying_F5_m10_C60_a30_49.txt,varying,10,60,5,30,49,262,2.956.91,
varying_F2_m10_C180_a3_0.txt,varying,10,180,2,3,0,360,52.8537,
varying_F2_m10_C180_a3_1.txt,varying,10,180,2,3,1,430,26.3634,
varying_F2_m10_C180_a3_2.txt,varying,10,180,2,3,2,408,32.5778,
varying_F2_m10_C180_a3_3.txt,varying,10,180,2,3,3,304,39.8161,
varying_F2_m10_C180_a3_4.txt,varying,10,180,2,3,4,362,12.7284,
varying_F2_m10_C180_a3_5.txt,varying,10,180,2,3,5,306,37.9623,
varying_F2_m10_C180_a3_6.txt,varying,10,180,2,3,6,400,471.964,
varying_F2_m10_C180_a3_7.txt,varying,10,180,2,3,7,466,21.0689,
varying_F2_m10_C180_a3_8.txt,varying,10,180,2,3,8,366,600.187,
varying_F2_m10_C180_a3_9.txt,varying,10,180,2,3,9,236,59.1326,
varying_F2_m10_C180_a3_10.txt,varying,10,180,2,3,10,376,163.169,
varying_F2_m10_C180_a3_11.txt,varying,10,180,2,3,11,234,11.4669,
varying_F2_m10_C180_a3_12.txt,varying,10,180,2,3,12,248,38.8648,
varying_F2_m10_C180_a3_13.txt,varying,10,180,2,3,13,300,27.3733,
varying_F2_m10_C180_a3_14.txt,varying,10,180,2,3,14,422,26.4695,
varying_F2_m10_C180_a3_15.txt,varying,10,180,2,3,15,336,3.6191,
varying_F2_m10_C180_a3_16.txt,varying,10,180,2,3,16,376,30.2551,
varying_F2_m10_C180_a3_17.txt,varying,10,180,2,3,17,394,78.324,
varying_F2_m10_C180_a3_18.txt,varying,10,180,2,3,18,338,231.472,
varying_F2_m10_C180_a3_19.txt,varying,10,180,2,3,19,242,33.901,
varying_F2_m10_C180_a3_20.txt,varying,10,180,2,3,20,248,2.0656,
varying_F2_m10_C180_a3_21.txt,varying,10,180,2,3,21,370,35.973,
varying_F2_m10_C180_a3_22.txt,varying,10,180,2,3,22,344,57.4976,
varying_F2_m10_C180_a3_23.txt,varying,10,180,2,3,23,216,645.838,
varying_F2_m10_C180_a3_24.txt,varying,10,180,2,3,24,450,55.9116,
varying_F2_m10_C180_a3_25.txt,varying,10,180,2,3,25,160,31.893,
varying_F2_m10_C180_a3_26.txt,varying,10,180,2,3,26,306,3.3529,
varying_F2_m10_C180_a3_27.txt,varying,10,180,2,3,27,418,3.4175,
varying_F2_m10_C180_a3_28.txt,varying,10,180,2,3,28,314,25.3079,
varying_F2_m10_C180_a3_29.txt,varying,10,180,2,3,29,444,27.2885,
varying_F2_m10_C180_a3_30.txt,varying,10,180,2,3,30,344,137.612,
varying_F2_m10_C180_a3_31.txt,varying,10,180,2,3,31,388,26.5509,
varying_F2_m10_C180_a3_32.txt,varying,10,180,2,3,32,398,11.8001,
varying_F2_m10_C180_a3_33.txt,varying,10,180,2,3,33,348,22.7907,
varying_F2_m10_C180_a3_34.txt,varying,10,180,2,3,34,206,101.893,
varying_F2_m10_C180_a3_35.txt,varying,10,180,2,3,35,304,78.487,
varying_F2_m10_C180_a3_36.txt,varying,10,180,2,3,36,382,6.7278,
varying_F2_m10_C180_a3_37.txt,varying,10,180,2,3,37,320,44.7204,
varying_F2_m10_C180_a3_38.txt,varying,10,180,2,3,38,118,52.2056,
varying_F2_m10_C180_a3_39.txt,varying,10,180,2,3,39,218,14.6196,
varying_F2_m10_C180_a3_40.txt,varying,10,180,2,3,40,278,47.0211,
varying_F2_m10_C180_a3_41.txt,varying,10,180,2,3,41,234,2.7108,
varying_F2_m10_C180_a3_42.txt,varying,10,180,2,3,42,286,23.175,
varying_F2_m10_C180_a3_43.txt,varying,10,180,2,3,43,354,19.3889,
varying_F2_m10_C180_a3_44.txt,varying,10,180,2,3,44,194,24.4856,
varying_F2_m10_C180_a3_45.txt,varying,10,180,2,3,45,354,110.988,
varying_F2_m10_C180_a3_46.txt,varying,10,180,2,3,46,324,78.3833,
varying_F2_m10_C180_a3_47.txt,varying,10,180,2,3,47,162,35.4705,
varying_F2_m10_C180_a3_48.txt,varying,10,180,2,3,48,262,25.5492,
varying_F2_m10_C180_a3_49.txt,varying,10,180,2,3,49,388,26.3231,
varying_F2_m10_C180_a7_0.txt,varying,10,180,2,7,0,456,73.4015,
varying_F2_m10_C180_a7_1.txt,varying,10,180,2,7,1,512,46.2826,
varying_F2_m10_C180_a7_2.txt,varying,10,180,2,7,2,438,109.094,
varying_F2_m10_C180_a7_3.txt,varying,10,180,2,7,3,482,75.7495,
varying_F2_m10_C180_a7_4.txt,varying,10,180,2,7,4,450,66.6884,
varying_F2_m10_C180_a7_5.txt,varying,10,180,2,7,5,372,57.7535,
varying_F2_m10_C180_a7_6.txt,varying,10,180,2,7,6,460,624.268,
varying_F2_m10_C180_a7_7.txt,varying,10,180,2,7,7,550,35.8766,
varying_F2_m10_C180_a7_8.txt,varying,10,180,2,7,8,436,78.4329,
varying_F2_m10_C180_a7_9.txt,varying,10,180,2,7,9,282,80.9379,
varying_F2_m10_C180_a7_10.txt,varying,10,180,2,7,10,470,78.8392,
varying_F2_m10_C180_a7_11.txt,varying,10,180,2,7,11,368,37.0309,
varying_F2_m10_C180_a7_12.txt,varying,10,180,2,7,12,442,57.0216,
varying_F2_m10_C180_a7_13.txt,varying,10,180,2,7,13,504,62.8497,
varying_F2_m10_C180_a7_14.txt,varying,10,180,2,7,14,454,55.0816,
varying_F2_m10_C180_a7_15.txt,varying,10,180,2,7,15,648,61.5598,
varying_F2_m10_C180_a7_16.txt,varying,10,180,2,7,16,620,121.928,
varying_F2_m10_C180_a7_17.txt,varying,10,180,2,7,17,430,155.826,
varying_F2_m10_C180_a7_18.txt,varying,10,180,2,7,18,448,67.0217,
varying_F2_m10_C180_a7_19.txt,varying,10,180,2,7,19,534,176.94,
varying_F2_m10_C180_a7_20.txt,varying,10,180,2,7,20,412,24.9008,
varying_F2_m10_C180_a7_21.txt,varying,10,180,2,7,21,408,58.3379,
varying_F2_m10_C180_a7_22.txt,varying,10,180,2,7,22,452,44.8821,
varying_F2_m10_C180_a7_23.txt,varying,10,180,2,7,23,410,113.481,
varying_F2_m10_C180_a7_24.txt,varying,10,180,2,7,24,538,41.5755,
varying_F2_m10_C180_a7_25.txt,varying,10,180,2,7,25,370,57.721,
varying_F2_m10_C180_a7_26.txt,varying,10,180,2,7,26,564,49.6105,
varying_F2_m10_C180_a7_27.txt,varying,10,180,2,7,27,468,29.5203,
varying_F2_m10_C180_a7_28.txt,varying,10,180,2,7,28,428,48.1156,
varying_F2_m10_C180_a7_29.txt,varying,10,180,2,7,29,540,54.5495,
varying_F2_m10_C180_a7_30.txt,varying,10,180,2,7,30,484,51.2708,
varying_F2_m10_C180_a7_31.txt,varying,10,180,2,7,31,456,57.2334,
varying_F2_m10_C180_a7_32.txt,varying,10,180,2,7,32,410,88.4094,
varying_F2_m10_C180_a7_33.txt,varying,10,180,2,7,33,480,42.8127,
varying_F2_m10_C180_a7_34.txt,varying,10,180,2,7,34,258,217.704,
varying_F2_m10_C180_a7_35.txt,varying,10,180,2,7,35,450,87.7289,
varying_F2_m10_C180_a7_36.txt,varying,10,180,2,7,36,436,74.0278,
varying_F2_m10_C180_a7_37.txt,varying,10,180,2,7,37,452,83.596,
varying_F2_m10_C180_a7_38.txt,varying,10,180,2,7,38,380,82.8587,
varying_F2_m10_C180_a7_39.txt,varying,10,180,2,7,39,368,61.0266,
varying_F2_m10_C180_a7_40.txt,varying,10,180,2,7,40,372,139.29,
varying_F2_m10_C180_a7_41.txt,varying,10,180,2,7,41,326,49.6592,
varying_F2_m10_C180_a7_42.txt,varying,10,180,2,7,42,408,63.2195,
varying_F2_m10_C180_a7_43.txt,varying,10,180,2,7,43,544,43.6116,
varying_F2_m10_C180_a7_44.txt,varying,10,180,2,7,44,422,83.7521,
varying_F2_m10_C180_a7_45.txt,varying,10,180,2,7,45,496,58.7412,
varying_F2_m10_C180_a7_46.txt,varying,10,180,2,7,46,504,74.2644,
varying_F2_m10_C180_a7_47.txt,varying,10,180,2,7,47,474,113.928,
varying_F2_m10_C180_a7_48.txt,varying,10,180,2,7,48,444,74.9811,
varying_F2_m10_C180_a7_49.txt,varying,10,180,2,7,49,440,56.6091,
varying_F2_m10_C180_a15_0.txt,varying,10,180,2,15,0,574,139.227,
varying_F2_m10_C180_a15_1.txt,varying,10,180,2,15,1,588,130.377,
varying_F2_m10_C180_a15_2.txt,varying,10,180,2,15,2,520,81.4843,
varying_F2_m10_C180_a15_3.txt,varying,10,180,2,15,3,610,64.4367,
varying_F2_m10_C180_a15_4.txt,varying,10,180,2,15,4,714,215.899,
varying_F2_m10_C180_a15_5.txt,varying,10,180,2,15,5,612,84.2442,
varying_F2_m10_C180_a15_6.txt,varying,10,180,2,15,6,590,227.533,
varying_F2_m10_C180_a15_7.txt,varying,10,180,2,15,7,858,76.8669,
varying_F2_m10_C180_a15_8.txt,varying,10,180,2,15,8,608,419.931,
varying_F2_m10_C180_a15_9.txt,varying,10,180,2,15,9,504,211.585,
varying_F2_m10_C180_a15_10.txt,varying,10,180,2,15,10,688,131.161,
varying_F2_m10_C180_a15_11.txt,varying,10,180,2,15,11,614,173.282,
varying_F2_m10_C180_a15_12.txt,varying,10,180,2,15,12,596,104.317,
varying_F2_m10_C180_a15_13.txt,varying,10,180,2,15,13,604,84.9899,
varying_F2_m10_C180_a15_14.txt,varying,10,180,2,15,14,734,63.7543,
varying_F2_m10_C180_a15_15.txt,varying,10,180,2,15,15,768,127.846,
varying_F2_m10_C180_a15_16.txt,varying,10,180,2,15,16,760,130.417,
varying_F2_m10_C180_a15_17.txt,varying,10,180,2,15,17,498,99.6028,
varying_F2_m10_C180_a15_18.txt,varying,10,180,2,15,18,666,192.321,
varying_F2_m10_C180_a15_19.txt,varying,10,180,2,15,19,706,107.805,
varying_F2_m10_C180_a15_20.txt,varying,10,180,2,15,20,712,102.153,
varying_F2_m10_C180_a15_21.txt,varying,10,180,2,15,21,502,129.932,
varying_F2_m10_C180_a15_22.txt,varying,10,180,2,15,22,772,119.134,
varying_F2_m10_C180_a15_23.txt,varying,10,180,2,15,23,640,185.771,
varying_F2_m10_C180_a15_24.txt,varying,10,180,2,15,24,582,64.1701,
varying_F2_m10_C180_a15_25.txt,varying,10,180,2,15,25,636,64.4499,
varying_F2_m10_C180_a15_26.txt,varying,10,180,2,15,26,794,59.0939,
varying_F2_m10_C180_a15_27.txt,varying,10,180,2,15,27,644,103.858,
varying_F2_m10_C180_a15_28.txt,varying,10,180,2,15,28,688,40.8852,
varying_F2_m10_C180_a15_29.txt,varying,10,180,2,15,29,614,79.4684,
varying_F2_m10_C180_a15_30.txt,varying,10,180,2,15,30,680,105.371,
varying_F2_m10_C180_a15_31.txt,varying,10,180,2,15,31,712,111.775,
varying_F2_m10_C180_a15_32.txt,varying,10,180,2,15,32,706,86.9134,
varying_F2_m10_C180_a15_33.txt,varying,10,180,2,15,33,714,71.137,
varying_F2_m10_C180_a15_34.txt,varying,10,180,2,15,34,586,76.0289,
varying_F2_m10_C180_a15_35.txt,varying,10,180,2,15,35,796,203.687,
varying_F2_m10_C180_a15_36.txt,varying,10,180,2,15,36,624,466.442,
varying_F2_m10_C180_a15_37.txt,varying,10,180,2,15,37,670,147.092,
varying_F2_m10_C180_a15_38.txt,varying,10,180,2,15,38,694,80.9526,
varying_F2_m10_C180_a15_39.txt,varying,10,180,2,15,39,582,145.641,
varying_F2_m10_C180_a15_40.txt,varying,10,180,2,15,40,608,91.6722,
varying_F2_m10_C180_a15_41.txt,varying,10,180,2,15,41,608,180.37,
varying_F2_m10_C180_a15_42.txt,varying,10,180,2,15,42,528,146.095,
varying_F2_m10_C180_a15_43.txt,varying,10,180,2,15,43,758,56.5714,
varying_F2_m10_C180_a15_44.txt,varying,10,180,2,15,44,662,120.347,
varying_F2_m10_C180_a15_45.txt,varying,10,180,2,15,45,750,65.1718,
varying_F2_m10_C180_a15_46.txt,varying,10,180,2,15,46,730,100.196,
varying_F2_m10_C180_a15_47.txt,varying,10,180,2,15,47,726,91.2283,
varying_F2_m10_C180_a15_48.txt,varying,10,180,2,15,48,558,103.98,
varying_F2_m10_C180_a15_49.txt,varying,10,180,2,15,49,844,155.376,
varying_F2_m10_C180_a30_0.txt,varying,10,180,2,30,0,1000,137.492,
varying_F2_m10_C180_a30_1.txt,varying,10,180,2,30,1,792,145.502,
varying_F2_m10_C180_a30_2.txt,varying,10,180,2,30,2,956,373.504,
varying_F2_m10_C180_a30_3.txt,varying,10,180,2,30,3,1046,236.071,
varying_F2_m10_C180_a30_4.txt,varying,10,180,2,30,4,964,354.358,
varying_F2_m10_C180_a30_5.txt,varying,10,180,2,30,5,896,701.395,
varying_F2_m10_C180_a30_6.txt,varying,10,180,2,30,6,872,184.793,
varying_F2_m10_C180_a30_7.txt,varying,10,180,2,30,7,1096,126.457,
varying_F2_m10_C180_a30_8.txt,varying,10,180,2,30,8,866,363.646,
varying_F2_m10_C180_a30_9.txt,varying,10,180,2,30,9,700,1.363.68,
varying_F2_m10_C180_a30_10.txt,varying,10,180,2,30,10,1006,443.386,
varying_F2_m10_C180_a30_11.txt,varying,10,180,2,30,11,884,442.098,
varying_F2_m10_C180_a30_12.txt,varying,10,180,2,30,12,846,151.01,
varying_F2_m10_C180_a30_13.txt,varying,10,180,2,30,13,920,217.837,
varying_F2_m10_C180_a30_14.txt,varying,10,180,2,30,14,1096,103.606,
varying_F2_m10_C180_a30_15.txt,varying,10,180,2,30,15,964,128.539,
varying_F2_m10_C180_a30_16.txt,varying,10,180,2,30,16,1050,331.488,
varying_F2_m10_C180_a30_17.txt,varying,10,180,2,30,17,710,309.671,
varying_F2_m10_C180_a30_18.txt,varying,10,180,2,30,18,948,327.551,
varying_F2_m10_C180_a30_19.txt,varying,10,180,2,30,19,924,1.294.05,
varying_F2_m10_C180_a30_20.txt,varying,10,180,2,30,20,970,150.903,
varying_F2_m10_C180_a30_21.txt,varying,10,180,2,30,21,778,203.875,
varying_F2_m10_C180_a30_22.txt,varying,10,180,2,30,22,1100,204.202,
varying_F2_m10_C180_a30_23.txt,varying,10,180,2,30,23,840,524.617,
varying_F2_m10_C180_a30_24.txt,varying,10,180,2,30,24,736,312.193,
varying_F2_m10_C180_a30_25.txt,varying,10,180,2,30,25,1018,308.484,
varying_F2_m10_C180_a30_26.txt,varying,10,180,2,30,26,976,192.885,
varying_F2_m10_C180_a30_27.txt,varying,10,180,2,30,27,966,308.719,
varying_F2_m10_C180_a30_28.txt,varying,10,180,2,30,28,942,105.601,
varying_F2_m10_C180_a30_29.txt,varying,10,180,2,30,29,862,261.775,
varying_F2_m10_C180_a30_30.txt,varying,10,180,2,30,30,966,224.246,
varying_F2_m10_C180_a30_31.txt,varying,10,180,2,30,31,972,282.056,
varying_F2_m10_C180_a30_32.txt,varying,10,180,2,30,32,974,1.103.83,
varying_F2_m10_C180_a30_33.txt,varying,10,180,2,30,33,1096,305.969,
varying_F2_m10_C180_a30_34.txt,varying,10,180,2,30,34,824,109.001,
varying_F2_m10_C180_a30_35.txt,varying,10,180,2,30,35,1006,152.341,
varying_F2_m10_C180_a30_36.txt,varying,10,180,2,30,36,874,197.3,
varying_F2_m10_C180_a30_37.txt,varying,10,180,2,30,37,986,677.897,
varying_F2_m10_C180_a30_38.txt,varying,10,180,2,30,38,958,222.87,
varying_F2_m10_C180_a30_39.txt,varying,10,180,2,30,39,978,280.543,
varying_F2_m10_C180_a30_40.txt,varying,10,180,2,30,40,882,234.015,
varying_F2_m10_C180_a30_41.txt,varying,10,180,2,30,41,958,145.387,
varying_F2_m10_C180_a30_42.txt,varying,10,180,2,30,42,888,652.726,
varying_F2_m10_C180_a30_43.txt,varying,10,180,2,30,43,1092,201.175,
varying_F2_m10_C180_a30_44.txt,varying,10,180,2,30,44,872,199.131,
varying_F2_m10_C180_a30_45.txt,varying,10,180,2,30,45,1020,317.6,
varying_F2_m10_C180_a30_46.txt,varying,10,180,2,30,46,940,289.559,
varying_F2_m10_C180_a30_47.txt,varying,10,180,2,30,47,1068,1.724.45,
varying_F2_m10_C180_a30_48.txt,varying,10,180,2,30,48,814,354.792,
varying_F2_m10_C180_a30_49.txt,varying,10,180,2,30,49,1078,1.307.53,
varying_F5_m10_C180_a3_0.txt,varying,10,180,5,3,0,406,80.2851,
varying_F5_m10_C180_a3_1.txt,varying,10,180,5,3,1,158,89.4181,
varying_F5_m10_C180_a3_2.txt,varying,10,180,5,3,2,354,97.7846,
varying_F5_m10_C180_a3_3.txt,varying,10,180,5,3,3,422,53.4134,
varying_F5_m10_C180_a3_4.txt,varying,10,180,5,3,4,186,252.754,
varying_F5_m10_C180_a3_5.txt,varying,10,180,5,3,5,154,493.886,
varying_F5_m10_C180_a3_6.txt,varying,10,180,5,3,6,188,2.051.26,
varying_F5_m10_C180_a3_7.txt,varying,10,180,5,3,7,220,895.773,
varying_F5_m10_C180_a3_8.txt,varying,10,180,5,3,8,200,141.535,
varying_F5_m10_C180_a3_9.txt,varying,10,180,5,3,9,312,66.2358,
varying_F5_m10_C180_a3_10.txt,varying,10,180,5,3,10,200,3.056.18,
varying_F5_m10_C180_a3_11.txt,varying,10,180,5,3,11,406,136.622,
varying_F5_m10_C180_a3_12.txt,varying,10,180,5,3,12,162,717.91,
varying_F5_m10_C180_a3_13.txt,varying,10,180,5,3,13,150,1.832.77,
varying_F5_m10_C180_a3_14.txt,varying,10,180,5,3,14,242,111.165,
varying_F5_m10_C180_a3_15.txt,varying,10,180,5,3,15,164,2.671.08,
varying_F5_m10_C180_a3_16.txt,varying,10,180,5,3,16,288,122.312,
varying_F5_m10_C180_a3_17.txt,varying,10,180,5,3,17,188,2.256.87,
varying_F5_m10_C180_a3_18.txt,varying,10,180,5,3,18,128,2.161.36,
varying_F5_m10_C180_a3_19.txt,varying,10,180,5,3,19,200,1.132.53,
varying_F5_m10_C180_a3_20.txt,varying,10,180,5,3,20,202,3.236.77,
varying_F5_m10_C180_a3_21.txt,varying,10,180,5,3,21,122,1.633.71,
varying_F5_m10_C180_a3_22.txt,varying,10,180,5,3,22,420,9.4713,
varying_F5_m10_C180_a3_23.txt,varying,10,180,5,3,23,200,1.338.83,
varying_F5_m10_C180_a3_24.txt,varying,10,180,5,3,24,150,2.851.40,
varying_F5_m10_C180_a3_25.txt,varying,10,180,5,3,25,210,599.033,
varying_F5_m10_C180_a3_26.txt,varying,10,180,5,3,26,526,82.3988,
varying_F5_m10_C180_a3_27.txt,varying,10,180,5,3,27,238,763.655,
varying_F5_m10_C180_a3_28.txt,varying,10,180,5,3,28,264,58.7689,
varying_F5_m10_C180_a3_29.txt,varying,10,180,5,3,29,400,214.767,
varying_F5_m10_C180_a3_30.txt,varying,10,180,5,3,30,194,1.933.58,
varying_F5_m10_C180_a3_31.txt,varying,10,180,5,3,31,100,747.271,
varying_F5_m10_C180_a3_32.txt,varying,10,180,5,3,32,106,112.834,
varying_F5_m10_C180_a3_33.txt,varying,10,180,5,3,33,222,421.49,
varying_F5_m10_C180_a3_34.txt,varying,10,180,5,3,34,62,458.971,
varying_F5_m10_C180_a3_35.txt,varying,10,180,5,3,35,224,48.9858,
varying_F5_m10_C180_a3_36.txt,varying,10,180,5,3,36,184,1.542.95,
varying_F5_m10_C180_a3_37.txt,varying,10,180,5,3,37,196,301.637,
varying_F5_m10_C180_a3_38.txt,varying,10,180,5,3,38,260,62.9649,
varying_F5_m10_C180_a3_39.txt,varying,10,180,5,3,39,206,1.015.90,
varying_F5_m10_C180_a3_40.txt,varying,10,180,5,3,40,160,1.028.65,
varying_F5_m10_C180_a3_41.txt,varying,10,180,5,3,41,188,1.869.72,
varying_F5_m10_C180_a3_42.txt,varying,10,180,5,3,42,332,140.049,
varying_F5_m10_C180_a3_43.txt,varying,10,180,5,3,43,166,2.498.44,
varying_F5_m10_C180_a3_44.txt,varying,10,180,5,3,44,200,338.622,
varying_F5_m10_C180_a3_45.txt,varying,10,180,5,3,45,198,2.291.72,
varying_F5_m10_C180_a3_46.txt,varying,10,180,5,3,46,304,59.6368,
varying_F5_m10_C180_a3_47.txt,varying,10,180,5,3,47,370,21.327,
varying_F5_m10_C180_a3_48.txt,varying,10,180,5,3,48,212,218.197,
varying_F5_m10_C180_a3_49.txt,varying,10,180,5,3,49,76,269.637,
varying_F5_m10_C180_a7_0.txt,varying,10,180,5,7,0,408,167.829,
varying_F5_m10_C180_a7_1.txt,varying,10,180,5,7,1,380,2.729.26,
varying_F5_m10_C180_a7_2.txt,varying,10,180,5,7,2,452,184.196,
varying_F5_m10_C180_a7_3.txt,varying,10,180,5,7,3,422,150.022,
varying_F5_m10_C180_a7_4.txt,varying,10,180,5,7,4,400,141.214,
varying_F5_m10_C180_a7_5.txt,varying,10,180,5,7,5,390,149.923,
varying_F5_m10_C180_a7_6.txt,varying,10,180,5,7,6,378,538.082,
varying_F5_m10_C180_a7_7.txt,varying,10,180,5,7,7,248,1.612.68,
varying_F5_m10_C180_a7_8.txt,varying,10,180,5,7,8,254,201.979,
varying_F5_m10_C180_a7_9.txt,varying,10,180,5,7,9,360,126.133,
varying_F5_m10_C180_a7_10.txt,varying,10,180,5,7,10,416,181.321,
varying_F5_m10_C180_a7_11.txt,varying,10,180,5,7,11,430,185.87,
varying_F5_m10_C180_a7_12.txt,varying,10,180,5,7,12,230,514.627,
varying_F5_m10_C180_a7_13.txt,varying,10,180,5,7,13,202,4.036.46,
varying_F5_m10_C180_a7_14.txt,varying,10,180,5,7,14,266,337.406,
varying_F5_m10_C180_a7_15.txt,varying,10,180,5,7,15,250,3.620.44,
varying_F5_m10_C180_a7_16.txt,varying,10,180,5,7,16,462,154.971,
varying_F5_m10_C180_a7_17.txt,varying,10,180,5,7,17,254,2.742.43,
varying_F5_m10_C180_a7_18.txt,varying,10,180,5,7,18,250,206.028,
varying_F5_m10_C180_a7_19.txt,varying,10,180,5,7,19,214,8.569.65,
varying_F5_m10_C180_a7_20.txt,varying,10,180,5,7,20,266,2.077.35,
varying_F5_m10_C180_a7_21.txt,varying,10,180,5,7,21,200,6.508.05,
varying_F5_m10_C180_a7_22.txt,varying,10,180,5,7,22,452,129.267,
varying_F5_m10_C180_a7_23.txt,varying,10,180,5,7,23,410,501.396,
varying_F5_m10_C180_a7_24.txt,varying,10,180,5,7,24,214,4.241.78,
varying_F5_m10_C180_a7_25.txt,varying,10,180,5,7,25,212,1.317.33,
varying_F5_m10_C180_a7_26.txt,varying,10,180,5,7,26,540,173.673,
varying_F5_m10_C180_a7_27.txt,varying,10,180,5,7,27,500,237.61,
varying_F5_m10_C180_a7_28.txt,varying,10,180,5,7,28,448,160.893,
varying_F5_m10_C180_a7_29.txt,varying,10,180,5,7,29,412,216.97,
varying_F5_m10_C180_a7_30.txt,varying,10,180,5,7,30,198,2.406.68,
varying_F5_m10_C180_a7_31.txt,varying,10,180,5,7,31,216,5.154.93,
varying_F5_m10_C180_a7_32.txt,varying,10,180,5,7,32,236,3.495.64,
varying_F5_m10_C180_a7_33.txt,varying,10,180,5,7,33,406,2.727.84,
varying_F5_m10_C180_a7_34.txt,varying,10,180,5,7,34,218,819.288,
varying_F5_m10_C180_a7_35.txt,varying,10,180,5,7,35,258,188.622,
varying_F5_m10_C180_a7_36.txt,varying,10,180,5,7,36,358,182.715,
varying_F5_m10_C180_a7_37.txt,varying,10,180,5,7,37,284,233.246,
varying_F5_m10_C180_a7_38.txt,varying,10,180,5,7,38,286,236.522,
varying_F5_m10_C180_a7_39.txt,varying,10,180,5,7,39,254,462.508,
varying_F5_m10_C180_a7_40.txt,varying,10,180,5,7,40,316,2.569.93,
varying_F5_m10_C180_a7_41.txt,varying,10,180,5,7,41,194,1.858.21,
varying_F5_m10_C180_a7_42.txt,varying,10,180,5,7,42,444,148.919,
varying_F5_m10_C180_a7_43.txt,varying,10,180,5,7,43,230,333.366,
varying_F5_m10_C180_a7_44.txt,varying,10,180,5,7,44,272,813.258,
varying_F5_m10_C180_a7_45.txt,varying,10,180,5,7,45,344,620.052,
varying_F5_m10_C180_a7_46.txt,varying,10,180,5,7,46,428,143.309,
varying_F5_m10_C180_a7_47.txt,varying,10,180,5,7,47,376,178.359,
varying_F5_m10_C180_a7_48.txt,varying,10,180,5,7,48,444,148.385,
varying_F5_m10_C180_a7_49.txt,varying,10,180,5,7,49,224,4.345.74,
varying_F5_m10_C180_a15_0.txt,varying,10,180,5,15,0,490,1.003.41,
varying_F5_m10_C180_a15_1.txt,varying,10,180,5,15,1,408,3.344.34,
varying_F5_m10_C180_a15_2.txt,varying,10,180,5,15,2,618,1.532.96,
varying_F5_m10_C180_a15_3.txt,varying,10,180,5,15,3,492,458.796,
varying_F5_m10_C180_a15_4.txt,varying,10,180,5,15,4,688,557.24,
varying_F5_m10_C180_a15_5.txt,varying,10,180,5,15,5,400,1.015.75,
varying_F5_m10_C180_a15_6.txt,varying,10,180,5,15,6,418,6.229.88,
varying_F5_m10_C180_a15_7.txt,varying,10,180,5,15,7,448,3.370.14,
varying_F5_m10_C180_a15_8.txt,varying,10,180,5,15,8,334,4.479.54,
varying_F5_m10_C180_a15_9.txt,varying,10,180,5,15,9,394,1.505.39,
varying_F5_m10_C180_a15_10.txt,varying,10,180,5,15,10,434,1.620.18,
varying_F5_m10_C180_a15_11.txt,varying,10,180,5,15,11,506,556.378,
varying_F5_m10_C180_a15_12.txt,varying,10,180,5,15,12,306,4.339.02,
varying_F5_m10_C180_a15_13.txt,varying,10,180,5,15,13,430,3.010.94,
varying_F5_m10_C180_a15_14.txt,varying,10,180,5,15,14,472,2.722.12,
varying_F5_m10_C180_a15_15.txt,varying,10,180,5,15,15,340,3.784.30,
varying_F5_m10_C180_a15_16.txt,varying,10,180,5,15,16,536,1.125.81,
varying_F5_m10_C180_a15_17.txt,varying,10,180,5,15,17,300,5.917.63,
varying_F5_m10_C180_a15_18.txt,varying,10,180,5,15,18,494,1.652.52,
varying_F5_m10_C180_a15_19.txt,varying,10,180,5,15,19,256,47.380.80,
varying_F5_m10_C180_a15_20.txt,varying,10,180,5,15,20,498,2.338.54,
varying_F5_m10_C180_a15_21.txt,varying,10,180,5,15,21,454,2.773.60,
varying_F5_m10_C180_a15_22.txt,varying,10,180,5,15,22,456,569.431,
varying_F5_m10_C180_a15_23.txt,varying,10,180,5,15,23,470,1.563.08,
varying_F5_m10_C180_a15_24.txt,varying,10,180,5,15,24,400,3.847.80,
varying_F5_m10_C180_a15_25.txt,varying,10,180,5,15,25,394,4.633.84,
varying_F5_m10_C180_a15_26.txt,varying,10,180,5,15,26,698,530.941,
varying_F5_m10_C180_a15_27.txt,varying,10,180,5,15,27,524,2.950.51,
varying_F5_m10_C180_a15_28.txt,varying,10,180,5,15,28,552,1.257.30,
varying_F5_m10_C180_a15_29.txt,varying,10,180,5,15,29,462,1.178.64,
varying_F5_m10_C180_a15_30.txt,varying,10,180,5,15,30,356,3.351.68,
varying_F5_m10_C180_a15_31.txt,varying,10,180,5,15,31,428,3.777.50,
varying_F5_m10_C180_a15_32.txt,varying,10,180,5,15,32,482,1.401.05,
varying_F5_m10_C180_a15_33.txt,varying,10,180,5,15,33,556,1.555.52,
varying_F5_m10_C180_a15_34.txt,varying,10,180,5,15,34,482,2.268.89,
varying_F5_m10_C180_a15_35.txt,varying,10,180,5,15,35,440,3.378.67,
varying_F5_m10_C180_a15_36.txt,varying,10,180,5,15,36,572,1.771.74,
varying_F5_m10_C180_a15_37.txt,varying,10,180,5,15,37,462,1.425.05,
varying_F5_m10_C180_a15_38.txt,varying,10,180,5,15,38,402,5.485.58,
varying_F5_m10_C180_a15_39.txt,varying,10,180,5,15,39,374,9.172.10,
varying_F5_m10_C180_a15_40.txt,varying,10,180,5,15,40,466,2.511.50,
varying_F5_m10_C180_a15_41.txt,varying,10,180,5,15,41,570,972.979,
varying_F5_m10_C180_a15_42.txt,varying,10,180,5,15,42,482,1.173.40,
varying_F5_m10_C180_a15_43.txt,varying,10,180,5,15,43,318,2.013.69,
varying_F5_m10_C180_a15_44.txt,varying,10,180,5,15,44,340,1.608.18,
varying_F5_m10_C180_a15_45.txt,varying,10,180,5,15,45,554,1.668.49,
varying_F5_m10_C180_a15_46.txt,varying,10,180,5,15,46,568,1.759.06,
varying_F5_m10_C180_a15_47.txt,varying,10,180,5,15,47,452,631.076,
varying_F5_m10_C180_a15_48.txt,varying,10,180,5,15,48,474,1.559.22,
varying_F5_m10_C180_a15_49.txt,varying,10,180,5,15,49,234,2.947.10,
varying_F5_m10_C180_a30_0.txt,varying,10,180,5,30,0,954,3.047.53,
varying_F5_m10_C180_a30_1.txt,varying,10,180,5,30,1,522,4.179.13,
varying_F5_m10_C180_a30_2.txt,varying,10,180,5,30,2,726,3.982.20,
varying_F5_m10_C180_a30_3.txt,varying,10,180,5,30,3,492,4.530,
varying_F5_m10_C180_a30_4.txt,varying,10,180,5,30,4,1052,1.690.45,
varying_F5_m10_C180_a30_5.txt,varying,10,180,5,30,5,542,4.649.41,
varying_F5_m10_C180_a30_6.txt,varying,10,180,5,30,6,570,8.529.43,
varying_F5_m10_C180_a30_7.txt,varying,10,180,5,30,7,554,5.392.75,
varying_F5_m10_C180_a30_8.txt,varying,10,180,5,30,8,572,6.677.80,
varying_F5_m10_C180_a30_9.txt,varying,10,180,5,30,9,588,9.240.06,
varying_F5_m10_C180_a30_10.txt,varying,10,180,5,30,10,612,6.689.15,
varying_F5_m10_C180_a30_11.txt,varying,10,180,5,30,11,608,2.292,
varying_F5_m10_C180_a30_12.txt,varying,10,180,5,30,12,572,3.650.88,
varying_F5_m10_C180_a30_13.txt,varying,10,180,5,30,13,522,8.721.93,
varying_F5_m10_C180_a30_14.txt,varying,10,180,5,30,14,582,10.554.80,
varying_F5_m10_C180_a30_15.txt,varying,10,180,5,30,15,468,4.547.44,
varying_F5_m10_C180_a30_16.txt,varying,10,180,5,30,16,778,4.685.47,
varying_F5_m10_C180_a30_17.txt,varying,10,180,5,30,17,472,13.341.20,
varying_F5_m10_C180_a30_18.txt,varying,10,180,5,30,18,608,5.369.70,
varying_F5_m10_C180_a30_19.txt,varying,10,180,5,30,19,402,7.647.41,
varying_F5_m10_C180_a30_20.txt,varying,10,180,5,30,20,554,4.351.16,
varying_F5_m10_C180_a30_21.txt,varying,10,180,5,30,21,560,6.184.51,
varying_F5_m10_C180_a30_22.txt,varying,10,180,5,30,22,512,3.485.83,
varying_F5_m10_C180_a30_23.txt,varying,10,180,5,30,23,592,4.881.55,
varying_F5_m10_C180_a30_24.txt,varying,10,180,5,30,24,470,6.481.26,
varying_F5_m10_C180_a30_25.txt,varying,10,180,5,30,25,564,7.915.88,
varying_F5_m10_C180_a30_26.txt,varying,10,180,5,30,26,798,2.375.41,
varying_F5_m10_C180_a30_27.txt,varying,10,180,5,30,27,648,9.952.10,
varying_F5_m10_C180_a30_28.txt,varying,10,180,5,30,28,716,4.492.91,
varying_F5_m10_C180_a30_29.txt,varying,10,180,5,30,29,708,3.101.42,
varying_F5_m10_C180_a30_30.txt,varying,10,180,5,30,30,452,5.118.81,
varying_F5_m10_C180_a30_31.txt,varying,10,180,5,30,31,632,6.168.83,
varying_F5_m10_C180_a30_32.txt,varying,10,180,5,30,32,606,7.211.41,
varying_F5_m10_C180_a30_33.txt,varying,10,180,5,30,33,656,6.106.19,
varying_F5_m10_C180_a30_34.txt,varying,10,180,5,30,34,594,8.659.69,
varying_F5_m10_C180_a30_35.txt,varying,10,180,5,30,35,658,3.522.33,
varying_F5_m10_C180_a30_36.txt,varying,10,180,5,30,36,714,4.501.17,
varying_F5_m10_C180_a30_37.txt,varying,10,180,5,30,37,516,9.302.74,
varying_F5_m10_C180_a30_38.txt,varying,10,180,5,30,38,460,12.761.10,
varying_F5_m10_C180_a30_39.txt,varying,10,180,5,30,39,542,12.459.50,
varying_F5_m10_C180_a30_40.txt,varying,10,180,5,30,40,616,6.378.48,
varying_F5_m10_C180_a30_41.txt,varying,10,180,5,30,41,748,2.471.06,
varying_F5_m10_C180_a30_42.txt,varying,10,180,5,30,42,678,4.223.50,
varying_F5_m10_C180_a30_43.txt,varying,10,180,5,30,43,492,4.772.54,
varying_F5_m10_C180_a30_44.txt,varying,10,180,5,30,44,596,5.230.15,
varying_F5_m10_C180_a30_45.txt,varying,10,180,5,30,45,640,4.580.54,
varying_F5_m10_C180_a30_46.txt,varying,10,180,5,30,46,638,7.873.88,
varying_F5_m10_C180_a30_47.txt,varying,10,180,5,30,47,614,3.990.89,
varying_F5_m10_C180_a30_48.txt,varying,10,180,5,30,48,784,4.277.90,
varying_F5_m10_C180_a30_49.txt,varying,10,180,5,30,49,526,8.320.33,
varying_F2_m25_C30_a3_0.txt,varying,25,30,2,3,0,68,58.4442,
varying_F2_m25_C30_a3_1.txt,varying,25,30,2,3,1,128,48.5669,
varying_F2_m25_C30_a3_2.txt,varying,25,30,2,3,2,92,165.736,
varying_F2_m25_C30_a3_3.txt,varying,25,30,2,3,3,86,34.6982,
varying_F2_m25_C30_a3_4.txt,varying,25,30,2,3,4,158,47.1244,
varying_F2_m25_C30_a3_5.txt,varying,25,30,2,3,5,106,38.2326,
varying_F2_m25_C30_a3_6.txt,varying,25,30,2,3,6,100,110.921,
varying_F2_m25_C30_a3_7.txt,varying,25,30,2,3,7,102,72.5693,
varying_F2_m25_C30_a3_8.txt,varying,25,30,2,3,8,128,28.3004,
varying_F2_m25_C30_a3_9.txt,varying,25,30,2,3,9,152,24.2023,
varying_F2_m25_C30_a3_10.txt,varying,25,30,2,3,10,166,36.0972,
varying_F2_m25_C30_a3_11.txt,varying,25,30,2,3,11,96,44.1935,
varying_F2_m25_C30_a3_12.txt,varying,25,30,2,3,12,188,21.1946,
varying_F2_m25_C30_a3_13.txt,varying,25,30,2,3,13,100,21.81,
varying_F2_m25_C30_a3_14.txt,varying,25,30,2,3,14,136,81.9095,
varying_F2_m25_C30_a3_15.txt,varying,25,30,2,3,15,124,8.957,
varying_F2_m25_C30_a3_16.txt,varying,25,30,2,3,16,174,483.176,
varying_F2_m25_C30_a3_17.txt,varying,25,30,2,3,17,134,85.0406,
varying_F2_m25_C30_a3_18.txt,varying,25,30,2,3,18,102,180.877,
varying_F2_m25_C30_a3_19.txt,varying,25,30,2,3,19,134,46.1611,
varying_F2_m25_C30_a3_20.txt,varying,25,30,2,3,20,186,11.9881,
varying_F2_m25_C30_a3_21.txt,varying,25,30,2,3,21,62,48.8062,
varying_F2_m25_C30_a3_22.txt,varying,25,30,2,3,22,162,9.0271,
varying_F2_m25_C30_a3_23.txt,varying,25,30,2,3,23,68,56.6941,
varying_F2_m25_C30_a3_24.txt,varying,25,30,2,3,24,134,16.2098,
varying_F2_m25_C30_a3_25.txt,varying,25,30,2,3,25,104,81.8689,
varying_F2_m25_C30_a3_26.txt,varying,25,30,2,3,26,184,41.7601,
varying_F2_m25_C30_a3_27.txt,varying,25,30,2,3,27,76,39.4484,
varying_F2_m25_C30_a3_28.txt,varying,25,30,2,3,28,70,796.06,
varying_F2_m25_C30_a3_29.txt,varying,25,30,2,3,29,102,150.613,
varying_F2_m25_C30_a3_30.txt,varying,25,30,2,3,30,114,35.1401,
varying_F2_m25_C30_a3_31.txt,varying,25,30,2,3,31,184,21.1227,
varying_F2_m25_C30_a3_32.txt,varying,25,30,2,3,32,138,238.766,
varying_F2_m25_C30_a3_33.txt,varying,25,30,2,3,33,92,100.042,
varying_F2_m25_C30_a3_34.txt,varying,25,30,2,3,34,72,34.7897,
varying_F2_m25_C30_a3_35.txt,varying,25,30,2,3,35,84,61.5583,
varying_F2_m25_C30_a3_36.txt,varying,25,30,2,3,36,118,12.2829,
varying_F2_m25_C30_a3_37.txt,varying,25,30,2,3,37,84,35.0616,
varying_F2_m25_C30_a3_38.txt,varying,25,30,2,3,38,134,20.7489,
varying_F2_m25_C30_a3_39.txt,varying,25,30,2,3,39,150,51.0026,
varying_F2_m25_C30_a3_40.txt,varying,25,30,2,3,40,162,10.5302,
varying_F2_m25_C30_a3_41.txt,varying,25,30,2,3,41,122,109.483,
varying_F2_m25_C30_a3_42.txt,varying,25,30,2,3,42,112,46.2546,
varying_F2_m25_C30_a3_43.txt,varying,25,30,2,3,43,166,60.5014,
varying_F2_m25_C30_a3_44.txt,varying,25,30,2,3,44,168,35.5525,
varying_F2_m25_C30_a3_45.txt,varying,25,30,2,3,45,122,29.8291,
varying_F2_m25_C30_a3_46.txt,varying,25,30,2,3,46,114,23.1489,
varying_F2_m25_C30_a3_47.txt,varying,25,30,2,3,47,158,29.365,
varying_F2_m25_C30_a3_48.txt,varying,25,30,2,3,48,74,223.284,
varying_F2_m25_C30_a3_49.txt,varying,25,30,2,3,49,104,38.273,
varying_F2_m25_C30_a7_0.txt,varying,25,30,2,7,0,186,117.654,
varying_F2_m25_C30_a7_1.txt,varying,25,30,2,7,1,196,123.346,
varying_F2_m25_C30_a7_2.txt,varying,25,30,2,7,2,162,259.924,
varying_F2_m25_C30_a7_3.txt,varying,25,30,2,7,3,146,423.315,
varying_F2_m25_C30_a7_4.txt,varying,25,30,2,7,4,228,100.984,
varying_F2_m25_C30_a7_5.txt,varying,25,30,2,7,5,168,106.925,
varying_F2_m25_C30_a7_6.txt,varying,25,30,2,7,6,182,276.984,
varying_F2_m25_C30_a7_7.txt,varying,25,30,2,7,7,212,76.2707,
varying_F2_m25_C30_a7_8.txt,varying,25,30,2,7,8,172,63.4351,
varying_F2_m25_C30_a7_9.txt,varying,25,30,2,7,9,206,114.9,
varying_F2_m25_C30_a7_10.txt,varying,25,30,2,7,10,220,143.135,
varying_F2_m25_C30_a7_11.txt,varying,25,30,2,7,11,228,73.3566,
varying_F2_m25_C30_a7_12.txt,varying,25,30,2,7,12,244,41.8068,
varying_F2_m25_C30_a7_13.txt,varying,25,30,2,7,13,172,44.6348,
varying_F2_m25_C30_a7_14.txt,varying,25,30,2,7,14,190,127.248,
varying_F2_m25_C30_a7_15.txt,varying,25,30,2,7,15,148,122.305,
varying_F2_m25_C30_a7_16.txt,varying,25,30,2,7,16,212,294.685,
varying_F2_m25_C30_a7_17.txt,varying,25,30,2,7,17,244,286.31,
varying_F2_m25_C30_a7_18.txt,varying,25,30,2,7,18,148,111.925,
varying_F2_m25_C30_a7_19.txt,varying,25,30,2,7,19,190,60.8807,
varying_F2_m25_C30_a7_20.txt,varying,25,30,2,7,20,222,151.474,
varying_F2_m25_C30_a7_21.txt,varying,25,30,2,7,21,192,384.842,
varying_F2_m25_C30_a7_22.txt,varying,25,30,2,7,22,212,45.8432,
varying_F2_m25_C30_a7_23.txt,varying,25,30,2,7,23,134,148.438,
varying_F2_m25_C30_a7_24.txt,varying,25,30,2,7,24,190,60.2525,
varying_F2_m25_C30_a7_25.txt,varying,25,30,2,7,25,148,72.2136,
varying_F2_m25_C30_a7_26.txt,varying,25,30,2,7,26,246,89.7997,
varying_F2_m25_C30_a7_27.txt,varying,25,30,2,7,27,152,75.4374,
varying_F2_m25_C30_a7_28.txt,varying,25,30,2,7,28,182,111.186,
varying_F2_m25_C30_a7_29.txt,varying,25,30,2,7,29,140,167.797,
varying_F2_m25_C30_a7_30.txt,varying,25,30,2,7,30,128,49.8381,
varying_F2_m25_C30_a7_31.txt,varying,25,30,2,7,31,224,69.0317,
varying_F2_m25_C30_a7_32.txt,varying,25,30,2,7,32,216,104.158,
varying_F2_m25_C30_a7_33.txt,varying,25,30,2,7,33,210,64.5553,
varying_F2_m25_C30_a7_34.txt,varying,25,30,2,7,34,130,59.9617,
varying_F2_m25_C30_a7_35.txt,varying,25,30,2,7,35,146,139.882,
varying_F2_m25_C30_a7_36.txt,varying,25,30,2,7,36,162,60.6692,
varying_F2_m25_C30_a7_37.txt,varying,25,30,2,7,37,154,91.4739,
varying_F2_m25_C30_a7_38.txt,varying,25,30,2,7,38,234,60.1971,
varying_F2_m25_C30_a7_39.txt,varying,25,30,2,7,39,208,51.1182,
varying_F2_m25_C30_a7_40.txt,varying,25,30,2,7,40,220,97.8236,
varying_F2_m25_C30_a7_41.txt,varying,25,30,2,7,41,146,843.941,
varying_F2_m25_C30_a7_42.txt,varying,25,30,2,7,42,176,184.702,
varying_F2_m25_C30_a7_43.txt,varying,25,30,2,7,43,200,210.261,
varying_F2_m25_C30_a7_44.txt,varying,25,30,2,7,44,182,87.4861,
varying_F2_m25_C30_a7_45.txt,varying,25,30,2,7,45,208,60.2241,
varying_F2_m25_C30_a7_46.txt,varying,25,30,2,7,46,184,64.2891,
varying_F2_m25_C30_a7_47.txt,varying,25,30,2,7,47,244,39.4167,
varying_F2_m25_C30_a7_48.txt,varying,25,30,2,7,48,120,85.1735,
varying_F2_m25_C30_a7_49.txt,varying,25,30,2,7,49,190,75.3525,
varying_F2_m25_C30_a15_0.txt,varying,25,30,2,15,0,244,158.849,
varying_F2_m25_C30_a15_1.txt,varying,25,30,2,15,1,276,371.071,
varying_F2_m25_C30_a15_2.txt,varying,25,30,2,15,2,262,195.847,
varying_F2_m25_C30_a15_3.txt,varying,25,30,2,15,3,248,573.558,
varying_F2_m25_C30_a15_4.txt,varying,25,30,2,15,4,300,167.465,
varying_F2_m25_C30_a15_5.txt,varying,25,30,2,15,5,258,87.0927,
varying_F2_m25_C30_a15_6.txt,varying,25,30,2,15,6,254,866.514,
varying_F2_m25_C30_a15_7.txt,varying,25,30,2,15,7,286,263.729,
varying_F2_m25_C30_a15_8.txt,varying,25,30,2,15,8,264,156.62,
varying_F2_m25_C30_a15_9.txt,varying,25,30,2,15,9,266,437.12,
varying_F2_m25_C30_a15_10.txt,varying,25,30,2,15,10,292,222.098,
varying_F2_m25_C30_a15_11.txt,varying,25,30,2,15,11,292,216.226,
varying_F2_m25_C30_a15_12.txt,varying,25,30,2,15,12,314,319.935,
varying_F2_m25_C30_a15_13.txt,varying,25,30,2,15,13,226,638.326,
varying_F2_m25_C30_a15_14.txt,varying,25,30,2,15,14,242,276.226,
varying_F2_m25_C30_a15_15.txt,varying,25,30,2,15,15,258,412.74,
varying_F2_m25_C30_a15_16.txt,varying,25,30,2,15,16,264,142.142,
varying_F2_m25_C30_a15_17.txt,varying,25,30,2,15,17,348,249.376,
varying_F2_m25_C30_a15_18.txt,varying,25,30,2,15,18,188,200.94,
varying_F2_m25_C30_a15_19.txt,varying,25,30,2,15,19,214,146.648,
varying_F2_m25_C30_a15_20.txt,varying,25,30,2,15,20,262,123.71,
varying_F2_m25_C30_a15_21.txt,varying,25,30,2,15,21,256,1.275.12,
varying_F2_m25_C30_a15_22.txt,varying,25,30,2,15,22,348,96.7905,
varying_F2_m25_C30_a15_23.txt,varying,25,30,2,15,23,254,381.253,
varying_F2_m25_C30_a15_24.txt,varying,25,30,2,15,24,252,249.554,
varying_F2_m25_C30_a15_25.txt,varying,25,30,2,15,25,296,372.381,
varying_F2_m25_C30_a15_26.txt,varying,25,30,2,15,26,312,247.65,
varying_F2_m25_C30_a15_27.txt,varying,25,30,2,15,27,306,142.022,
varying_F2_m25_C30_a15_28.txt,varying,25,30,2,15,28,278,263.955,
varying_F2_m25_C30_a15_29.txt,varying,25,30,2,15,29,200,521.363,
varying_F2_m25_C30_a15_30.txt,varying,25,30,2,15,30,276,163.688,
varying_F2_m25_C30_a15_31.txt,varying,25,30,2,15,31,286,188.524,
varying_F2_m25_C30_a15_32.txt,varying,25,30,2,15,32,324,295.689,
varying_F2_m25_C30_a15_33.txt,varying,25,30,2,15,33,250,109.68,
varying_F2_m25_C30_a15_34.txt,varying,25,30,2,15,34,264,222.12,
varying_F2_m25_C30_a15_35.txt,varying,25,30,2,15,35,266,184.522,
varying_F2_m25_C30_a15_36.txt,varying,25,30,2,15,36,258,103.487,
varying_F2_m25_C30_a15_37.txt,varying,25,30,2,15,37,238,251.1,
varying_F2_m25_C30_a15_38.txt,varying,25,30,2,15,38,312,85.5812,
varying_F2_m25_C30_a15_39.txt,varying,25,30,2,15,39,320,133.905,
varying_F2_m25_C30_a15_40.txt,varying,25,30,2,15,40,312,102.325,
varying_F2_m25_C30_a15_41.txt,varying,25,30,2,15,41,268,537.264,
varying_F2_m25_C30_a15_42.txt,varying,25,30,2,15,42,292,211.537,
varying_F2_m25_C30_a15_43.txt,varying,25,30,2,15,43,270,252.433,
varying_F2_m25_C30_a15_44.txt,varying,25,30,2,15,44,288,164.385,
varying_F2_m25_C30_a15_45.txt,varying,25,30,2,15,45,266,163.888,
varying_F2_m25_C30_a15_46.txt,varying,25,30,2,15,46,236,108.007,
varying_F2_m25_C30_a15_47.txt,varying,25,30,2,15,47,302,89.1357,
varying_F2_m25_C30_a15_48.txt,varying,25,30,2,15,48,258,326.731,
varying_F2_m25_C30_a15_49.txt,varying,25,30,2,15,49,318,454.555,
varying_F2_m25_C30_a30_0.txt,varying,25,30,2,30,0,362,882.542,
varying_F2_m25_C30_a30_1.txt,varying,25,30,2,30,1,364,558.863,
varying_F2_m25_C30_a30_2.txt,varying,25,30,2,30,2,382,417.396,
varying_F2_m25_C30_a30_3.txt,varying,25,30,2,30,3,346,1.285.39,
varying_F2_m25_C30_a30_4.txt,varying,25,30,2,30,4,416,1.070.23,
varying_F2_m25_C30_a30_5.txt,varying,25,30,2,30,5,334,549.438,
varying_F2_m25_C30_a30_6.txt,varying,25,30,2,30,6,364,620.014,
varying_F2_m25_C30_a30_7.txt,varying,25,30,2,30,7,384,292.281,
varying_F2_m25_C30_a30_8.txt,varying,25,30,2,30,8,368,367.062,
varying_F2_m25_C30_a30_9.txt,varying,25,30,2,30,9,366,2.836.95,
varying_F2_m25_C30_a30_10.txt,varying,25,30,2,30,10,400,206.821,
varying_F2_m25_C30_a30_11.txt,varying,25,30,2,30,11,354,382.334,
varying_F2_m25_C30_a30_12.txt,varying,25,30,2,30,12,376,721.761,
varying_F2_m25_C30_a30_13.txt,varying,25,30,2,30,13,344,1.210.71,
varying_F2_m25_C30_a30_14.txt,varying,25,30,2,30,14,360,1.008.28,
varying_F2_m25_C30_a30_15.txt,varying,25,30,2,30,15,346,434.519,
varying_F2_m25_C30_a30_16.txt,varying,25,30,2,30,16,378,967.271,
varying_F2_m25_C30_a30_17.txt,varying,25,30,2,30,17,422,428.571,
varying_F2_m25_C30_a30_18.txt,varying,25,30,2,30,18,308,560.67,
varying_F2_m25_C30_a30_19.txt,varying,25,30,2,30,19,428,240.221,
varying_F2_m25_C30_a30_20.txt,varying,25,30,2,30,20,314,375.725,
varying_F2_m25_C30_a30_21.txt,varying,25,30,2,30,21,318,1.194.89,
varying_F2_m25_C30_a30_22.txt,varying,25,30,2,30,22,412,879.337,
varying_F2_m25_C30_a30_23.txt,varying,25,30,2,30,23,374,1.384.90,
varying_F2_m25_C30_a30_24.txt,varying,25,30,2,30,24,366,831.532,
varying_F2_m25_C30_a30_25.txt,varying,25,30,2,30,25,400,769.377,
varying_F2_m25_C30_a30_26.txt,varying,25,30,2,30,26,428,465.1,
varying_F2_m25_C30_a30_27.txt,varying,25,30,2,30,27,380,322.956,
varying_F2_m25_C30_a30_28.txt,varying,25,30,2,30,28,374,896.906,
varying_F2_m25_C30_a30_29.txt,varying,25,30,2,30,29,298,867.345,
varying_F2_m25_C30_a30_30.txt,varying,25,30,2,30,30,396,272.936,
varying_F2_m25_C30_a30_31.txt,varying,25,30,2,30,31,388,502.814,
varying_F2_m25_C30_a30_32.txt,varying,25,30,2,30,32,418,852.938,
varying_F2_m25_C30_a30_33.txt,varying,25,30,2,30,33,348,160.386,
varying_F2_m25_C30_a30_34.txt,varying,25,30,2,30,34,364,152.162,
varying_F2_m25_C30_a30_35.txt,varying,25,30,2,30,35,386,674.107,
varying_F2_m25_C30_a30_36.txt,varying,25,30,2,30,36,342,906.246,
varying_F2_m25_C30_a30_37.txt,varying,25,30,2,30,37,386,2.087.54,
varying_F2_m25_C30_a30_38.txt,varying,25,30,2,30,38,400,259.868,
varying_F2_m25_C30_a30_39.txt,varying,25,30,2,30,39,372,465.398,
varying_F2_m25_C30_a30_40.txt,varying,25,30,2,30,40,436,815.044,
varying_F2_m25_C30_a30_41.txt,varying,25,30,2,30,41,378,345.488,
varying_F2_m25_C30_a30_42.txt,varying,25,30,2,30,42,406,379.762,
varying_F2_m25_C30_a30_43.txt,varying,25,30,2,30,43,372,465.013,
varying_F2_m25_C30_a30_44.txt,varying,25,30,2,30,44,406,282.674,
varying_F2_m25_C30_a30_45.txt,varying,25,30,2,30,45,362,146.328,
varying_F2_m25_C30_a30_46.txt,varying,25,30,2,30,46,312,769.665,
varying_F2_m25_C30_a30_47.txt,varying,25,30,2,30,47,416,218.488,
varying_F2_m25_C30_a30_48.txt,varying,25,30,2,30,48,350,241.592,
varying_F2_m25_C30_a30_49.txt,varying,25,30,2,30,49,378,889.802,
varying_F5_m25_C30_a3_0.txt,varying,25,30,5,3,0,112,238.239,
varying_F5_m25_C30_a3_1.txt,varying,25,30,5,3,1,116,266.868,
varying_F5_m25_C30_a3_2.txt,varying,25,30,5,3,2,82,274.594,
varying_F5_m25_C30_a3_3.txt,varying,25,30,5,3,3,64,237.617,
varying_F5_m25_C30_a3_4.txt,varying,25,30,5,3,4,52,3.706.30,
varying_F5_m25_C30_a3_5.txt,varying,25,30,5,3,5,94,162.224,
varying_F5_m25_C30_a3_6.txt,varying,25,30,5,3,6,156,238.519,
varying_F5_m25_C30_a3_7.txt,varying,25,30,5,3,7,52,5.142.76,
varying_F5_m25_C30_a3_8.txt,varying,25,30,5,3,8,66,2.282.64,
varying_F5_m25_C30_a3_9.txt,varying,25,30,5,3,9,38,235.286,
varying_F5_m25_C30_a3_10.txt,varying,25,30,5,3,10,162,205.001,
varying_F5_m25_C30_a3_11.txt,varying,25,30,5,3,11,60,226.349,
varying_F5_m25_C30_a3_12.txt,varying,25,30,5,3,12,74,582.23,
varying_F5_m25_C30_a3_13.txt,varying,25,30,5,3,13,172,405.894,
varying_F5_m25_C30_a3_14.txt,varying,25,30,5,3,14,58,1.152.56,
varying_F5_m25_C30_a3_15.txt,varying,25,30,5,3,15,52,513.535,
varying_F5_m25_C30_a3_16.txt,varying,25,30,5,3,16,74,189.963,
varying_F5_m25_C30_a3_17.txt,varying,25,30,5,3,17,150,320.819,
varying_F5_m25_C30_a3_18.txt,varying,25,30,5,3,18,48,4.478.43,
varying_F5_m25_C30_a3_19.txt,varying,25,30,5,3,19,182,134.409,
varying_F5_m25_C30_a3_20.txt,varying,25,30,5,3,20,32,136.945,
varying_F5_m25_C30_a3_21.txt,varying,25,30,5,3,21,166,97.8025,
varying_F5_m25_C30_a3_22.txt,varying,25,30,5,3,22,64,562.144,
varying_F5_m25_C30_a3_23.txt,varying,25,30,5,3,23,126,474.291,
varying_F5_m25_C30_a3_24.txt,varying,25,30,5,3,24,86,1.203.29,
varying_F5_m25_C30_a3_25.txt,varying,25,30,5,3,25,158,97.603,
varying_F5_m25_C30_a3_26.txt,varying,25,30,5,3,26,180,214.507,
varying_F5_m25_C30_a3_27.txt,varying,25,30,5,3,27,66,8.144.42,
varying_F5_m25_C30_a3_28.txt,varying,25,30,5,3,28,60,824.048,
varying_F5_m25_C30_a3_29.txt,varying,25,30,5,3,29,88,11.116.60,
varying_F5_m25_C30_a3_30.txt,varying,25,30,5,3,30,128,197.329,
varying_F5_m25_C30_a3_31.txt,varying,25,30,5,3,31,158,709.234,
varying_F5_m25_C30_a3_32.txt,varying,25,30,5,3,32,134,171.279,
varying_F5_m25_C30_a3_33.txt,varying,25,30,5,3,33,84,2.139.76,
varying_F5_m25_C30_a3_34.txt,varying,25,30,5,3,34,58,2.995.62,
varying_F5_m25_C30_a3_35.txt,varying,25,30,5,3,35,56,1.577.04,
varying_F5_m25_C30_a3_36.txt,varying,25,30,5,3,36,52,6.221.74,
varying_F5_m25_C30_a3_37.txt,varying,25,30,5,3,37,118,183.437,
varying_F5_m25_C30_a3_38.txt,varying,25,30,5,3,38,84,518.475,
varying_F5_m25_C30_a3_39.txt,varying,25,30,5,3,39,72,3.656.54,
varying_F5_m25_C30_a3_40.txt,varying,25,30,5,3,40,120,192.286,
varying_F5_m25_C30_a3_41.txt,varying,25,30,5,3,41,64,4.788.72,
varying_F5_m25_C30_a3_42.txt,varying,25,30,5,3,42,172,874.456,
varying_F5_m25_C30_a3_43.txt,varying,25,30,5,3,43,50,3.069.47,
varying_F5_m25_C30_a3_44.txt,varying,25,30,5,3,44,72,2.507.56,
varying_F5_m25_C30_a3_45.txt,varying,25,30,5,3,45,64,3.756.29,
varying_F5_m25_C30_a3_46.txt,varying,25,30,5,3,46,64,3.001.23,
varying_F5_m25_C30_a3_47.txt,varying,25,30,5,3,47,76,3.801.43,
varying_F5_m25_C30_a3_48.txt,varying,25,30,5,3,48,112,509.197,
varying_F5_m25_C30_a3_49.txt,varying,25,30,5,3,49,144,126.151,
varying_F5_m25_C30_a7_0.txt,varying,25,30,5,7,0,128,1.514.80,
varying_F5_m25_C30_a7_1.txt,varying,25,30,5,7,1,144,2.607.79,
varying_F5_m25_C30_a7_2.txt,varying,25,30,5,7,2,204,717.588,
varying_F5_m25_C30_a7_3.txt,varying,25,30,5,7,3,114,1.217.63,
varying_F5_m25_C30_a7_4.txt,varying,25,30,5,7,4,78,5.551.34,
varying_F5_m25_C30_a7_5.txt,varying,25,30,5,7,5,122,2.927.50,
varying_F5_m25_C30_a7_6.txt,varying,25,30,5,7,6,160,1.960.63,
varying_F5_m25_C30_a7_7.txt,varying,25,30,5,7,7,110,2.116.40,
varying_F5_m25_C30_a7_8.txt,varying,25,30,5,7,8,182,387.284,
varying_F5_m25_C30_a7_9.txt,varying,25,30,5,7,9,132,1.258.90,
varying_F5_m25_C30_a7_10.txt,varying,25,30,5,7,10,186,1.062.56,
varying_F5_m25_C30_a7_11.txt,varying,25,30,5,7,11,98,1.765,
varying_F5_m25_C30_a7_12.txt,varying,25,30,5,7,12,86,883.118,
varying_F5_m25_C30_a7_13.txt,varying,25,30,5,7,13,182,266.281,
varying_F5_m25_C30_a7_14.txt,varying,25,30,5,7,14,66,298.226,
varying_F5_m25_C30_a7_15.txt,varying,25,30,5,7,15,72,15.092,
varying_F5_m25_C30_a7_16.txt,varying,25,30,5,7,16,102,2.733.53,
varying_F5_m25_C30_a7_17.txt,varying,25,30,5,7,17,174,372.915,
varying_F5_m25_C30_a7_18.txt,varying,25,30,5,7,18,112,1.569.44,
varying_F5_m25_C30_a7_19.txt,varying,25,30,5,7,19,196,772.97,
varying_F5_m25_C30_a7_20.txt,varying,25,30,5,7,20,112,2.141.28,
varying_F5_m25_C30_a7_21.txt,varying,25,30,5,7,21,194,1.318.91,
varying_F5_m25_C30_a7_22.txt,varying,25,30,5,7,22,148,295.172,
varying_F5_m25_C30_a7_23.txt,varying,25,30,5,7,23,130,1.758.49,
varying_F5_m25_C30_a7_24.txt,varying,25,30,5,7,24,134,1.574.09,
varying_F5_m25_C30_a7_25.txt,varying,25,30,5,7,25,202,241.82,
varying_F5_m25_C30_a7_26.txt,varying,25,30,5,7,26,194,1.417.14,
varying_F5_m25_C30_a7_27.txt,varying,25,30,5,7,27,114,692.677,
varying_F5_m25_C30_a7_28.txt,varying,25,30,5,7,28,106,3.838.96,
varying_F5_m25_C30_a7_29.txt,varying,25,30,5,7,29,102,40.834.50,
varying_F5_m25_C30_a7_30.txt,varying,25,30,5,7,30,148,2.892.23,
varying_F5_m25_C30_a7_31.txt,varying,25,30,5,7,31,186,2.070.62,
varying_F5_m25_C30_a7_32.txt,varying,25,30,5,7,32,194,188.878,
varying_F5_m25_C30_a7_33.txt,varying,25,30,5,7,33,120,8.625.54,
varying_F5_m25_C30_a7_34.txt,varying,25,30,5,7,34,62,1.729.70,
varying_F5_m25_C30_a7_35.txt,varying,25,30,5,7,35,92,680.99,
varying_F5_m25_C30_a7_36.txt,varying,25,30,5,7,36,138,718.879,
varying_F5_m25_C30_a7_37.txt,varying,25,30,5,7,37,166,1.707.09,
varying_F5_m25_C30_a7_38.txt,varying,25,30,5,7,38,126,1.355.58,
varying_F5_m25_C30_a7_39.txt,varying,25,30,5,7,39,162,1.036.10,
varying_F5_m25_C30_a7_40.txt,varying,25,30,5,7,40,148,248.843,
varying_F5_m25_C30_a7_41.txt,varying,25,30,5,7,41,138,2.142.63,
varying_F5_m25_C30_a7_42.txt,varying,25,30,5,7,42,186,3.230.69,
varying_F5_m25_C30_a7_43.txt,varying,25,30,5,7,43,94,317.467,
varying_F5_m25_C30_a7_44.txt,varying,25,30,5,7,44,106,930.415,
varying_F5_m25_C30_a7_45.txt,varying,25,30,5,7,45,158,1.398.27,
varying_F5_m25_C30_a7_46.txt,varying,25,30,5,7,46,160,792.813,
varying_F5_m25_C30_a7_47.txt,varying,25,30,5,7,47,130,21.884.40,
varying_F5_m25_C30_a7_48.txt,varying,25,30,5,7,48,132,1.107.05,
varying_F5_m25_C30_a7_49.txt,varying,25,30,5,7,49,178,1.587.43,
varying_F5_m25_C30_a15_0.txt,varying,25,30,5,15,0,146,3.976.88,
varying_F5_m25_C30_a15_1.txt,varying,25,30,5,15,1,220,3.595.91,
varying_F5_m25_C30_a15_2.txt,varying,25,30,5,15,2,244,1.330.07,
varying_F5_m25_C30_a15_3.txt,varying,25,30,5,15,3,198,4.079.22,
varying_F5_m25_C30_a15_4.txt,varying,25,30,5,15,4,122,5.556.39,
varying_F5_m25_C30_a15_5.txt,varying,25,30,5,15,5,220,3.458.55,
varying_F5_m25_C30_a15_6.txt,varying,25,30,5,15,6,266,2.144.70,
varying_F5_m25_C30_a15_7.txt,varying,25,30,5,15,7,138,909.332,
varying_F5_m25_C30_a15_8.txt,varying,25,30,5,15,8,250,1.658.96,
varying_F5_m25_C30_a15_9.txt,varying,25,30,5,15,9,218,3.223.16,
varying_F5_m25_C30_a15_10.txt,varying,25,30,5,15,10,240,2.729.68,
varying_F5_m25_C30_a15_11.txt,varying,25,30,5,15,11,228,1.333.88,
varying_F5_m25_C30_a15_12.txt,varying,25,30,5,15,12,196,2.017.46,
varying_F5_m25_C30_a15_13.txt,varying,25,30,5,15,13,222,969.5,
varying_F5_m25_C30_a15_14.txt,varying,25,30,5,15,14,126,3.206.70,
varying_F5_m25_C30_a15_15.txt,varying,25,30,5,15,15,158,4.539.72,
varying_F5_m25_C30_a15_16.txt,varying,25,30,5,15,16,132,4.303.47,
varying_F5_m25_C30_a15_17.txt,varying,25,30,5,15,17,218,1.567.41,
varying_F5_m25_C30_a15_18.txt,varying,25,30,5,15,18,172,20.156.90,
varying_F5_m25_C30_a15_19.txt,varying,25,30,5,15,19,210,3.348.47,
varying_F5_m25_C30_a15_20.txt,varying,25,30,5,15,20,222,2.503.86,
varying_F5_m25_C30_a15_21.txt,varying,25,30,5,15,21,224,1.077.91,
varying_F5_m25_C30_a15_22.txt,varying,25,30,5,15,22,216,3.770.06,
varying_F5_m25_C30_a15_23.txt,varying,25,30,5,15,23,160,5.262.66,
varying_F5_m25_C30_a15_24.txt,varying,25,30,5,15,24,200,1.069.82,
varying_F5_m25_C30_a15_25.txt,varying,25,30,5,15,25,214,1.295.72,
varying_F5_m25_C30_a15_26.txt,varying,25,30,5,15,26,222,2.790.63,
varying_F5_m25_C30_a15_27.txt,varying,25,30,5,15,27,186,1.996.80,
varying_F5_m25_C30_a15_28.txt,varying,25,30,5,15,28,182,2.513.20,
varying_F5_m25_C30_a15_29.txt,varying,25,30,5,15,29,192,35.525.30,
varying_F5_m25_C30_a15_30.txt,varying,25,30,5,15,30,228,1.823.95,
varying_F5_m25_C30_a15_31.txt,varying,25,30,5,15,31,212,3.970.96,
varying_F5_m25_C30_a15_32.txt,varying,25,30,5,15,32,212,1.038.66,
varying_F5_m25_C30_a15_33.txt,varying,25,30,5,15,33,146,19.794.30,
varying_F5_m25_C30_a15_34.txt,varying,25,30,5,15,34,224,3.317.06,
varying_F5_m25_C30_a15_35.txt,varying,25,30,5,15,35,194,5.005.64,
varying_F5_m25_C30_a15_36.txt,varying,25,30,5,15,36,226,3.174.77,
varying_F5_m25_C30_a15_37.txt,varying,25,30,5,15,37,220,1.452.61,
varying_F5_m25_C30_a15_38.txt,varying,25,30,5,15,38,168,2.673.57,
varying_F5_m25_C30_a15_39.txt,varying,25,30,5,15,39,240,2.499.02,
varying_F5_m25_C30_a15_40.txt,varying,25,30,5,15,40,204,4.104.86,
varying_F5_m25_C30_a15_41.txt,varying,25,30,5,15,41,152,1.673.21,
varying_F5_m25_C30_a15_42.txt,varying,25,30,5,15,42,230,2.383.69,
varying_F5_m25_C30_a15_43.txt,varying,25,30,5,15,43,178,4.081.63,
varying_F5_m25_C30_a15_44.txt,varying,25,30,5,15,44,162,3.171.98,
varying_F5_m25_C30_a15_45.txt,varying,25,30,5,15,45,180,1.319.03,
varying_F5_m25_C30_a15_46.txt,varying,25,30,5,15,46,206,5.062.53,
varying_F5_m25_C30_a15_47.txt,varying,25,30,5,15,47,154,4.710.50,
varying_F5_m25_C30_a15_48.txt,varying,25,30,5,15,48,208,2.351.35,
varying_F5_m25_C30_a15_49.txt,varying,25,30,5,15,49,210,2.544.08,
varying_F5_m25_C30_a30_0.txt,varying,25,30,5,30,0,248,9.005.96,
varying_F5_m25_C30_a30_1.txt,varying,25,30,5,30,1,334,5.593.09,
varying_F5_m25_C30_a30_2.txt,varying,25,30,5,30,2,282,6.404.11,
varying_F5_m25_C30_a30_3.txt,varying,25,30,5,30,3,278,4.980.40,
varying_F5_m25_C30_a30_4.txt,varying,25,30,5,30,4,198,12.961,
varying_F5_m25_C30_a30_5.txt,varying,25,30,5,30,5,286,3.361.35,
varying_F5_m25_C30_a30_6.txt,varying,25,30,5,30,6,328,6.266.76,
varying_F5_m25_C30_a30_7.txt,varying,25,30,5,30,7,228,2.086.82,
varying_F5_m25_C30_a30_8.txt,varying,25,30,5,30,8,306,6.237.68,
varying_F5_m25_C30_a30_9.txt,varying,25,30,5,30,9,286,4.481.42,
varying_F5_m25_C30_a30_10.txt,varying,25,30,5,30,10,324,5.167.92,
varying_F5_m25_C30_a30_11.txt,varying,25,30,5,30,11,302,1.900.27,
varying_F5_m25_C30_a30_12.txt,varying,25,30,5,30,12,258,3.541.20,
varying_F5_m25_C30_a30_13.txt,varying,25,30,5,30,13,266,3.568.91,
varying_F5_m25_C30_a30_14.txt,varying,25,30,5,30,14,272,3.855.95,
varying_F5_m25_C30_a30_15.txt,varying,25,30,5,30,15,280,6.590.68,
varying_F5_m25_C30_a30_16.txt,varying,25,30,5,30,16,242,11.763.30,
varying_F5_m25_C30_a30_17.txt,varying,25,30,5,30,17,300,3.827.71,
varying_F5_m25_C30_a30_18.txt,varying,25,30,5,30,18,268,6.356.37,
varying_F5_m25_C30_a30_19.txt,varying,25,30,5,30,19,278,4.844.84,
varying_F5_m25_C30_a30_20.txt,varying,25,30,5,30,20,304,4.338.07,
varying_F5_m25_C30_a30_21.txt,varying,25,30,5,30,21,304,4.714.41,
varying_F5_m25_C30_a30_22.txt,varying,25,30,5,30,22,286,3.088.46,
varying_F5_m25_C30_a30_23.txt,varying,25,30,5,30,23,266,6.579.56,
varying_F5_m25_C30_a30_24.txt,varying,25,30,5,30,24,264,2.172.26,
varying_F5_m25_C30_a30_25.txt,varying,25,30,5,30,25,264,4.178.11,
varying_F5_m25_C30_a30_26.txt,varying,25,30,5,30,26,298,23.249.80,
varying_F5_m25_C30_a30_27.txt,varying,25,30,5,30,27,264,4.853.33,
varying_F5_m25_C30_a30_28.txt,varying,25,30,5,30,28,268,6.524.98,
varying_F5_m25_C30_a30_29.txt,varying,25,30,5,30,29,282,35.190.30,
varying_F5_m25_C30_a30_30.txt,varying,25,30,5,30,30,276,10.803.40,
varying_F5_m25_C30_a30_31.txt,varying,25,30,5,30,31,298,10.311.50,
varying_F5_m25_C30_a30_32.txt,varying,25,30,5,30,32,316,2.726.86,
varying_F5_m25_C30_a30_33.txt,varying,25,30,5,30,33,286,6.780.26,
varying_F5_m25_C30_a30_34.txt,varying,25,30,5,30,34,274,11.457.90,
varying_F5_m25_C30_a30_35.txt,varying,25,30,5,30,35,268,7.974.65,
varying_F5_m25_C30_a30_36.txt,varying,25,30,5,30,36,304,5.595.38,
varying_F5_m25_C30_a30_37.txt,varying,25,30,5,30,37,338,2.783.39,
varying_F5_m25_C30_a30_38.txt,varying,25,30,5,30,38,222,5.139.79,
varying_F5_m25_C30_a30_39.txt,varying,25,30,5,30,39,286,5.212.51,
varying_F5_m25_C30_a30_40.txt,varying,25,30,5,30,40,284,5.399.60,
varying_F5_m25_C30_a30_41.txt,varying,25,30,5,30,41,268,6.987.89,
varying_F5_m25_C30_a30_42.txt,varying,25,30,5,30,42,296,5.269.34,
varying_F5_m25_C30_a30_43.txt,varying,25,30,5,30,43,282,4.151.42,
varying_F5_m25_C30_a30_44.txt,varying,25,30,5,30,44,308,3.837.27,
varying_F5_m25_C30_a30_45.txt,varying,25,30,5,30,45,270,6.118.71,
varying_F5_m25_C30_a30_46.txt,varying,25,30,5,30,46,270,5.567.47,
varying_F5_m25_C30_a30_47.txt,varying,25,30,5,30,47,254,9.698.10,
varying_F5_m25_C30_a30_48.txt,varying,25,30,5,30,48,298,4.119.20,
varying_F5_m25_C30_a30_49.txt,varying,25,30,5,30,49,310,6.647.30,
varying_F10_m25_C30_a3_0.txt,varying,25,30,10,3,0,50,8.733.74,
varying_F10_m25_C30_a3_1.txt,varying,25,30,10,3,1,38,6.156.82,
varying_F10_m25_C30_a3_2.txt,varying,25,30,10,3,2,30,8.529.25,
varying_F10_m25_C30_a3_3.txt,varying,25,30,10,3,3,38,7.613.99,
varying_F10_m25_C30_a3_4.txt,varying,25,30,10,3,4,122,939.678,
varying_F10_m25_C30_a3_5.txt,varying,25,30,10,3,5,116,405.029,
varying_F10_m25_C30_a3_6.txt,varying,25,30,10,3,6,46,16.615.40,
varying_F10_m25_C30_a3_7.txt,varying,25,30,10,3,7,56,2.029.56,
varying_F10_m25_C30_a3_8.txt,varying,25,30,10,3,8,56,8.304.28,
varying_F10_m25_C30_a3_9.txt,varying,25,30,10,3,9,46,1.313.06,
varying_F10_m25_C30_a3_10.txt,varying,25,30,10,3,10,50,18.914.30,
varying_F10_m25_C30_a3_11.txt,varying,25,30,10,3,11,136,6.906.69,
varying_F10_m25_C30_a3_12.txt,varying,25,30,10,3,12,38,5.643.55,
varying_F10_m25_C30_a3_13.txt,varying,25,30,10,3,13,66,13.961.50,
varying_F10_m25_C30_a3_14.txt,varying,25,30,10,3,14,58,53.837.30,
varying_F10_m25_C30_a3_15.txt,varying,25,30,10,3,15,124,5.837.34,
varying_F10_m25_C30_a3_16.txt,varying,25,30,10,3,16,64,4.192.99,
varying_F10_m25_C30_a3_17.txt,varying,25,30,10,3,17,50,5.249.28,
varying_F10_m25_C30_a3_18.txt,varying,25,30,10,3,18,88,722.206,
varying_F10_m25_C30_a3_19.txt,varying,25,30,10,3,19,44,12.945.80,
varying_F10_m25_C30_a3_20.txt,varying,25,30,10,3,20,90,12.990.30,
varying_F10_m25_C30_a3_21.txt,varying,25,30,10,3,21,170,667.745,
varying_F10_m25_C30_a3_22.txt,varying,25,30,10,3,22,118,3.854.24,
varying_F10_m25_C30_a3_23.txt,varying,25,30,10,3,23,66,2.852.92,
varying_F10_m25_C30_a3_24.txt,varying,25,30,10,3,24,168,1.099.63,
varying_F10_m25_C30_a3_25.txt,varying,25,30,10,3,25,30,5.141.53,
varying_F10_m25_C30_a3_26.txt,varying,25,30,10,3,26,60,5.750.70,
varying_F10_m25_C30_a3_27.txt,varying,25,30,10,3,27,44,10.076.50,
varying_F10_m25_C30_a3_28.txt,varying,25,30,10,3,28,50,16.905.90,
varying_F10_m25_C30_a3_29.txt,varying,25,30,10,3,29,182,2.194.04,
varying_F10_m25_C30_a3_30.txt,varying,25,30,10,3,30,144,397.992,
varying_F10_m25_C30_a3_31.txt,varying,25,30,10,3,31,90,8.905.20,
varying_F10_m25_C30_a3_32.txt,varying,25,30,10,3,32,80,22.103.70,
varying_F10_m25_C30_a3_33.txt,varying,25,30,10,3,33,44,7.512.01,
varying_F10_m25_C30_a3_34.txt,varying,25,30,10,3,34,76,1.969.38,
varying_F10_m25_C30_a3_35.txt,varying,25,30,10,3,35,38,17.416.20,
varying_F10_m25_C30_a3_36.txt,varying,25,30,10,3,36,44,17.378.50,
varying_F10_m25_C30_a3_37.txt,varying,25,30,10,3,37,74,4.665.73,
varying_F10_m25_C30_a3_38.txt,varying,25,30,10,3,38,56,24.469.90,
varying_F10_m25_C30_a3_39.txt,varying,25,30,10,3,39,44,2.872.39,
varying_F10_m25_C30_a3_40.txt,varying,25,30,10,3,40,80,740.588,
varying_F10_m25_C30_a3_41.txt,varying,25,30,10,3,41,44,8.280.85,
varying_F10_m25_C30_a3_42.txt,varying,25,30,10,3,42,30,6.505.34,
varying_F10_m25_C30_a3_43.txt,varying,25,30,10,3,43,44,5.933.59,
varying_F10_m25_C30_a3_44.txt,varying,25,30,10,3,44,42,4.419.51,
varying_F10_m25_C30_a3_45.txt,varying,25,30,10,3,45,114,1.358.05,
varying_F10_m25_C30_a3_46.txt,varying,25,30,10,3,46,94,594.461,
varying_F10_m25_C30_a3_47.txt,varying,25,30,10,3,47,38,15.141.40,
varying_F10_m25_C30_a3_48.txt,varying,25,30,10,3,48,58,16.779.60,
varying_F10_m25_C30_a3_49.txt,varying,25,30,10,3,49,50,20.876,
varying_F10_m25_C30_a7_0.txt,varying,25,30,10,7,0,68,7.690.11,
varying_F10_m25_C30_a7_1.txt,varying,25,30,10,7,1,100,36.494.40,
varying_F10_m25_C30_a7_2.txt,varying,25,30,10,7,2,80,10.292.30,
varying_F10_m25_C30_a7_3.txt,varying,25,30,10,7,3,98,10.387,
varying_F10_m25_C30_a7_4.txt,varying,25,30,10,7,4,122,1.566.41,
varying_F10_m25_C30_a7_5.txt,varying,25,30,10,7,5,124,9.209.75,
varying_F10_m25_C30_a7_6.txt,varying,25,30,10,7,6,94,6.733.59,
varying_F10_m25_C30_a7_7.txt,varying,25,30,10,7,7,96,1.622.58,
varying_F10_m25_C30_a7_8.txt,varying,25,30,10,7,8,80,5.421.66,
varying_F10_m25_C30_a7_9.txt,varying,25,30,10,7,9,92,3.362.87,
varying_F10_m25_C30_a7_10.txt,varying,25,30,10,7,10,160,1.996.10,
varying_F10_m25_C30_a7_11.txt,varying,25,30,10,7,11,144,8.159.98,
varying_F10_m25_C30_a7_12.txt,varying,25,30,10,7,12,86,6.139.60,
varying_F10_m25_C30_a7_13.txt,varying,25,30,10,7,13,94,7.189.79,
varying_F10_m25_C30_a7_14.txt,varying,25,30,10,7,14,72,2.338.91,
varying_F10_m25_C30_a7_15.txt,varying,25,30,10,7,15,142,5.145.39,
varying_F10_m25_C30_a7_16.txt,varying,25,30,10,7,16,112,8.617.08,
varying_F10_m25_C30_a7_17.txt,varying,25,30,10,7,17,128,7.396.68,
varying_F10_m25_C30_a7_18.txt,varying,25,30,10,7,18,148,7.441.15,
varying_F10_m25_C30_a7_19.txt,varying,25,30,10,7,19,168,1.674.99,
varying_F10_m25_C30_a7_20.txt,varying,25,30,10,7,20,96,14.148.60,
varying_F10_m25_C30_a7_21.txt,varying,25,30,10,7,21,174,1.835.64,
varying_F10_m25_C30_a7_22.txt,varying,25,30,10,7,22,128,11.294.30,
varying_F10_m25_C30_a7_23.txt,varying,25,30,10,7,23,94,12.113.20,
varying_F10_m25_C30_a7_24.txt,varying,25,30,10,7,24,176,3.301.98,
varying_F10_m25_C30_a7_25.txt,varying,25,30,10,7,25,98,8.795.28,
varying_F10_m25_C30_a7_26.txt,varying,25,30,10,7,26,64,17.844.10,
varying_F10_m25_C30_a7_27.txt,varying,25,30,10,7,27,148,3.660.98,
varying_F10_m25_C30_a7_28.txt,varying,25,30,10,7,28,116,6.890.41,
varying_F10_m25_C30_a7_29.txt,varying,25,30,10,7,29,184,4.155.26,
varying_F10_m25_C30_a7_30.txt,varying,25,30,10,7,30,186,843.938,
varying_F10_m25_C30_a7_31.txt,varying,25,30,10,7,31,122,26.733.50,
varying_F10_m25_C30_a7_32.txt,varying,25,30,10,7,32,110,44.767.80,
varying_F10_m25_C30_a7_33.txt,varying,25,30,10,7,33,120,4.557.56,
varying_F10_m25_C30_a7_34.txt,varying,25,30,10,7,34,94,11.434,
varying_F10_m25_C30_a7_35.txt,varying,25,30,10,7,35,88,2.616.79,
varying_F10_m25_C30_a7_36.txt,varying,25,30,10,7,36,76,8.144.55,
varying_F10_m25_C30_a7_37.txt,varying,25,30,10,7,37,96,17.114.60,
varying_F10_m25_C30_a7_38.txt,varying,25,30,10,7,38,56,38.114.70,
varying_F10_m25_C30_a7_39.txt,varying,25,30,10,7,39,52,24.337.20,
varying_F10_m25_C30_a7_40.txt,varying,25,30,10,7,40,120,2.904.14,
varying_F10_m25_C30_a7_41.txt,varying,25,30,10,7,41,56,19.081.60,
varying_F10_m25_C30_a7_42.txt,varying,25,30,10,7,42,76,1.849.67,
varying_F10_m25_C30_a7_43.txt,varying,25,30,10,7,43,84,2.148.21,
varying_F10_m25_C30_a7_44.txt,varying,25,30,10,7,44,54,1.958.28,
varying_F10_m25_C30_a7_45.txt,varying,25,30,10,7,45,138,5.972.62,
varying_F10_m25_C30_a7_46.txt,varying,25,30,10,7,46,94,1.479,
varying_F10_m25_C30_a7_47.txt,varying,25,30,10,7,47,152,8.746.75,
varying_F10_m25_C30_a7_48.txt,varying,25,30,10,7,48,86,12.799,
varying_F10_m25_C30_a7_49.txt,varying,25,30,10,7,49,110,3.125.09,
varying_F10_m25_C30_a15_0.txt,varying,25,30,10,15,0,122,24.669.20,
varying_F10_m25_C30_a15_1.txt,varying,25,30,10,15,1,152,22.986,
varying_F10_m25_C30_a15_2.txt,varying,25,30,10,15,2,98,12.592.10,
varying_F10_m25_C30_a15_3.txt,varying,25,30,10,15,3,170,7.801.69,
varying_F10_m25_C30_a15_4.txt,varying,25,30,10,15,4,178,8.828.27,
varying_F10_m25_C30_a15_5.txt,varying,25,30,10,15,5,150,3.542.46,
varying_F10_m25_C30_a15_6.txt,varying,25,30,10,15,6,212,9.492.98,
varying_F10_m25_C30_a15_7.txt,varying,25,30,10,15,7,112,5.724.90,
varying_F10_m25_C30_a15_8.txt,varying,25,30,10,15,8,198,9.104.02,
varying_F10_m25_C30_a15_9.txt,varying,25,30,10,15,9,144,9.471.52,
varying_F10_m25_C30_a15_10.txt,varying,25,30,10,15,10,196,10.906.60,
varying_F10_m25_C30_a15_11.txt,varying,25,30,10,15,11,150,18.649.20,
varying_F10_m25_C30_a15_12.txt,varying,25,30,10,15,12,166,8.839.01,
varying_F10_m25_C30_a15_13.txt,varying,25,30,10,15,13,164,9.450.68,
varying_F10_m25_C30_a15_14.txt,varying,25,30,10,15,14,164,11.002.40,
varying_F10_m25_C30_a15_15.txt,varying,25,30,10,15,15,226,5.026.01,
varying_F10_m25_C30_a15_16.txt,varying,25,30,10,15,16,182,10.181.70,
varying_F10_m25_C30_a15_17.txt,varying,25,30,10,15,17,152,10.550.20,
varying_F10_m25_C30_a15_18.txt,varying,25,30,10,15,18,176,14.337.90,
varying_F10_m25_C30_a15_19.txt,varying,25,30,10,15,19,176,5.221.80,
varying_F10_m25_C30_a15_20.txt,varying,25,30,10,15,20,106,77.735.20,
varying_F10_m25_C30_a15_21.txt,varying,25,30,10,15,21,208,7.234.30,
varying_F10_m25_C30_a15_22.txt,varying,25,30,10,15,22,172,7.984.08,
varying_F10_m25_C30_a15_23.txt,varying,25,30,10,15,23,130,7.871.22,
varying_F10_m25_C30_a15_24.txt,varying,25,30,10,15,24,188,4.502.44,
varying_F10_m25_C30_a15_25.txt,varying,25,30,10,15,25,168,7.234.38,
varying_F10_m25_C30_a15_26.txt,varying,25,30,10,15,26,164,14.590.70,
varying_F10_m25_C30_a15_27.txt,varying,25,30,10,15,27,182,8.978.06,
varying_F10_m25_C30_a15_28.txt,varying,25,30,10,15,28,224,18.516.70,
varying_F10_m25_C30_a15_29.txt,varying,25,30,10,15,29,234,6.893.79,
varying_F10_m25_C30_a15_30.txt,varying,25,30,10,15,30,210,8.254.03,
varying_F10_m25_C30_a15_31.txt,varying,25,30,10,15,31,162,14.160,
varying_F10_m25_C30_a15_32.txt,varying,25,30,10,15,32,156,12.830.80,
varying_F10_m25_C30_a15_33.txt,varying,25,30,10,15,33,148,14.860.80,
varying_F10_m25_C30_a15_34.txt,varying,25,30,10,15,34,172,31.973,
varying_F10_m25_C30_a15_35.txt,varying,25,30,10,15,35,154,8.550.80,
varying_F10_m25_C30_a15_36.txt,varying,25,30,10,15,36,208,6.420.89,
varying_F10_m25_C30_a15_37.txt,varying,25,30,10,15,37,106,10.129.80,
varying_F10_m25_C30_a15_38.txt,varying,25,30,10,15,38,162,5.472.62,
varying_F10_m25_C30_a15_39.txt,varying,25,30,10,15,39,144,68.967.60,
varying_F10_m25_C30_a15_40.txt,varying,25,30,10,15,40,224,3.440.71,
varying_F10_m25_C30_a15_41.txt,varying,25,30,10,15,41,122,22.693.30,
varying_F10_m25_C30_a15_42.txt,varying,25,30,10,15,42,140,8.318.30,
varying_F10_m25_C30_a15_43.txt,varying,25,30,10,15,43,156,4.038.50,
varying_F10_m25_C30_a15_44.txt,varying,25,30,10,15,44,144,9.243.04,
varying_F10_m25_C30_a15_45.txt,varying,25,30,10,15,45,224,10.816.80,
varying_F10_m25_C30_a15_46.txt,varying,25,30,10,15,46,182,5.176.24,
varying_F10_m25_C30_a15_47.txt,varying,25,30,10,15,47,188,4.674.97,
varying_F10_m25_C30_a15_48.txt,varying,25,30,10,15,48,136,4.092.17,
varying_F10_m25_C30_a15_49.txt,varying,25,30,10,15,49,234,2.392.33,
varying_F10_m25_C30_a30_0.txt,varying,25,30,10,30,0,288,8.820.39,
varying_F10_m25_C30_a30_1.txt,varying,25,30,10,30,1,246,20.043.90,
varying_F10_m25_C30_a30_2.txt,varying,25,30,10,30,2,304,12.117.10,
varying_F10_m25_C30_a30_3.txt,varying,25,30,10,30,3,240,14.186.50,
varying_F10_m25_C30_a30_4.txt,varying,25,30,10,30,4,268,16.315.50,
varying_F10_m25_C30_a30_5.txt,varying,25,30,10,30,5,260,23.758.60,
varying_F10_m25_C30_a30_6.txt,varying,25,30,10,30,6,236,16.719.30,
varying_F10_m25_C30_a30_7.txt,varying,25,30,10,30,7,250,11.854,
varying_F10_m25_C30_a30_8.txt,varying,25,30,10,30,8,286,12.210.40,
varying_F10_m25_C30_a30_9.txt,varying,25,30,10,30,9,254,10.384,
varying_F10_m25_C30_a30_10.txt,varying,25,30,10,30,10,268,7.844.76,
varying_F10_m25_C30_a30_11.txt,varying,25,30,10,30,11,250,11.131.50,
varying_F10_m25_C30_a30_12.txt,varying,25,30,10,30,12,266,11.246.40,
varying_F10_m25_C30_a30_13.txt,varying,25,30,10,30,13,216,278.934,
varying_F10_m25_C30_a30_14.txt,varying,25,30,10,30,14,248,22.751.20,
varying_F10_m25_C30_a30_15.txt,varying,25,30,10,30,15,324,11.741.20,
varying_F10_m25_C30_a30_16.txt,varying,25,30,10,30,16,240,12.904.60,
varying_F10_m25_C30_a30_17.txt,varying,25,30,10,30,17,272,141.870,
varying_F10_m25_C30_a30_18.txt,varying,25,30,10,30,18,254,15.417.40,
varying_F10_m25_C30_a30_19.txt,varying,25,30,10,30,19,284,8.541.70,
varying_F10_m25_C30_a30_20.txt,varying,25,30,10,30,20,206,6.630.14,
varying_F10_m25_C30_a30_21.txt,varying,25,30,10,30,21,278,12.527,
varying_F10_m25_C30_a30_22.txt,varying,25,30,10,30,22,250,13.121.30,
varying_F10_m25_C30_a30_23.txt,varying,25,30,10,30,23,242,7.920.69,
varying_F10_m25_C30_a30_24.txt,varying,25,30,10,30,24,318,27.364.30,
varying_F10_m25_C30_a30_25.txt,varying,25,30,10,30,25,220,12.079.30,
varying_F10_m25_C30_a30_26.txt,varying,25,30,10,30,26,306,20.939.60,
varying_F10_m25_C30_a30_27.txt,varying,25,30,10,30,27,276,9.977.11,
varying_F10_m25_C30_a30_28.txt,varying,25,30,10,30,28,262,50.154.70,
varying_F10_m25_C30_a30_29.txt,varying,25,30,10,30,29,264,14.120.10,
varying_F10_m25_C30_a30_30.txt,varying,25,30,10,30,30,280,15.508.40,
varying_F10_m25_C30_a30_31.txt,varying,25,30,10,30,31,232,139.441,
varying_F10_m25_C30_a30_32.txt,varying,25,30,10,30,32,250,14.783.30,
varying_F10_m25_C30_a30_33.txt,varying,25,30,10,30,33,242,19.311.60,
varying_F10_m25_C30_a30_34.txt,varying,25,30,10,30,34,252,55.365.10,
varying_F10_m25_C30_a30_35.txt,varying,25,30,10,30,35,336,8.274.09,
varying_F10_m25_C30_a30_36.txt,varying,25,30,10,30,36,256,11.356.60,
varying_F10_m25_C30_a30_37.txt,varying,25,30,10,30,37,312,13.566,
varying_F10_m25_C30_a30_38.txt,varying,25,30,10,30,38,280,15.390.40,
varying_F10_m25_C30_a30_39.txt,varying,25,30,10,30,39,306,9.823.75,
varying_F10_m25_C30_a30_40.txt,varying,25,30,10,30,40,278,11.771,
varying_F10_m25_C30_a30_41.txt,varying,25,30,10,30,41,224,8.086.56,
varying_F10_m25_C30_a30_42.txt,varying,25,30,10,30,42,200,6.248.88,
varying_F10_m25_C30_a30_43.txt,varying,25,30,10,30,43,256,8.236.47,
varying_F10_m25_C30_a30_44.txt,varying,25,30,10,30,44,254,15.088.40,
varying_F10_m25_C30_a30_45.txt,varying,25,30,10,30,45,242,8.548.41,
varying_F10_m25_C30_a30_46.txt,varying,25,30,10,30,46,228,11.986.20,
varying_F10_m25_C30_a30_47.txt,varying,25,30,10,30,47,290,7.955.61,
varying_F10_m25_C30_a30_48.txt,varying,25,30,10,30,48,266,26.222.30,
varying_F10_m25_C30_a30_49.txt,varying,25,30,10,30,49,308,5.838.44,
varying_F2_m25_C60_a3_0.txt,varying,25,60,2,3,0,186,49.4442,
varying_F2_m25_C60_a3_1.txt,varying,25,60,2,3,1,120,77.7294,
varying_F2_m25_C60_a3_2.txt,varying,25,60,2,3,2,208,69.034,
varying_F2_m25_C60_a3_3.txt,varying,25,60,2,3,3,162,55.6414,
varying_F2_m25_C60_a3_4.txt,varying,25,60,2,3,4,160,72.5828,
varying_F2_m25_C60_a3_5.txt,varying,25,60,2,3,5,182,10.7797,
varying_F2_m25_C60_a3_6.txt,varying,25,60,2,3,6,198,52.5961,
varying_F2_m25_C60_a3_7.txt,varying,25,60,2,3,7,220,54.7632,
varying_F2_m25_C60_a3_8.txt,varying,25,60,2,3,8,226,29.4463,
varying_F2_m25_C60_a3_9.txt,varying,25,60,2,3,9,236,33.684,
varying_F2_m25_C60_a3_10.txt,varying,25,60,2,3,10,176,50.8802,
varying_F2_m25_C60_a3_11.txt,varying,25,60,2,3,11,174,50.4406,
varying_F2_m25_C60_a3_12.txt,varying,25,60,2,3,12,142,86.5819,
varying_F2_m25_C60_a3_13.txt,varying,25,60,2,3,13,234,57.2445,
varying_F2_m25_C60_a3_14.txt,varying,25,60,2,3,14,256,44.3007,
varying_F2_m25_C60_a3_15.txt,varying,25,60,2,3,15,222,344.377,
varying_F2_m25_C60_a3_16.txt,varying,25,60,2,3,16,242,37.3356,
varying_F2_m25_C60_a3_17.txt,varying,25,60,2,3,17,172,56.1567,
varying_F2_m25_C60_a3_18.txt,varying,25,60,2,3,18,130,90.1523,
varying_F2_m25_C60_a3_19.txt,varying,25,60,2,3,19,150,52.5384,
varying_F2_m25_C60_a3_20.txt,varying,25,60,2,3,20,144,58.9953,
varying_F2_m25_C60_a3_21.txt,varying,25,60,2,3,21,250,37.6253,
varying_F2_m25_C60_a3_22.txt,varying,25,60,2,3,22,184,31.128,
varying_F2_m25_C60_a3_23.txt,varying,25,60,2,3,23,264,64.4149,
varying_F2_m25_C60_a3_24.txt,varying,25,60,2,3,24,158,124.538,
varying_F2_m25_C60_a3_25.txt,varying,25,60,2,3,25,242,8.3186,
varying_F2_m25_C60_a3_26.txt,varying,25,60,2,3,26,180,36.4491,
varying_F2_m25_C60_a3_27.txt,varying,25,60,2,3,27,144,13.4582,
varying_F2_m25_C60_a3_28.txt,varying,25,60,2,3,28,246,53.8659,
varying_F2_m25_C60_a3_29.txt,varying,25,60,2,3,29,228,43.4618,
varying_F2_m25_C60_a3_30.txt,varying,25,60,2,3,30,232,34.2837,
varying_F2_m25_C60_a3_31.txt,varying,25,60,2,3,31,194,47.0067,
varying_F2_m25_C60_a3_32.txt,varying,25,60,2,3,32,198,345.277,
varying_F2_m25_C60_a3_33.txt,varying,25,60,2,3,33,158,88.0585,
varying_F2_m25_C60_a3_34.txt,varying,25,60,2,3,34,228,73.6896,
varying_F2_m25_C60_a3_35.txt,varying,25,60,2,3,35,226,96.5204,
varying_F2_m25_C60_a3_36.txt,varying,25,60,2,3,36,206,7.8163,
varying_F2_m25_C60_a3_37.txt,varying,25,60,2,3,37,222,37.9482,
varying_F2_m25_C60_a3_38.txt,varying,25,60,2,3,38,110,85.8759,
varying_F2_m25_C60_a3_39.txt,varying,25,60,2,3,39,252,5.6965,
varying_F2_m25_C60_a3_40.txt,varying,25,60,2,3,40,162,31.7336,
varying_F2_m25_C60_a3_41.txt,varying,25,60,2,3,41,162,8.4185,
varying_F2_m25_C60_a3_42.txt,varying,25,60,2,3,42,262,15.0692,
varying_F2_m25_C60_a3_43.txt,varying,25,60,2,3,43,142,29.053,
varying_F2_m25_C60_a3_44.txt,varying,25,60,2,3,44,240,21.648,
varying_F2_m25_C60_a3_45.txt,varying,25,60,2,3,45,140,115.016,
varying_F2_m25_C60_a3_46.txt,varying,25,60,2,3,46,216,153.33,
varying_F2_m25_C60_a3_47.txt,varying,25,60,2,3,47,196,17.6199,
varying_F2_m25_C60_a3_48.txt,varying,25,60,2,3,48,124,12.4593,
varying_F2_m25_C60_a3_49.txt,varying,25,60,2,3,49,218,118.426,
varying_F2_m25_C60_a7_0.txt,varying,25,60,2,7,0,340,86.1189,
varying_F2_m25_C60_a7_1.txt,varying,25,60,2,7,1,238,255.142,
varying_F2_m25_C60_a7_2.txt,varying,25,60,2,7,2,296,239.411,
varying_F2_m25_C60_a7_3.txt,varying,25,60,2,7,3,252,128.115,
varying_F2_m25_C60_a7_4.txt,varying,25,60,2,7,4,352,150.264,
varying_F2_m25_C60_a7_5.txt,varying,25,60,2,7,5,232,73.718,
varying_F2_m25_C60_a7_6.txt,varying,25,60,2,7,6,320,79.2626,
varying_F2_m25_C60_a7_7.txt,varying,25,60,2,7,7,262,103.876,
varying_F2_m25_C60_a7_8.txt,varying,25,60,2,7,8,296,65.6922,
varying_F2_m25_C60_a7_9.txt,varying,25,60,2,7,9,252,47.318,
varying_F2_m25_C60_a7_10.txt,varying,25,60,2,7,10,252,98.975,
varying_F2_m25_C60_a7_11.txt,varying,25,60,2,7,11,294,47.5614,
varying_F2_m25_C60_a7_12.txt,varying,25,60,2,7,12,208,60.3202,
varying_F2_m25_C60_a7_13.txt,varying,25,60,2,7,13,282,59.3128,
varying_F2_m25_C60_a7_14.txt,varying,25,60,2,7,14,308,93.3241,
varying_F2_m25_C60_a7_15.txt,varying,25,60,2,7,15,294,102.399,
varying_F2_m25_C60_a7_16.txt,varying,25,60,2,7,16,322,95.4314,
varying_F2_m25_C60_a7_17.txt,varying,25,60,2,7,17,254,73.7652,
varying_F2_m25_C60_a7_18.txt,varying,25,60,2,7,18,324,54.4036,
varying_F2_m25_C60_a7_19.txt,varying,25,60,2,7,19,240,116.329,
varying_F2_m25_C60_a7_20.txt,varying,25,60,2,7,20,300,74.5021,
varying_F2_m25_C60_a7_21.txt,varying,25,60,2,7,21,312,91.546,
varying_F2_m25_C60_a7_22.txt,varying,25,60,2,7,22,368,120.028,
varying_F2_m25_C60_a7_23.txt,varying,25,60,2,7,23,302,97.5217,
varying_F2_m25_C60_a7_24.txt,varying,25,60,2,7,24,236,170.683,
varying_F2_m25_C60_a7_25.txt,varying,25,60,2,7,25,302,52.8408,
varying_F2_m25_C60_a7_26.txt,varying,25,60,2,7,26,262,97.4146,
varying_F2_m25_C60_a7_27.txt,varying,25,60,2,7,27,244,97.4399,
varying_F2_m25_C60_a7_28.txt,varying,25,60,2,7,28,330,451.036,
varying_F2_m25_C60_a7_29.txt,varying,25,60,2,7,29,272,235.723,
varying_F2_m25_C60_a7_30.txt,varying,25,60,2,7,30,284,67.0822,
varying_F2_m25_C60_a7_31.txt,varying,25,60,2,7,31,256,166.763,
varying_F2_m25_C60_a7_32.txt,varying,25,60,2,7,32,222,107.075,
varying_F2_m25_C60_a7_33.txt,varying,25,60,2,7,33,188,163.687,
varying_F2_m25_C60_a7_34.txt,varying,25,60,2,7,34,290,48.1834,
varying_F2_m25_C60_a7_35.txt,varying,25,60,2,7,35,332,97.2599,
varying_F2_m25_C60_a7_36.txt,varying,25,60,2,7,36,272,44.1088,
varying_F2_m25_C60_a7_37.txt,varying,25,60,2,7,37,272,97.5658,
varying_F2_m25_C60_a7_38.txt,varying,25,60,2,7,38,222,107.283,
varying_F2_m25_C60_a7_39.txt,varying,25,60,2,7,39,298,53.437,
varying_F2_m25_C60_a7_40.txt,varying,25,60,2,7,40,236,192.245,
varying_F2_m25_C60_a7_41.txt,varying,25,60,2,7,41,226,246.315,
varying_F2_m25_C60_a7_42.txt,varying,25,60,2,7,42,314,64.1091,
varying_F2_m25_C60_a7_43.txt,varying,25,60,2,7,43,276,98.3362,
varying_F2_m25_C60_a7_44.txt,varying,25,60,2,7,44,256,55.2016,
varying_F2_m25_C60_a7_45.txt,varying,25,60,2,7,45,300,103.834,
varying_F2_m25_C60_a7_46.txt,varying,25,60,2,7,46,280,241.381,
varying_F2_m25_C60_a7_47.txt,varying,25,60,2,7,47,292,90.8755,
varying_F2_m25_C60_a7_48.txt,varying,25,60,2,7,48,254,35.9338,
varying_F2_m25_C60_a7_49.txt,varying,25,60,2,7,49,232,392.507,
varying_F2_m25_C60_a15_0.txt,varying,25,60,2,15,0,452,151.171,
varying_F2_m25_C60_a15_1.txt,varying,25,60,2,15,1,338,235.422,
varying_F2_m25_C60_a15_2.txt,varying,25,60,2,15,2,392,372.381,
varying_F2_m25_C60_a15_3.txt,varying,25,60,2,15,3,358,150.922,
varying_F2_m25_C60_a15_4.txt,varying,25,60,2,15,4,426,174.571,
varying_F2_m25_C60_a15_5.txt,varying,25,60,2,15,5,356,244.051,
varying_F2_m25_C60_a15_6.txt,varying,25,60,2,15,6,464,360.071,
varying_F2_m25_C60_a15_7.txt,varying,25,60,2,15,7,484,274.811,
varying_F2_m25_C60_a15_8.txt,varying,25,60,2,15,8,428,167.732,
varying_F2_m25_C60_a15_9.txt,varying,25,60,2,15,9,382,134.766,
varying_F2_m25_C60_a15_10.txt,varying,25,60,2,15,10,368,427.095,
varying_F2_m25_C60_a15_11.txt,varying,25,60,2,15,11,482,166.949,
varying_F2_m25_C60_a15_12.txt,varying,25,60,2,15,12,334,162.608,
varying_F2_m25_C60_a15_13.txt,varying,25,60,2,15,13,372,146.383,
varying_F2_m25_C60_a15_14.txt,varying,25,60,2,15,14,424,334.969,
varying_F2_m25_C60_a15_15.txt,varying,25,60,2,15,15,360,312.797,
varying_F2_m25_C60_a15_16.txt,varying,25,60,2,15,16,462,164.502,
varying_F2_m25_C60_a15_17.txt,varying,25,60,2,15,17,390,203.189,
varying_F2_m25_C60_a15_18.txt,varying,25,60,2,15,18,426,182.802,
varying_F2_m25_C60_a15_19.txt,varying,25,60,2,15,19,380,127.351,
varying_F2_m25_C60_a15_20.txt,varying,25,60,2,15,20,386,156.893,
varying_F2_m25_C60_a15_21.txt,varying,25,60,2,15,21,446,697.201,
varying_F2_m25_C60_a15_22.txt,varying,25,60,2,15,22,474,148.853,
varying_F2_m25_C60_a15_23.txt,varying,25,60,2,15,23,412,123.808,
varying_F2_m25_C60_a15_24.txt,varying,25,60,2,15,24,392,169.747,
varying_F2_m25_C60_a15_25.txt,varying,25,60,2,15,25,440,159.027,
varying_F2_m25_C60_a15_26.txt,varying,25,60,2,15,26,456,136.636,
varying_F2_m25_C60_a15_27.txt,varying,25,60,2,15,27,356,229.427,
varying_F2_m25_C60_a15_28.txt,varying,25,60,2,15,28,428,278.378,
varying_F2_m25_C60_a15_29.txt,varying,25,60,2,15,29,368,810.083,
varying_F2_m25_C60_a15_30.txt,varying,25,60,2,15,30,390,571.554,
varying_F2_m25_C60_a15_31.txt,varying,25,60,2,15,31,400,405.282,
varying_F2_m25_C60_a15_32.txt,varying,25,60,2,15,32,414,565.397,
varying_F2_m25_C60_a15_33.txt,varying,25,60,2,15,33,322,221.325,
varying_F2_m25_C60_a15_34.txt,varying,25,60,2,15,34,388,145.687,
varying_F2_m25_C60_a15_35.txt,varying,25,60,2,15,35,486,312.958,
varying_F2_m25_C60_a15_36.txt,varying,25,60,2,15,36,380,370.133,
varying_F2_m25_C60_a15_37.txt,varying,25,60,2,15,37,372,258.27,
varying_F2_m25_C60_a15_38.txt,varying,25,60,2,15,38,334,216.391,
varying_F2_m25_C60_a15_39.txt,varying,25,60,2,15,39,412,243.962,
varying_F2_m25_C60_a15_40.txt,varying,25,60,2,15,40,388,648.147,
varying_F2_m25_C60_a15_41.txt,varying,25,60,2,15,41,360,217.917,
varying_F2_m25_C60_a15_42.txt,varying,25,60,2,15,42,454,182.586,
varying_F2_m25_C60_a15_43.txt,varying,25,60,2,15,43,426,801.537,
varying_F2_m25_C60_a15_44.txt,varying,25,60,2,15,44,320,126.089,
varying_F2_m25_C60_a15_45.txt,varying,25,60,2,15,45,350,280.985,
varying_F2_m25_C60_a15_46.txt,varying,25,60,2,15,46,418,806.138,
varying_F2_m25_C60_a15_47.txt,varying,25,60,2,15,47,420,161.351,
varying_F2_m25_C60_a15_48.txt,varying,25,60,2,15,48,376,150.664,
varying_F2_m25_C60_a15_49.txt,varying,25,60,2,15,49,372,186.445,
varying_F2_m25_C60_a30_0.txt,varying,25,60,2,30,0,574,379.961,
varying_F2_m25_C60_a30_1.txt,varying,25,60,2,30,1,502,624.376,
varying_F2_m25_C60_a30_2.txt,varying,25,60,2,30,2,564,795.239,
varying_F2_m25_C60_a30_3.txt,varying,25,60,2,30,3,542,331.412,
varying_F2_m25_C60_a30_4.txt,varying,25,60,2,30,4,588,349.347,
varying_F2_m25_C60_a30_5.txt,varying,25,60,2,30,5,624,448.28,
varying_F2_m25_C60_a30_6.txt,varying,25,60,2,30,6,602,748.806,
varying_F2_m25_C60_a30_7.txt,varying,25,60,2,30,7,662,315.008,
varying_F2_m25_C60_a30_8.txt,varying,25,60,2,30,8,642,1.079.74,
varying_F2_m25_C60_a30_9.txt,varying,25,60,2,30,9,562,588.008,
varying_F2_m25_C60_a30_10.txt,varying,25,60,2,30,10,502,421.495,
varying_F2_m25_C60_a30_11.txt,varying,25,60,2,30,11,672,457.625,
varying_F2_m25_C60_a30_12.txt,varying,25,60,2,30,12,526,1.050.31,
varying_F2_m25_C60_a30_13.txt,varying,25,60,2,30,13,598,208.323,
varying_F2_m25_C60_a30_14.txt,varying,25,60,2,30,14,600,648.648,
varying_F2_m25_C60_a30_15.txt,varying,25,60,2,30,15,460,386.452,
varying_F2_m25_C60_a30_16.txt,varying,25,60,2,30,16,646,191.149,
varying_F2_m25_C60_a30_17.txt,varying,25,60,2,30,17,568,321.577,
varying_F2_m25_C60_a30_18.txt,varying,25,60,2,30,18,620,171.518,
varying_F2_m25_C60_a30_19.txt,varying,25,60,2,30,19,580,323.08,
varying_F2_m25_C60_a30_20.txt,varying,25,60,2,30,20,644,179.797,
varying_F2_m25_C60_a30_21.txt,varying,25,60,2,30,21,622,1.236.02,
varying_F2_m25_C60_a30_22.txt,varying,25,60,2,30,22,618,1.288.41,
varying_F2_m25_C60_a30_23.txt,varying,25,60,2,30,23,588,664.736,
varying_F2_m25_C60_a30_24.txt,varying,25,60,2,30,24,538,520.919,
varying_F2_m25_C60_a30_25.txt,varying,25,60,2,30,25,628,408.226,
varying_F2_m25_C60_a30_26.txt,varying,25,60,2,30,26,582,303.639,
varying_F2_m25_C60_a30_27.txt,varying,25,60,2,30,27,580,523.567,
varying_F2_m25_C60_a30_28.txt,varying,25,60,2,30,28,602,708.432,
varying_F2_m25_C60_a30_29.txt,varying,25,60,2,30,29,554,849.593,
varying_F2_m25_C60_a30_30.txt,varying,25,60,2,30,30,592,724.52,
varying_F2_m25_C60_a30_31.txt,varying,25,60,2,30,31,568,1.546.92,
varying_F2_m25_C60_a30_32.txt,varying,25,60,2,30,32,592,679.779,
varying_F2_m25_C60_a30_33.txt,varying,25,60,2,30,33,544,1.616.37,
varying_F2_m25_C60_a30_34.txt,varying,25,60,2,30,34,524,271.657,
varying_F2_m25_C60_a30_35.txt,varying,25,60,2,30,35,620,487.346,
varying_F2_m25_C60_a30_36.txt,varying,25,60,2,30,36,548,285.413,
varying_F2_m25_C60_a30_37.txt,varying,25,60,2,30,37,602,1.204.05,
varying_F2_m25_C60_a30_38.txt,varying,25,60,2,30,38,504,544.118,
varying_F2_m25_C60_a30_39.txt,varying,25,60,2,30,39,598,312.145,
varying_F2_m25_C60_a30_40.txt,varying,25,60,2,30,40,544,3.063.33,
varying_F2_m25_C60_a30_41.txt,varying,25,60,2,30,41,590,974.646,
varying_F2_m25_C60_a30_42.txt,varying,25,60,2,30,42,692,206.658,
varying_F2_m25_C60_a30_43.txt,varying,25,60,2,30,43,580,397.568,
varying_F2_m25_C60_a30_44.txt,varying,25,60,2,30,44,552,242.609,
varying_F2_m25_C60_a30_45.txt,varying,25,60,2,30,45,552,524.252,
varying_F2_m25_C60_a30_46.txt,varying,25,60,2,30,46,568,488.171,
varying_F2_m25_C60_a30_47.txt,varying,25,60,2,30,47,592,323.077,
varying_F2_m25_C60_a30_48.txt,varying,25,60,2,30,48,542,673.802,
varying_F2_m25_C60_a30_49.txt,varying,25,60,2,30,49,616,2.907.41,
varying_F5_m25_C60_a3_0.txt,varying,25,60,5,3,0,176,132.106,
varying_F5_m25_C60_a3_1.txt,varying,25,60,5,3,1,98,3.563.47,
varying_F5_m25_C60_a3_2.txt,varying,25,60,5,3,2,84,349.37,
varying_F5_m25_C60_a3_3.txt,varying,25,60,5,3,3,108,638.269,
varying_F5_m25_C60_a3_4.txt,varying,25,60,5,3,4,222,221.623,
varying_F5_m25_C60_a3_5.txt,varying,25,60,5,3,5,154,168.648,
varying_F5_m25_C60_a3_6.txt,varying,25,60,5,3,6,186,168.542,
varying_F5_m25_C60_a3_7.txt,varying,25,60,5,3,7,92,4.662.10,
varying_F5_m25_C60_a3_8.txt,varying,25,60,5,3,8,230,236.413,
varying_F5_m25_C60_a3_9.txt,varying,25,60,5,3,9,170,247.117,
varying_F5_m25_C60_a3_10.txt,varying,25,60,5,3,10,92,6.000.14,
varying_F5_m25_C60_a3_11.txt,varying,25,60,5,3,11,130,3.594.73,
varying_F5_m25_C60_a3_12.txt,varying,25,60,5,3,12,166,1.128.59,
varying_F5_m25_C60_a3_13.txt,varying,25,60,5,3,13,92,187.303,
varying_F5_m25_C60_a3_14.txt,varying,25,60,5,3,14,164,1.362.86,
varying_F5_m25_C60_a3_15.txt,varying,25,60,5,3,15,122,4.638.17,
varying_F5_m25_C60_a3_16.txt,varying,25,60,5,3,16,130,5.800.24,
varying_F5_m25_C60_a3_17.txt,varying,25,60,5,3,17,100,161.08,
varying_F5_m25_C60_a3_18.txt,varying,25,60,5,3,18,214,119.401,
varying_F5_m25_C60_a3_19.txt,varying,25,60,5,3,19,172,128.214,
varying_F5_m25_C60_a3_20.txt,varying,25,60,5,3,20,94,3.350.51,
varying_F5_m25_C60_a3_21.txt,varying,25,60,5,3,21,166,411.308,
varying_F5_m25_C60_a3_22.txt,varying,25,60,5,3,22,164,261.187,
varying_F5_m25_C60_a3_23.txt,varying,25,60,5,3,23,210,246.649,
varying_F5_m25_C60_a3_24.txt,varying,25,60,5,3,24,108,6.520.60,
varying_F5_m25_C60_a3_25.txt,varying,25,60,5,3,25,154,258.53,
varying_F5_m25_C60_a3_26.txt,varying,25,60,5,3,26,134,838.508,
varying_F5_m25_C60_a3_27.txt,varying,25,60,5,3,27,104,3.040.76,
varying_F5_m25_C60_a3_28.txt,varying,25,60,5,3,28,226,118.184,
varying_F5_m25_C60_a3_29.txt,varying,25,60,5,3,29,100,2.065.32,
varying_F5_m25_C60_a3_30.txt,varying,25,60,5,3,30,184,88.2606,
varying_F5_m25_C60_a3_31.txt,varying,25,60,5,3,31,238,109.716,
varying_F5_m25_C60_a3_32.txt,varying,25,60,5,3,32,160,4.361.19,
varying_F5_m25_C60_a3_33.txt,varying,25,60,5,3,33,90,4.170.29,
varying_F5_m25_C60_a3_34.txt,varying,25,60,5,3,34,146,163.357,
varying_F5_m25_C60_a3_35.txt,varying,25,60,5,3,35,122,677.672,
varying_F5_m25_C60_a3_36.txt,varying,25,60,5,3,36,78,3.200.76,
varying_F5_m25_C60_a3_37.txt,varying,25,60,5,3,37,82,243.732,
varying_F5_m25_C60_a3_38.txt,varying,25,60,5,3,38,116,331.354,
varying_F5_m25_C60_a3_39.txt,varying,25,60,5,3,39,136,2.323.43,
varying_F5_m25_C60_a3_40.txt,varying,25,60,5,3,40,74,5.025.94,
varying_F5_m25_C60_a3_41.txt,varying,25,60,5,3,41,94,3.375.25,
varying_F5_m25_C60_a3_42.txt,varying,25,60,5,3,42,246,141.643,
varying_F5_m25_C60_a3_43.txt,varying,25,60,5,3,43,86,2.275.20,
varying_F5_m25_C60_a3_44.txt,varying,25,60,5,3,44,38,811.967,
varying_F5_m25_C60_a3_45.txt,varying,25,60,5,3,45,128,481.768,
varying_F5_m25_C60_a3_46.txt,varying,25,60,5,3,46,122,3.774.51,
varying_F5_m25_C60_a3_47.txt,varying,25,60,5,3,47,98,4.296.11,
varying_F5_m25_C60_a3_48.txt,varying,25,60,5,3,48,122,2.241.78,
varying_F5_m25_C60_a3_49.txt,varying,25,60,5,3,49,80,4.880.04,
varying_F5_m25_C60_a7_0.txt,varying,25,60,5,7,0,192,1.130.14,
varying_F5_m25_C60_a7_1.txt,varying,25,60,5,7,1,154,73.417.60,
varying_F5_m25_C60_a7_2.txt,varying,25,60,5,7,2,238,2.344.13,
varying_F5_m25_C60_a7_3.txt,varying,25,60,5,7,3,150,4.919.72,
varying_F5_m25_C60_a7_4.txt,varying,25,60,5,7,4,260,639.78,
varying_F5_m25_C60_a7_5.txt,varying,25,60,5,7,5,188,3.522.38,
varying_F5_m25_C60_a7_6.txt,varying,25,60,5,7,6,290,559.138,
varying_F5_m25_C60_a7_7.txt,varying,25,60,5,7,7,230,1.660.37,
varying_F5_m25_C60_a7_8.txt,varying,25,60,5,7,8,274,1.083.22,
varying_F5_m25_C60_a7_9.txt,varying,25,60,5,7,9,196,1.763.36,
varying_F5_m25_C60_a7_10.txt,varying,25,60,5,7,10,194,1.855.09,
varying_F5_m25_C60_a7_11.txt,varying,25,60,5,7,11,178,1.742.49,
varying_F5_m25_C60_a7_12.txt,varying,25,60,5,7,12,184,1.177.54,
varying_F5_m25_C60_a7_13.txt,varying,25,60,5,7,13,204,2.327.44,
varying_F5_m25_C60_a7_14.txt,varying,25,60,5,7,14,234,6.910.94,
varying_F5_m25_C60_a7_15.txt,varying,25,60,5,7,15,146,5.062.54,
varying_F5_m25_C60_a7_16.txt,varying,25,60,5,7,16,166,7.140.87,
varying_F5_m25_C60_a7_17.txt,varying,25,60,5,7,17,124,911.087,
varying_F5_m25_C60_a7_18.txt,varying,25,60,5,7,18,220,1.078.36,
varying_F5_m25_C60_a7_19.txt,varying,25,60,5,7,19,200,251.835,
varying_F5_m25_C60_a7_20.txt,varying,25,60,5,7,20,148,4.166.40,
varying_F5_m25_C60_a7_21.txt,varying,25,60,5,7,21,206,813.279,
varying_F5_m25_C60_a7_22.txt,varying,25,60,5,7,22,194,1.768.42,
varying_F5_m25_C60_a7_23.txt,varying,25,60,5,7,23,250,441.559,
varying_F5_m25_C60_a7_24.txt,varying,25,60,5,7,24,152,16.051,
varying_F5_m25_C60_a7_25.txt,varying,25,60,5,7,25,194,517.925,
varying_F5_m25_C60_a7_26.txt,varying,25,60,5,7,26,220,396.915,
varying_F5_m25_C60_a7_27.txt,varying,25,60,5,7,27,202,2.196.16,
varying_F5_m25_C60_a7_28.txt,varying,25,60,5,7,28,256,860.475,
varying_F5_m25_C60_a7_29.txt,varying,25,60,5,7,29,146,37.891.10,
varying_F5_m25_C60_a7_30.txt,varying,25,60,5,7,30,200,331.738,
varying_F5_m25_C60_a7_31.txt,varying,25,60,5,7,31,322,503.32,
varying_F5_m25_C60_a7_32.txt,varying,25,60,5,7,32,284,1.314.66,
varying_F5_m25_C60_a7_33.txt,varying,25,60,5,7,33,218,2.525.07,
varying_F5_m25_C60_a7_34.txt,varying,25,60,5,7,34,186,1.946.92,
varying_F5_m25_C60_a7_35.txt,varying,25,60,5,7,35,204,402.97,
varying_F5_m25_C60_a7_36.txt,varying,25,60,5,7,36,164,2.405.79,
varying_F5_m25_C60_a7_37.txt,varying,25,60,5,7,37,216,1.622.55,
varying_F5_m25_C60_a7_38.txt,varying,25,60,5,7,38,154,5.054.24,
varying_F5_m25_C60_a7_39.txt,varying,25,60,5,7,39,142,2.403.20,
varying_F5_m25_C60_a7_40.txt,varying,25,60,5,7,40,124,2.533.52,
varying_F5_m25_C60_a7_41.txt,varying,25,60,5,7,41,124,404.615,
varying_F5_m25_C60_a7_42.txt,varying,25,60,5,7,42,292,1.759.98,
varying_F5_m25_C60_a7_43.txt,varying,25,60,5,7,43,150,2.245.01,
varying_F5_m25_C60_a7_44.txt,varying,25,60,5,7,44,136,2.450.50,
varying_F5_m25_C60_a7_45.txt,varying,25,60,5,7,45,264,403.854,
varying_F5_m25_C60_a7_46.txt,varying,25,60,5,7,46,164,1.561.78,
varying_F5_m25_C60_a7_47.txt,varying,25,60,5,7,47,214,626.913,
varying_F5_m25_C60_a7_48.txt,varying,25,60,5,7,48,234,985.901,
varying_F5_m25_C60_a7_49.txt,varying,25,60,5,7,49,136,495.614,
varying_F5_m25_C60_a15_0.txt,varying,25,60,5,15,0,322,1.999.92,
varying_F5_m25_C60_a15_1.txt,varying,25,60,5,15,1,304,3.247.73,
varying_F5_m25_C60_a15_2.txt,varying,25,60,5,15,2,314,1.319.51,
varying_F5_m25_C60_a15_3.txt,varying,25,60,5,15,3,266,3.209.80,
varying_F5_m25_C60_a15_4.txt,varying,25,60,5,15,4,354,1.452.03,
varying_F5_m25_C60_a15_5.txt,varying,25,60,5,15,5,260,841.896,
varying_F5_m25_C60_a15_6.txt,varying,25,60,5,15,6,372,2.893.34,
varying_F5_m25_C60_a15_7.txt,varying,25,60,5,15,7,284,3.309.91,
varying_F5_m25_C60_a15_8.txt,varying,25,60,5,15,8,368,900.713,
varying_F5_m25_C60_a15_9.txt,varying,25,60,5,15,9,216,2.071.03,
varying_F5_m25_C60_a15_10.txt,varying,25,60,5,15,10,244,6.952.27,
varying_F5_m25_C60_a15_11.txt,varying,25,60,5,15,11,250,5.253.48,
varying_F5_m25_C60_a15_12.txt,varying,25,60,5,15,12,208,3.533.86,
varying_F5_m25_C60_a15_13.txt,varying,25,60,5,15,13,278,3.656.46,
varying_F5_m25_C60_a15_14.txt,varying,25,60,5,15,14,288,27.456.40,
varying_F5_m25_C60_a15_15.txt,varying,25,60,5,15,15,258,6.393.47,
varying_F5_m25_C60_a15_16.txt,varying,25,60,5,15,16,262,2.444.71,
varying_F5_m25_C60_a15_17.txt,varying,25,60,5,15,17,184,4.806.45,
varying_F5_m25_C60_a15_18.txt,varying,25,60,5,15,18,270,3.027.92,
varying_F5_m25_C60_a15_19.txt,varying,25,60,5,15,19,266,2.936.76,
varying_F5_m25_C60_a15_20.txt,varying,25,60,5,15,20,248,2.609.91,
varying_F5_m25_C60_a15_21.txt,varying,25,60,5,15,21,246,4.607.10,
varying_F5_m25_C60_a15_22.txt,varying,25,60,5,15,22,248,4.204.36,
varying_F5_m25_C60_a15_23.txt,varying,25,60,5,15,23,316,3.010.48,
varying_F5_m25_C60_a15_24.txt,varying,25,60,5,15,24,278,4.176.32,
varying_F5_m25_C60_a15_25.txt,varying,25,60,5,15,25,284,3.908.43,
varying_F5_m25_C60_a15_26.txt,varying,25,60,5,15,26,440,1.146.79,
varying_F5_m25_C60_a15_27.txt,varying,25,60,5,15,27,258,5.818.80,
varying_F5_m25_C60_a15_28.txt,varying,25,60,5,15,28,308,1.180.43,
varying_F5_m25_C60_a15_29.txt,varying,25,60,5,15,29,218,4.710.78,
varying_F5_m25_C60_a15_30.txt,varying,25,60,5,15,30,308,5.272.10,
varying_F5_m25_C60_a15_31.txt,varying,25,60,5,15,31,370,1.297.09,
varying_F5_m25_C60_a15_32.txt,varying,25,60,5,15,32,332,4.777.58,
varying_F5_m25_C60_a15_33.txt,varying,25,60,5,15,33,320,1.420.74,
varying_F5_m25_C60_a15_34.txt,varying,25,60,5,15,34,358,3.086.50,
varying_F5_m25_C60_a15_35.txt,varying,25,60,5,15,35,278,2.272.51,
varying_F5_m25_C60_a15_36.txt,varying,25,60,5,15,36,292,3.018.99,
varying_F5_m25_C60_a15_37.txt,varying,25,60,5,15,37,332,5.934.38,
varying_F5_m25_C60_a15_38.txt,varying,25,60,5,15,38,238,5.473.37,
varying_F5_m25_C60_a15_39.txt,varying,25,60,5,15,39,200,7.457.32,
varying_F5_m25_C60_a15_40.txt,varying,25,60,5,15,40,266,1.406.56,
varying_F5_m25_C60_a15_41.txt,varying,25,60,5,15,41,178,4.103.68,
varying_F5_m25_C60_a15_42.txt,varying,25,60,5,15,42,312,3.220.16,
varying_F5_m25_C60_a15_43.txt,varying,25,60,5,15,43,376,3.943.89,
varying_F5_m25_C60_a15_44.txt,varying,25,60,5,15,44,328,6.725.42,
varying_F5_m25_C60_a15_45.txt,varying,25,60,5,15,45,324,2.595.29,
varying_F5_m25_C60_a15_46.txt,varying,25,60,5,15,46,244,5.535.67,
varying_F5_m25_C60_a15_47.txt,varying,25,60,5,15,47,288,7.131.91,
varying_F5_m25_C60_a15_48.txt,varying,25,60,5,15,48,330,1.672.65,
varying_F5_m25_C60_a15_49.txt,varying,25,60,5,15,49,230,4.299.93,
varying_F5_m25_C60_a30_0.txt,varying,25,60,5,30,0,416,3.909.24,
varying_F5_m25_C60_a30_1.txt,varying,25,60,5,30,1,420,5.937.28,
varying_F5_m25_C60_a30_2.txt,varying,25,60,5,30,2,416,2.730.63,
varying_F5_m25_C60_a30_3.txt,varying,25,60,5,30,3,402,8.262.84,
varying_F5_m25_C60_a30_4.txt,varying,25,60,5,30,4,446,6.722.66,
varying_F5_m25_C60_a30_5.txt,varying,25,60,5,30,5,412,5.474.82,
varying_F5_m25_C60_a30_6.txt,varying,25,60,5,30,6,454,5.594.60,
varying_F5_m25_C60_a30_7.txt,varying,25,60,5,30,7,474,3.938.93,
varying_F5_m25_C60_a30_8.txt,varying,25,60,5,30,8,512,6.589.35,
varying_F5_m25_C60_a30_9.txt,varying,25,60,5,30,9,374,8.651.27,
varying_F5_m25_C60_a30_10.txt,varying,25,60,5,30,10,374,8.038.63,
varying_F5_m25_C60_a30_11.txt,varying,25,60,5,30,11,298,14.348.90,
varying_F5_m25_C60_a30_12.txt,varying,25,60,5,30,12,396,22.929.10,
varying_F5_m25_C60_a30_13.txt,varying,25,60,5,30,13,404,10.944.80,
varying_F5_m25_C60_a30_14.txt,varying,25,60,5,30,14,442,37.065.10,
varying_F5_m25_C60_a30_15.txt,varying,25,60,5,30,15,306,12.564.20,
varying_F5_m25_C60_a30_16.txt,varying,25,60,5,30,16,396,8.289.44,
varying_F5_m25_C60_a30_17.txt,varying,25,60,5,30,17,308,10.695.70,
varying_F5_m25_C60_a30_18.txt,varying,25,60,5,30,18,346,7.808.88,
varying_F5_m25_C60_a30_19.txt,varying,25,60,5,30,19,410,3.980.56,
varying_F5_m25_C60_a30_20.txt,varying,25,60,5,30,20,412,10.332.70,
varying_F5_m25_C60_a30_21.txt,varying,25,60,5,30,21,350,18.688.20,
varying_F5_m25_C60_a30_22.txt,varying,25,60,5,30,22,384,11.193.90,
varying_F5_m25_C60_a30_23.txt,varying,25,60,5,30,23,430,8.427.75,
varying_F5_m25_C60_a30_24.txt,varying,25,60,5,30,24,422,9.077.04,
varying_F5_m25_C60_a30_25.txt,varying,25,60,5,30,25,480,7.099.83,
varying_F5_m25_C60_a30_26.txt,varying,25,60,5,30,26,544,4.441.84,
varying_F5_m25_C60_a30_27.txt,varying,25,60,5,30,27,372,11.776.80,
varying_F5_m25_C60_a30_28.txt,varying,25,60,5,30,28,430,5.453.40,
varying_F5_m25_C60_a30_29.txt,varying,25,60,5,30,29,320,10.893.70,
varying_F5_m25_C60_a30_30.txt,varying,25,60,5,30,30,428,5.063.64,
varying_F5_m25_C60_a30_31.txt,varying,25,60,5,30,31,456,11.082.30,
varying_F5_m25_C60_a30_32.txt,varying,25,60,5,30,32,414,7.006.35,
varying_F5_m25_C60_a30_33.txt,varying,25,60,5,30,33,384,8.182.92,
varying_F5_m25_C60_a30_34.txt,varying,25,60,5,30,34,442,6.334.25,
varying_F5_m25_C60_a30_35.txt,varying,25,60,5,30,35,364,5.447.37,
varying_F5_m25_C60_a30_36.txt,varying,25,60,5,30,36,424,6.192.79,
varying_F5_m25_C60_a30_37.txt,varying,25,60,5,30,37,450,7.261.49,
varying_F5_m25_C60_a30_38.txt,varying,25,60,5,30,38,362,7.006.13,
varying_F5_m25_C60_a30_39.txt,varying,25,60,5,30,39,310,6.804.16,
varying_F5_m25_C60_a30_40.txt,varying,25,60,5,30,40,336,8.716.68,
varying_F5_m25_C60_a30_41.txt,varying,25,60,5,30,41,410,4.921.54,
varying_F5_m25_C60_a30_42.txt,varying,25,60,5,30,42,434,6.403.24,
varying_F5_m25_C60_a30_43.txt,varying,25,60,5,30,43,542,6.240.03,
varying_F5_m25_C60_a30_44.txt,varying,25,60,5,30,44,442,13.881.60,
varying_F5_m25_C60_a30_45.txt,varying,25,60,5,30,45,414,5.125.88,
varying_F5_m25_C60_a30_46.txt,varying,25,60,5,30,46,336,10.463.70,
varying_F5_m25_C60_a30_47.txt,varying,25,60,5,30,47,426,7.366.89,
varying_F5_m25_C60_a30_48.txt,varying,25,60,5,30,48,438,6.587.26,
varying_F5_m25_C60_a30_49.txt,varying,25,60,5,30,49,388,10.828.50,
varying_F10_m25_C60_a3_0.txt,varying,25,60,10,3,0,128,4.736.47,
varying_F10_m25_C60_a3_1.txt,varying,25,60,10,3,1,202,6.424.67,
varying_F10_m25_C60_a3_2.txt,varying,25,60,10,3,2,116,11.119.40,
varying_F10_m25_C60_a3_3.txt,varying,25,60,10,3,3,82,12.679.10,
varying_F10_m25_C60_a3_4.txt,varying,25,60,10,3,4,110,8.725.37,
varying_F10_m25_C60_a3_5.txt,varying,25,60,10,3,5,78,5.280.14,
varying_F10_m25_C60_a3_6.txt,varying,25,60,10,3,6,80,47.646.10,
varying_F10_m25_C60_a3_7.txt,varying,25,60,10,3,7,96,4.621.88,
varying_F10_m25_C60_a3_8.txt,varying,25,60,10,3,8,198,666.064,
varying_F10_m25_C60_a3_9.txt,varying,25,60,10,3,9,110,2.737.27,
varying_F10_m25_C60_a3_10.txt,varying,25,60,10,3,10,86,6.106.48,
varying_F10_m25_C60_a3_11.txt,varying,25,60,10,3,11,104,2.214.54,
varying_F10_m25_C60_a3_12.txt,varying,25,60,10,3,12,112,7.332.55,
varying_F10_m25_C60_a3_13.txt,varying,25,60,10,3,13,74,11.924,
varying_F10_m25_C60_a3_14.txt,varying,25,60,10,3,14,132,2.103.44,
varying_F10_m25_C60_a3_15.txt,varying,25,60,10,3,15,104,7.088.98,
varying_F10_m25_C60_a3_16.txt,varying,25,60,10,3,16,84,3.815.10,
varying_F10_m25_C60_a3_17.txt,varying,25,60,10,3,17,58,3.192.26,
varying_F10_m25_C60_a3_18.txt,varying,25,60,10,3,18,118,921.404,
varying_F10_m25_C60_a3_19.txt,varying,25,60,10,3,19,100,9.341.74,
varying_F10_m25_C60_a3_20.txt,varying,25,60,10,3,20,94,15.938.80,
varying_F10_m25_C60_a3_21.txt,varying,25,60,10,3,21,102,74.477.40,
varying_F10_m25_C60_a3_22.txt,varying,25,60,10,3,22,198,6.682.82,
varying_F10_m25_C60_a3_23.txt,varying,25,60,10,3,23,154,9.112.30,
varying_F10_m25_C60_a3_24.txt,varying,25,60,10,3,24,68,12.068.90,
varying_F10_m25_C60_a3_25.txt,varying,25,60,10,3,25,68,16.960.30,
varying_F10_m25_C60_a3_26.txt,varying,25,60,10,3,26,130,3.961.16,
varying_F10_m25_C60_a3_27.txt,varying,25,60,10,3,27,142,1.814.83,
varying_F10_m25_C60_a3_28.txt,varying,25,60,10,3,28,74,39.168.40,
varying_F10_m25_C60_a3_29.txt,varying,25,60,10,3,29,82,24.512,
varying_F10_m25_C60_a3_30.txt,varying,25,60,10,3,30,132,4.762.32,
varying_F10_m25_C60_a3_31.txt,varying,25,60,10,3,31,74,17.700.60,
varying_F10_m25_C60_a3_32.txt,varying,25,60,10,3,32,68,16.166.60,
varying_F10_m25_C60_a3_33.txt,varying,25,60,10,3,33,130,12.884,
varying_F10_m25_C60_a3_34.txt,varying,25,60,10,3,34,122,731.169,
varying_F10_m25_C60_a3_35.txt,varying,25,60,10,3,35,86,17.454.30,
varying_F10_m25_C60_a3_36.txt,varying,25,60,10,3,36,68,12.110.30,
varying_F10_m25_C60_a3_37.txt,varying,25,60,10,3,37,94,12.902.70,
varying_F10_m25_C60_a3_38.txt,varying,25,60,10,3,38,126,505.647,
varying_F10_m25_C60_a3_39.txt,varying,25,60,10,3,39,244,5.956.79,
varying_F10_m25_C60_a3_40.txt,varying,25,60,10,3,40,68,21.091.60,
varying_F10_m25_C60_a3_41.txt,varying,25,60,10,3,41,64,55.949.50,
varying_F10_m25_C60_a3_42.txt,varying,25,60,10,3,42,74,21.845.40,
varying_F10_m25_C60_a3_43.txt,varying,25,60,10,3,43,80,4.047.47,
varying_F10_m25_C60_a3_44.txt,varying,25,60,10,3,44,142,772.481,
varying_F10_m25_C60_a3_45.txt,varying,25,60,10,3,45,154,12.226.20,
varying_F10_m25_C60_a3_46.txt,varying,25,60,10,3,46,52,8.272.21,
varying_F10_m25_C60_a3_47.txt,varying,25,60,10,3,47,70,10.762.30,
varying_F10_m25_C60_a3_48.txt,varying,25,60,10,3,48,190,811.292,
varying_F10_m25_C60_a3_49.txt,varying,25,60,10,3,49,158,5.673.13,
varying_F10_m25_C60_a7_0.txt,varying,25,60,10,7,0,230,2.506.46,
varying_F10_m25_C60_a7_1.txt,varying,25,60,10,7,1,270,2.123.64,
varying_F10_m25_C60_a7_2.txt,varying,25,60,10,7,2,208,2.206.89,
varying_F10_m25_C60_a7_3.txt,varying,25,60,10,7,3,100,175.944,
varying_F10_m25_C60_a7_4.txt,varying,25,60,10,7,4,190,7.322.77,
varying_F10_m25_C60_a7_5.txt,varying,25,60,10,7,5,102,15.491.40,
varying_F10_m25_C60_a7_6.txt,varying,25,60,10,7,6,100,13.223.30,
varying_F10_m25_C60_a7_7.txt,varying,25,60,10,7,7,102,5.300.92,
varying_F10_m25_C60_a7_8.txt,varying,25,60,10,7,8,250,5.677.03,
varying_F10_m25_C60_a7_9.txt,varying,25,60,10,7,9,140,9.490.87,
varying_F10_m25_C60_a7_10.txt,varying,25,60,10,7,10,138,8.197.60,
varying_F10_m25_C60_a7_11.txt,varying,25,60,10,7,11,166,6.097.40,
varying_F10_m25_C60_a7_12.txt,varying,25,60,10,7,12,126,7.338.12,
varying_F10_m25_C60_a7_13.txt,varying,25,60,10,7,13,108,429.784,
varying_F10_m25_C60_a7_14.txt,varying,25,60,10,7,14,202,9.383.18,
varying_F10_m25_C60_a7_15.txt,varying,25,60,10,7,15,120,15.107.50,
varying_F10_m25_C60_a7_16.txt,varying,25,60,10,7,16,200,5.957.64,
varying_F10_m25_C60_a7_17.txt,varying,25,60,10,7,17,144,2.043.82,
varying_F10_m25_C60_a7_18.txt,varying,25,60,10,7,18,166,1.922.55,
varying_F10_m25_C60_a7_19.txt,varying,25,60,10,7,19,226,6.535.67,
varying_F10_m25_C60_a7_20.txt,varying,25,60,10,7,20,96,15.901.30,
varying_F10_m25_C60_a7_21.txt,varying,25,60,10,7,21,136,54.200.30,
varying_F10_m25_C60_a7_22.txt,varying,25,60,10,7,22,246,5.858.83,
varying_F10_m25_C60_a7_23.txt,varying,25,60,10,7,23,166,7.824.06,
varying_F10_m25_C60_a7_24.txt,varying,25,60,10,7,24,150,14.503.20,
varying_F10_m25_C60_a7_25.txt,varying,25,60,10,7,25,82,40.794.90,
varying_F10_m25_C60_a7_26.txt,varying,25,60,10,7,26,298,9.048.86,
varying_F10_m25_C60_a7_27.txt,varying,25,60,10,7,27,178,9.590.47,
varying_F10_m25_C60_a7_28.txt,varying,25,60,10,7,28,82,11.494.30,
varying_F10_m25_C60_a7_29.txt,varying,25,60,10,7,29,100,175.427,
varying_F10_m25_C60_a7_30.txt,varying,25,60,10,7,30,144,4.484.84,
varying_F10_m25_C60_a7_31.txt,varying,25,60,10,7,31,94,57.589.80,
varying_F10_m25_C60_a7_32.txt,varying,25,60,10,7,32,138,13.383.40,
varying_F10_m25_C60_a7_33.txt,varying,25,60,10,7,33,134,16.672.20,
varying_F10_m25_C60_a7_34.txt,varying,25,60,10,7,34,126,3.334.02,
varying_F10_m25_C60_a7_35.txt,varying,25,60,10,7,35,108,20.728.60,
varying_F10_m25_C60_a7_36.txt,varying,25,60,10,7,36,100,39.074,
varying_F10_m25_C60_a7_37.txt,varying,25,60,10,7,37,154,10.147.70,
varying_F10_m25_C60_a7_38.txt,varying,25,60,10,7,38,158,6.103.10,
varying_F10_m25_C60_a7_39.txt,varying,25,60,10,7,39,258,3.056.62,
varying_F10_m25_C60_a7_40.txt,varying,25,60,10,7,40,84,24.010.10,
varying_F10_m25_C60_a7_41.txt,varying,25,60,10,7,41,86,102.060,
varying_F10_m25_C60_a7_42.txt,varying,25,60,10,7,42,230,7.940.65,
varying_F10_m25_C60_a7_43.txt,varying,25,60,10,7,43,144,4.208.63,
varying_F10_m25_C60_a7_44.txt,varying,25,60,10,7,44,204,5.550.04,
varying_F10_m25_C60_a7_45.txt,varying,25,60,10,7,45,174,15.318.30,
varying_F10_m25_C60_a7_46.txt,varying,25,60,10,7,46,118,12.305.60,
varying_F10_m25_C60_a7_47.txt,varying,25,60,10,7,47,120,13.552.80,
varying_F10_m25_C60_a7_48.txt,varying,25,60,10,7,48,214,3.938.97,
varying_F10_m25_C60_a7_49.txt,varying,25,60,10,7,49,214,4.321.65,
varying_F10_m25_C60_a15_0.txt,varying,25,60,10,15,0,242,8.773.95,
varying_F10_m25_C60_a15_1.txt,varying,25,60,10,15,1,284,4.738.10,
varying_F10_m25_C60_a15_2.txt,varying,25,60,10,15,2,378,3.590.25,
varying_F10_m25_C60_a15_3.txt,varying,25,60,10,15,3,196,24.668.80,
varying_F10_m25_C60_a15_4.txt,varying,25,60,10,15,4,260,5.729.70,
varying_F10_m25_C60_a15_5.txt,varying,25,60,10,15,5,180,18.760.10,
varying_F10_m25_C60_a15_6.txt,varying,25,60,10,15,6,174,116.887,
varying_F10_m25_C60_a15_7.txt,varying,25,60,10,15,7,198,14.346.20,
varying_F10_m25_C60_a15_8.txt,varying,25,60,10,15,8,282,15.771.50,
varying_F10_m25_C60_a15_9.txt,varying,25,60,10,15,9,220,9.320.79,
varying_F10_m25_C60_a15_10.txt,varying,25,60,10,15,10,196,7.020.18,
varying_F10_m25_C60_a15_11.txt,varying,25,60,10,15,11,214,9.349.76,
varying_F10_m25_C60_a15_12.txt,varying,25,60,10,15,12,166,7.397.98,
varying_F10_m25_C60_a15_13.txt,varying,25,60,10,15,13,138,25.776.20,
varying_F10_m25_C60_a15_14.txt,varying,25,60,10,15,14,270,44.492.30,
varying_F10_m25_C60_a15_15.txt,varying,25,60,10,15,15,302,13.716.70,
varying_F10_m25_C60_a15_16.txt,varying,25,60,10,15,16,234,15.717.20,
varying_F10_m25_C60_a15_17.txt,varying,25,60,10,15,17,228,5.466.83,
varying_F10_m25_C60_a15_18.txt,varying,25,60,10,15,18,248,6.105.84,
varying_F10_m25_C60_a15_19.txt,varying,25,60,10,15,19,290,5.993.63,
varying_F10_m25_C60_a15_20.txt,varying,25,60,10,15,20,138,48.526.70,
varying_F10_m25_C60_a15_21.txt,varying,25,60,10,15,21,200,12.644.50,
varying_F10_m25_C60_a15_22.txt,varying,25,60,10,15,22,264,19.711.90,
varying_F10_m25_C60_a15_23.txt,varying,25,60,10,15,23,182,26.176.50,
varying_F10_m25_C60_a15_24.txt,varying,25,60,10,15,24,178,19.908.50,
varying_F10_m25_C60_a15_25.txt,varying,25,60,10,15,25,252,12.932.30,
varying_F10_m25_C60_a15_26.txt,varying,25,60,10,15,26,326,4.811.22,
varying_F10_m25_C60_a15_27.txt,varying,25,60,10,15,27,222,13.206.40,
varying_F10_m25_C60_a15_28.txt,varying,25,60,10,15,28,280,11.041.70,
varying_F10_m25_C60_a15_29.txt,varying,25,60,10,15,29,142,22.352,
varying_F10_m25_C60_a15_30.txt,varying,25,60,10,15,30,158,15.682.50,
varying_F10_m25_C60_a15_31.txt,varying,25,60,10,15,31,148,73.404.80,
varying_F10_m25_C60_a15_32.txt,varying,25,60,10,15,32,210,11.789.90,
varying_F10_m25_C60_a15_33.txt,varying,25,60,10,15,33,248,10.274.70,
varying_F10_m25_C60_a15_34.txt,varying,25,60,10,15,34,204,9.635.20,
varying_F10_m25_C60_a15_35.txt,varying,25,60,10,15,35,258,16.574.60,
varying_F10_m25_C60_a15_36.txt,varying,25,60,10,15,36,174,92.679.80,
varying_F10_m25_C60_a15_37.txt,varying,25,60,10,15,37,266,7.820.25,
varying_F10_m25_C60_a15_38.txt,varying,25,60,10,15,38,168,19.673.50,
varying_F10_m25_C60_a15_39.txt,varying,25,60,10,15,39,288,8.865.36,
varying_F10_m25_C60_a15_40.txt,varying,25,60,10,15,40,118,495.485,
varying_F10_m25_C60_a15_41.txt,varying,25,60,10,15,41,218,7.068.50,
varying_F10_m25_C60_a15_42.txt,varying,25,60,10,15,42,242,17.114.90,
varying_F10_m25_C60_a15_43.txt,varying,25,60,10,15,43,166,7.932,
varying_F10_m25_C60_a15_44.txt,varying,25,60,10,15,44,290,10.520.10,
varying_F10_m25_C60_a15_45.txt,varying,25,60,10,15,45,200,29.353.80,
varying_F10_m25_C60_a15_46.txt,varying,25,60,10,15,46,200,23.945.10,
varying_F10_m25_C60_a15_47.txt,varying,25,60,10,15,47,278,8.106.13,
varying_F10_m25_C60_a15_48.txt,varying,25,60,10,15,48,302,7.703.60,
varying_F10_m25_C60_a15_49.txt,varying,25,60,10,15,49,330,6.043.75,
varying_F10_m25_C60_a30_0.txt,varying,25,60,10,30,0,326,20.264.40,
varying_F10_m25_C60_a30_1.txt,varying,25,60,10,30,1,358,9.207.11,
varying_F10_m25_C60_a30_2.txt,varying,25,60,10,30,2,446,16.678.90,
varying_F10_m25_C60_a30_3.txt,varying,25,60,10,30,3,258,21.172,
varying_F10_m25_C60_a30_4.txt,varying,25,60,10,30,4,418,10.750.60,
varying_F10_m25_C60_a30_5.txt,varying,25,60,10,30,5,314,8.257.94,
varying_F10_m25_C60_a30_6.txt,varying,25,60,10,30,6,290,470.158,
varying_F10_m25_C60_a30_7.txt,varying,25,60,10,30,7,308,52.666.30,
varying_F10_m25_C60_a30_8.txt,varying,25,60,10,30,8,324,22.003.50,
varying_F10_m25_C60_a30_9.txt,varying,25,60,10,30,9,304,14.573.70,
varying_F10_m25_C60_a30_10.txt,varying,25,60,10,30,10,280,21.499.10,
varying_F10_m25_C60_a30_11.txt,varying,25,60,10,30,11,310,17.316.40,
varying_F10_m25_C60_a30_12.txt,varying,25,60,10,30,12,262,15.174.30,
varying_F10_m25_C60_a30_13.txt,varying,25,60,10,30,13,324,92.453.40,
varying_F10_m25_C60_a30_14.txt,varying,25,60,10,30,14,382,9.102.64,
varying_F10_m25_C60_a30_15.txt,varying,25,60,10,30,15,346,18.065.80,
varying_F10_m25_C60_a30_16.txt,varying,25,60,10,30,16,326,15.722.80,
varying_F10_m25_C60_a30_17.txt,varying,25,60,10,30,17,284,14.085.40,
varying_F10_m25_C60_a30_18.txt,varying,25,60,10,30,18,320,113.104,
varying_F10_m25_C60_a30_19.txt,varying,25,60,10,30,19,328,14.263.10,
varying_F10_m25_C60_a30_20.txt,varying,25,60,10,30,20,244,43.992.10,
varying_F10_m25_C60_a30_21.txt,varying,25,60,10,30,21,274,13.772.10,
varying_F10_m25_C60_a30_22.txt,varying,25,60,10,30,22,356,11.960.80,
varying_F10_m25_C60_a30_23.txt,varying,25,60,10,30,23,284,23.807.20,
varying_F10_m25_C60_a30_24.txt,varying,25,60,10,30,24,282,12.529.20,
varying_F10_m25_C60_a30_25.txt,varying,25,60,10,30,25,398,10.144.40,
varying_F10_m25_C60_a30_26.txt,varying,25,60,10,30,26,410,16.461.70,
varying_F10_m25_C60_a30_27.txt,varying,25,60,10,30,27,292,42.733.30,
varying_F10_m25_C60_a30_28.txt,varying,25,60,10,30,28,370,18.601.50,
varying_F10_m25_C60_a30_29.txt,varying,25,60,10,30,29,252,24.791.10,
varying_F10_m25_C60_a30_30.txt,varying,25,60,10,30,30,354,13.044.70,
varying_F10_m25_C60_a30_31.txt,varying,25,60,10,30,31,354,14.430.40,
varying_F10_m25_C60_a30_32.txt,varying,25,60,10,30,32,296,21.197.40,
varying_F10_m25_C60_a30_33.txt,varying,25,60,10,30,33,312,15.077,
varying_F10_m25_C60_a30_34.txt,varying,25,60,10,30,34,314,24.172.20,
varying_F10_m25_C60_a30_35.txt,varying,25,60,10,30,35,332,16.259.10,
varying_F10_m25_C60_a30_36.txt,varying,25,60,10,30,36,314,16.020.20,
varying_F10_m25_C60_a30_37.txt,varying,25,60,10,30,37,376,14.697.90,
varying_F10_m25_C60_a30_38.txt,varying,25,60,10,30,38,260,17.229.10,
varying_F10_m25_C60_a30_39.txt,varying,25,60,10,30,39,382,10.990.20,
varying_F10_m25_C60_a30_40.txt,varying,25,60,10,30,40,250,30.274.90,
varying_F10_m25_C60_a30_41.txt,varying,25,60,10,30,41,286,16.469.30,
varying_F10_m25_C60_a30_42.txt,varying,25,60,10,30,42,282,27.506.20,
varying_F10_m25_C60_a30_43.txt,varying,25,60,10,30,43,336,16.960.70,
varying_F10_m25_C60_a30_44.txt,varying,25,60,10,30,44,370,19.684.20,
varying_F10_m25_C60_a30_45.txt,varying,25,60,10,30,45,302,45.245.20,
varying_F10_m25_C60_a30_46.txt,varying,25,60,10,30,46,342,23.833.80,
varying_F10_m25_C60_a30_47.txt,varying,25,60,10,30,47,410,42.029.40,
varying_F10_m25_C60_a30_48.txt,varying,25,60,10,30,48,392,16.637.30,
varying_F10_m25_C60_a30_49.txt,varying,25,60,10,30,49,476,15.576.50,
varying_F2_m25_C180_a3_0.txt,varying,25,180,2,3,0,322,40.3915,
varying_F2_m25_C180_a3_1.txt,varying,25,180,2,3,1,462,87.8707,
varying_F2_m25_C180_a3_2.txt,varying,25,180,2,3,2,476,56.9681,
varying_F2_m25_C180_a3_3.txt,varying,25,180,2,3,3,342,49.2891,
varying_F2_m25_C180_a3_4.txt,varying,25,180,2,3,4,310,175.292,
varying_F2_m25_C180_a3_5.txt,varying,25,180,2,3,5,390,48.7521,
varying_F2_m25_C180_a3_6.txt,varying,25,180,2,3,6,440,44.3955,
varying_F2_m25_C180_a3_7.txt,varying,25,180,2,3,7,388,182.525,
varying_F2_m25_C180_a3_8.txt,varying,25,180,2,3,8,346,316.857,
varying_F2_m25_C180_a3_9.txt,varying,25,180,2,3,9,250,35.5032,
varying_F2_m25_C180_a3_10.txt,varying,25,180,2,3,10,228,105.848,
varying_F2_m25_C180_a3_11.txt,varying,25,180,2,3,11,512,8.5559,
varying_F2_m25_C180_a3_12.txt,varying,25,180,2,3,12,472,21.2891,
varying_F2_m25_C180_a3_13.txt,varying,25,180,2,3,13,356,82.9349,
varying_F2_m25_C180_a3_14.txt,varying,25,180,2,3,14,272,14.9231,
varying_F2_m25_C180_a3_15.txt,varying,25,180,2,3,15,228,71.0327,
varying_F2_m25_C180_a3_16.txt,varying,25,180,2,3,16,338,38.3947,
varying_F2_m25_C180_a3_17.txt,varying,25,180,2,3,17,332,67.6125,
varying_F2_m25_C180_a3_18.txt,varying,25,180,2,3,18,330,111.406,
varying_F2_m25_C180_a3_19.txt,varying,25,180,2,3,19,446,45.7734,
varying_F2_m25_C180_a3_20.txt,varying,25,180,2,3,20,306,45.9458,
varying_F2_m25_C180_a3_21.txt,varying,25,180,2,3,21,348,110.641,
varying_F2_m25_C180_a3_22.txt,varying,25,180,2,3,22,512,53.0356,
varying_F2_m25_C180_a3_23.txt,varying,25,180,2,3,23,404,62.4382,
varying_F2_m25_C180_a3_24.txt,varying,25,180,2,3,24,442,7.8053,
varying_F2_m25_C180_a3_25.txt,varying,25,180,2,3,25,500,17.1713,
varying_F2_m25_C180_a3_26.txt,varying,25,180,2,3,26,398,52.9484,
varying_F2_m25_C180_a3_27.txt,varying,25,180,2,3,27,306,386.101,
varying_F2_m25_C180_a3_28.txt,varying,25,180,2,3,28,408,61.1295,
varying_F2_m25_C180_a3_29.txt,varying,25,180,2,3,29,446,69.8571,
varying_F2_m25_C180_a3_30.txt,varying,25,180,2,3,30,470,78.2884,
varying_F2_m25_C180_a3_31.txt,varying,25,180,2,3,31,354,86.7967,
varying_F2_m25_C180_a3_32.txt,varying,25,180,2,3,32,264,41.1419,
varying_F2_m25_C180_a3_33.txt,varying,25,180,2,3,33,338,49.9615,
varying_F2_m25_C180_a3_34.txt,varying,25,180,2,3,34,270,98.4374,
varying_F2_m25_C180_a3_35.txt,varying,25,180,2,3,35,344,4.6593,
varying_F2_m25_C180_a3_36.txt,varying,25,180,2,3,36,460,40.365,
varying_F2_m25_C180_a3_37.txt,varying,25,180,2,3,37,414,3.9298,
varying_F2_m25_C180_a3_38.txt,varying,25,180,2,3,38,278,54.0897,
varying_F2_m25_C180_a3_39.txt,varying,25,180,2,3,39,294,62.9862,
varying_F2_m25_C180_a3_40.txt,varying,25,180,2,3,40,494,45.5104,
varying_F2_m25_C180_a3_41.txt,varying,25,180,2,3,41,338,69.1824,
varying_F2_m25_C180_a3_42.txt,varying,25,180,2,3,42,432,38.5338,
varying_F2_m25_C180_a3_43.txt,varying,25,180,2,3,43,196,94.9341,
varying_F2_m25_C180_a3_44.txt,varying,25,180,2,3,44,272,82.7111,
varying_F2_m25_C180_a3_45.txt,varying,25,180,2,3,45,384,75.238,
varying_F2_m25_C180_a3_46.txt,varying,25,180,2,3,46,352,131.58,
varying_F2_m25_C180_a3_47.txt,varying,25,180,2,3,47,416,20.7358,
varying_F2_m25_C180_a3_48.txt,varying,25,180,2,3,48,566,33.5361,
varying_F2_m25_C180_a3_49.txt,varying,25,180,2,3,49,302,39.469,
varying_F2_m25_C180_a7_0.txt,varying,25,180,2,7,0,628,110.898,
varying_F2_m25_C180_a7_1.txt,varying,25,180,2,7,1,608,92.707,
varying_F2_m25_C180_a7_2.txt,varying,25,180,2,7,2,704,93.0958,
varying_F2_m25_C180_a7_3.txt,varying,25,180,2,7,3,526,200.776,
varying_F2_m25_C180_a7_4.txt,varying,25,180,2,7,4,414,147.72,
varying_F2_m25_C180_a7_5.txt,varying,25,180,2,7,5,548,131.262,
varying_F2_m25_C180_a7_6.txt,varying,25,180,2,7,6,586,81.1924,
varying_F2_m25_C180_a7_7.txt,varying,25,180,2,7,7,612,183.351,
varying_F2_m25_C180_a7_8.txt,varying,25,180,2,7,8,562,108.749,
varying_F2_m25_C180_a7_9.txt,varying,25,180,2,7,9,586,117.01,
varying_F2_m25_C180_a7_10.txt,varying,25,180,2,7,10,614,75.1197,
varying_F2_m25_C180_a7_11.txt,varying,25,180,2,7,11,700,62.7906,
varying_F2_m25_C180_a7_12.txt,varying,25,180,2,7,12,524,45.8353,
varying_F2_m25_C180_a7_13.txt,varying,25,180,2,7,13,490,86.5107,
varying_F2_m25_C180_a7_14.txt,varying,25,180,2,7,14,440,71.0006,
varying_F2_m25_C180_a7_15.txt,varying,25,180,2,7,15,472,69.281,
varying_F2_m25_C180_a7_16.txt,varying,25,180,2,7,16,582,89.0344,
varying_F2_m25_C180_a7_17.txt,varying,25,180,2,7,17,660,416.538,
varying_F2_m25_C180_a7_18.txt,varying,25,180,2,7,18,634,106.906,
varying_F2_m25_C180_a7_19.txt,varying,25,180,2,7,19,604,56.6187,
varying_F2_m25_C180_a7_20.txt,varying,25,180,2,7,20,598,137.164,
varying_F2_m25_C180_a7_21.txt,varying,25,180,2,7,21,618,318.529,
varying_F2_m25_C180_a7_22.txt,varying,25,180,2,7,22,710,120.969,
varying_F2_m25_C180_a7_23.txt,varying,25,180,2,7,23,590,186.898,
varying_F2_m25_C180_a7_24.txt,varying,25,180,2,7,24,628,49.9306,
varying_F2_m25_C180_a7_25.txt,varying,25,180,2,7,25,648,58.3915,
varying_F2_m25_C180_a7_26.txt,varying,25,180,2,7,26,604,633.527,
varying_F2_m25_C180_a7_27.txt,varying,25,180,2,7,27,546,427.654,
varying_F2_m25_C180_a7_28.txt,varying,25,180,2,7,28,622,112.085,
varying_F2_m25_C180_a7_29.txt,varying,25,180,2,7,29,554,203.621,
varying_F2_m25_C180_a7_30.txt,varying,25,180,2,7,30,578,212.498,
varying_F2_m25_C180_a7_31.txt,varying,25,180,2,7,31,586,112.392,
varying_F2_m25_C180_a7_32.txt,varying,25,180,2,7,32,614,64.2745,
varying_F2_m25_C180_a7_33.txt,varying,25,180,2,7,33,566,102.537,
varying_F2_m25_C180_a7_34.txt,varying,25,180,2,7,34,532,388.168,
varying_F2_m25_C180_a7_35.txt,varying,25,180,2,7,35,472,75.483,
varying_F2_m25_C180_a7_36.txt,varying,25,180,2,7,36,526,72.964,
varying_F2_m25_C180_a7_37.txt,varying,25,180,2,7,37,530,57.5113,
varying_F2_m25_C180_a7_38.txt,varying,25,180,2,7,38,460,190.01,
varying_F2_m25_C180_a7_39.txt,varying,25,180,2,7,39,566,138.625,
varying_F2_m25_C180_a7_40.txt,varying,25,180,2,7,40,690,95.2708,
varying_F2_m25_C180_a7_41.txt,varying,25,180,2,7,41,542,79.0166,
varying_F2_m25_C180_a7_42.txt,varying,25,180,2,7,42,542,121.542,
varying_F2_m25_C180_a7_43.txt,varying,25,180,2,7,43,392,102.056,
varying_F2_m25_C180_a7_44.txt,varying,25,180,2,7,44,512,63.5737,
varying_F2_m25_C180_a7_45.txt,varying,25,180,2,7,45,508,431.04,
varying_F2_m25_C180_a7_46.txt,varying,25,180,2,7,46,490,99.9555,
varying_F2_m25_C180_a7_47.txt,varying,25,180,2,7,47,574,42.8812,
varying_F2_m25_C180_a7_48.txt,varying,25,180,2,7,48,762,52.5779,
varying_F2_m25_C180_a7_49.txt,varying,25,180,2,7,49,450,136.779,
varying_F2_m25_C180_a15_0.txt,varying,25,180,2,15,0,924,350.146,
varying_F2_m25_C180_a15_1.txt,varying,25,180,2,15,1,880,248.346,
varying_F2_m25_C180_a15_2.txt,varying,25,180,2,15,2,966,135.23,
varying_F2_m25_C180_a15_3.txt,varying,25,180,2,15,3,728,140.952,
varying_F2_m25_C180_a15_4.txt,varying,25,180,2,15,4,758,100.576,
varying_F2_m25_C180_a15_5.txt,varying,25,180,2,15,5,766,439.997,
varying_F2_m25_C180_a15_6.txt,varying,25,180,2,15,6,930,211.479,
varying_F2_m25_C180_a15_7.txt,varying,25,180,2,15,7,1038,376.976,
varying_F2_m25_C180_a15_8.txt,varying,25,180,2,15,8,872,146.426,
varying_F2_m25_C180_a15_9.txt,varying,25,180,2,15,9,886,141.73,
varying_F2_m25_C180_a15_10.txt,varying,25,180,2,15,10,990,179.096,
varying_F2_m25_C180_a15_11.txt,varying,25,180,2,15,11,1028,106.496,
varying_F2_m25_C180_a15_12.txt,varying,25,180,2,15,12,754,121.79,
varying_F2_m25_C180_a15_13.txt,varying,25,180,2,15,13,1002,209.234,
varying_F2_m25_C180_a15_14.txt,varying,25,180,2,15,14,758,324.469,
varying_F2_m25_C180_a15_15.txt,varying,25,180,2,15,15,740,706,
varying_F2_m25_C180_a15_16.txt,varying,25,180,2,15,16,876,372.01,
varying_F2_m25_C180_a15_17.txt,varying,25,180,2,15,17,918,142.512,
varying_F2_m25_C180_a15_18.txt,varying,25,180,2,15,18,1018,167.631,
varying_F2_m25_C180_a15_19.txt,varying,25,180,2,15,19,954,282.131,
varying_F2_m25_C180_a15_20.txt,varying,25,180,2,15,20,928,341.612,
varying_F2_m25_C180_a15_21.txt,varying,25,180,2,15,21,804,240.696,
varying_F2_m25_C180_a15_22.txt,varying,25,180,2,15,22,1052,273.467,
varying_F2_m25_C180_a15_23.txt,varying,25,180,2,15,23,864,418.125,
varying_F2_m25_C180_a15_24.txt,varying,25,180,2,15,24,876,119.858,
varying_F2_m25_C180_a15_25.txt,varying,25,180,2,15,25,994,79.5662,
varying_F2_m25_C180_a15_26.txt,varying,25,180,2,15,26,886,568.318,
varying_F2_m25_C180_a15_27.txt,varying,25,180,2,15,27,814,209.946,
varying_F2_m25_C180_a15_28.txt,varying,25,180,2,15,28,852,4.346.61,
varying_F2_m25_C180_a15_29.txt,varying,25,180,2,15,29,828,396.154,
varying_F2_m25_C180_a15_30.txt,varying,25,180,2,15,30,744,325.359,
varying_F2_m25_C180_a15_31.txt,varying,25,180,2,15,31,892,205.721,
varying_F2_m25_C180_a15_32.txt,varying,25,180,2,15,32,870,144.777,
varying_F2_m25_C180_a15_33.txt,varying,25,180,2,15,33,776,295.817,
varying_F2_m25_C180_a15_34.txt,varying,25,180,2,15,34,874,176.026,
varying_F2_m25_C180_a15_35.txt,varying,25,180,2,15,35,842,256.98,
varying_F2_m25_C180_a15_36.txt,varying,25,180,2,15,36,864,106.757,
varying_F2_m25_C180_a15_37.txt,varying,25,180,2,15,37,824,122.478,
varying_F2_m25_C180_a15_38.txt,varying,25,180,2,15,38,986,459.55,
varying_F2_m25_C180_a15_39.txt,varying,25,180,2,15,39,838,275.003,
varying_F2_m25_C180_a15_40.txt,varying,25,180,2,15,40,928,164.172,
varying_F2_m25_C180_a15_41.txt,varying,25,180,2,15,41,1246,114.613,
varying_F2_m25_C180_a15_42.txt,varying,25,180,2,15,42,858,303.26,
varying_F2_m25_C180_a15_43.txt,varying,25,180,2,15,43,836,273.703,
varying_F2_m25_C180_a15_44.txt,varying,25,180,2,15,44,706,108.318,
varying_F2_m25_C180_a15_45.txt,varying,25,180,2,15,45,704,269.027,
varying_F2_m25_C180_a15_46.txt,varying,25,180,2,15,46,746,176.394,
varying_F2_m25_C180_a15_47.txt,varying,25,180,2,15,47,984,167.419,
varying_F2_m25_C180_a15_48.txt,varying,25,180,2,15,48,968,125.348,
varying_F2_m25_C180_a15_49.txt,varying,25,180,2,15,49,760,169.976,
varying_F2_m25_C180_a30_0.txt,varying,25,180,2,30,0,1436,838.23,
varying_F2_m25_C180_a30_1.txt,varying,25,180,2,30,1,1144,253.25,
varying_F2_m25_C180_a30_2.txt,varying,25,180,2,30,2,1224,1.708.38,
varying_F2_m25_C180_a30_3.txt,varying,25,180,2,30,3,1072,1.446.88,
varying_F2_m25_C180_a30_4.txt,varying,25,180,2,30,4,1350,142.723,
varying_F2_m25_C180_a30_5.txt,varying,25,180,2,30,5,1242,183.488,
varying_F2_m25_C180_a30_6.txt,varying,25,180,2,30,6,1208,174.829,
varying_F2_m25_C180_a30_7.txt,varying,25,180,2,30,7,1536,812.679,
varying_F2_m25_C180_a30_8.txt,varying,25,180,2,30,8,1228,397.294,
varying_F2_m25_C180_a30_9.txt,varying,25,180,2,30,9,1242,512.472,
varying_F2_m25_C180_a30_10.txt,varying,25,180,2,30,10,1334,453.565,
varying_F2_m25_C180_a30_11.txt,varying,25,180,2,30,11,1574,317.899,
varying_F2_m25_C180_a30_12.txt,varying,25,180,2,30,12,1240,542.008,
varying_F2_m25_C180_a30_13.txt,varying,25,180,2,30,13,1520,237.927,
varying_F2_m25_C180_a30_14.txt,varying,25,180,2,30,14,1116,1.083.17,
varying_F2_m25_C180_a30_15.txt,varying,25,180,2,30,15,1008,1.067.31,
varying_F2_m25_C180_a30_16.txt,varying,25,180,2,30,16,1324,380.246,
varying_F2_m25_C180_a30_17.txt,varying,25,180,2,30,17,1444,556.767,
varying_F2_m25_C180_a30_18.txt,varying,25,180,2,30,18,1466,357.703,
varying_F2_m25_C180_a30_19.txt,varying,25,180,2,30,19,1316,283.663,
varying_F2_m25_C180_a30_20.txt,varying,25,180,2,30,20,1410,473.242,
varying_F2_m25_C180_a30_21.txt,varying,25,180,2,30,21,1102,482.285,
varying_F2_m25_C180_a30_22.txt,varying,25,180,2,30,22,1406,393.737,
varying_F2_m25_C180_a30_23.txt,varying,25,180,2,30,23,1380,1.192.48,
varying_F2_m25_C180_a30_24.txt,varying,25,180,2,30,24,1404,674.189,
varying_F2_m25_C180_a30_25.txt,varying,25,180,2,30,25,1440,229.341,
varying_F2_m25_C180_a30_26.txt,varying,25,180,2,30,26,1302,669.117,
varying_F2_m25_C180_a30_27.txt,varying,25,180,2,30,27,1142,982.588,
varying_F2_m25_C180_a30_28.txt,varying,25,180,2,30,28,1206,1.962.63,
varying_F2_m25_C180_a30_29.txt,varying,25,180,2,30,29,1228,430.565,
varying_F2_m25_C180_a30_30.txt,varying,25,180,2,30,30,1200,396.05,
varying_F2_m25_C180_a30_31.txt,varying,25,180,2,30,31,1396,907.623,
varying_F2_m25_C180_a30_32.txt,varying,25,180,2,30,32,1422,525.323,
varying_F2_m25_C180_a30_33.txt,varying,25,180,2,30,33,1284,699.874,
varying_F2_m25_C180_a30_34.txt,varying,25,180,2,30,34,1284,545.103,
varying_F2_m25_C180_a30_35.txt,varying,25,180,2,30,35,1146,676.572,
varying_F2_m25_C180_a30_36.txt,varying,25,180,2,30,36,1210,1.248.06,
varying_F2_m25_C180_a30_37.txt,varying,25,180,2,30,37,1290,219.375,
varying_F2_m25_C180_a30_38.txt,varying,25,180,2,30,38,1678,543.029,
varying_F2_m25_C180_a30_39.txt,varying,25,180,2,30,39,1196,904.441,
varying_F2_m25_C180_a30_40.txt,varying,25,180,2,30,40,1462,479.437,
varying_F2_m25_C180_a30_41.txt,varying,25,180,2,30,41,1740,299.344,
varying_F2_m25_C180_a30_42.txt,varying,25,180,2,30,42,1224,4.393.16,
varying_F2_m25_C180_a30_43.txt,varying,25,180,2,30,43,1282,934.75,
varying_F2_m25_C180_a30_44.txt,varying,25,180,2,30,44,1096,340.443,
varying_F2_m25_C180_a30_45.txt,varying,25,180,2,30,45,1340,342.596,
varying_F2_m25_C180_a30_46.txt,varying,25,180,2,30,46,1404,1.707.76,
varying_F2_m25_C180_a30_47.txt,varying,25,180,2,30,47,1610,177.511,
varying_F2_m25_C180_a30_48.txt,varying,25,180,2,30,48,1436,539.541,
varying_F2_m25_C180_a30_49.txt,varying,25,180,2,30,49,1180,985.784,
varying_F5_m25_C180_a3_0.txt,varying,25,180,5,3,0,280,5.762.17,
varying_F5_m25_C180_a3_1.txt,varying,25,180,5,3,1,334,222.482,
varying_F5_m25_C180_a3_2.txt,varying,25,180,5,3,2,392,4.316.11,
varying_F5_m25_C180_a3_3.txt,varying,25,180,5,3,3,360,285.548,
varying_F5_m25_C180_a3_4.txt,varying,25,180,5,3,4,282,2.977.02,
varying_F5_m25_C180_a3_5.txt,varying,25,180,5,3,5,264,906.519,
varying_F5_m25_C180_a3_6.txt,varying,25,180,5,3,6,102,1.300.13,
varying_F5_m25_C180_a3_7.txt,varying,25,180,5,3,7,242,4.182.23,
varying_F5_m25_C180_a3_8.txt,varying,25,180,5,3,8,264,417.399,
varying_F5_m25_C180_a3_9.txt,varying,25,180,5,3,9,276,4.239.30,
varying_F5_m25_C180_a3_10.txt,varying,25,180,5,3,10,136,2.032.06,
varying_F5_m25_C180_a3_11.txt,varying,25,180,5,3,11,454,252.438,
varying_F5_m25_C180_a3_12.txt,varying,25,180,5,3,12,272,3.341.91,
varying_F5_m25_C180_a3_13.txt,varying,25,180,5,3,13,78,268.53,
varying_F5_m25_C180_a3_14.txt,varying,25,180,5,3,14,210,1.731.67,
varying_F5_m25_C180_a3_15.txt,varying,25,180,5,3,15,298,220.433,
varying_F5_m25_C180_a3_16.txt,varying,25,180,5,3,16,322,774.096,
varying_F5_m25_C180_a3_17.txt,varying,25,180,5,3,17,238,8.930.98,
varying_F5_m25_C180_a3_18.txt,varying,25,180,5,3,18,322,938.735,
varying_F5_m25_C180_a3_19.txt,varying,25,180,5,3,19,454,191.349,
varying_F5_m25_C180_a3_20.txt,varying,25,180,5,3,20,280,6.375.95,
varying_F5_m25_C180_a3_21.txt,varying,25,180,5,3,21,226,257.025,
varying_F5_m25_C180_a3_22.txt,varying,25,180,5,3,22,274,620.777,
varying_F5_m25_C180_a3_23.txt,varying,25,180,5,3,23,358,1.925.06,
varying_F5_m25_C180_a3_24.txt,varying,25,180,5,3,24,200,2.937.66,
varying_F5_m25_C180_a3_25.txt,varying,25,180,5,3,25,454,791.994,
varying_F5_m25_C180_a3_26.txt,varying,25,180,5,3,26,472,173.72,
varying_F5_m25_C180_a3_27.txt,varying,25,180,5,3,27,232,3.420.14,
varying_F5_m25_C180_a3_28.txt,varying,25,180,5,3,28,300,341.546,
varying_F5_m25_C180_a3_29.txt,varying,25,180,5,3,29,230,2.988.76,
varying_F5_m25_C180_a3_30.txt,varying,25,180,5,3,30,292,3.652.18,
varying_F5_m25_C180_a3_31.txt,varying,25,180,5,3,31,270,2.291.06,
varying_F5_m25_C180_a3_32.txt,varying,25,180,5,3,32,392,212.621,
varying_F5_m25_C180_a3_33.txt,varying,25,180,5,3,33,224,245.408,
varying_F5_m25_C180_a3_34.txt,varying,25,180,5,3,34,176,167.165,
varying_F5_m25_C180_a3_35.txt,varying,25,180,5,3,35,224,2.147.08,
varying_F5_m25_C180_a3_36.txt,varying,25,180,5,3,36,252,226.021,
varying_F5_m25_C180_a3_37.txt,varying,25,180,5,3,37,276,1.447.27,
varying_F5_m25_C180_a3_38.txt,varying,25,180,5,3,38,230,2.532.90,
varying_F5_m25_C180_a3_39.txt,varying,25,180,5,3,39,502,187.005,
varying_F5_m25_C180_a3_40.txt,varying,25,180,5,3,40,242,2.102.89,
varying_F5_m25_C180_a3_41.txt,varying,25,180,5,3,41,272,208.773,
varying_F5_m25_C180_a3_42.txt,varying,25,180,5,3,42,124,899.99,
varying_F5_m25_C180_a3_43.txt,varying,25,180,5,3,43,326,3.549.03,
varying_F5_m25_C180_a3_44.txt,varying,25,180,5,3,44,218,9.274.48,
varying_F5_m25_C180_a3_45.txt,varying,25,180,5,3,45,428,219.869,
varying_F5_m25_C180_a3_46.txt,varying,25,180,5,3,46,232,18.423.80,
varying_F5_m25_C180_a3_47.txt,varying,25,180,5,3,47,342,333.35,
varying_F5_m25_C180_a3_48.txt,varying,25,180,5,3,48,256,3.683.13,
varying_F5_m25_C180_a3_49.txt,varying,25,180,5,3,49,212,1.908.82,
varying_F5_m25_C180_a7_0.txt,varying,25,180,5,7,0,508,1.335.64,
varying_F5_m25_C180_a7_1.txt,varying,25,180,5,7,1,502,468.621,
varying_F5_m25_C180_a7_2.txt,varying,25,180,5,7,2,396,2.956.54,
varying_F5_m25_C180_a7_3.txt,varying,25,180,5,7,3,438,459.292,
varying_F5_m25_C180_a7_4.txt,varying,25,180,5,7,4,326,2.506.25,
varying_F5_m25_C180_a7_5.txt,varying,25,180,5,7,5,380,468.295,
varying_F5_m25_C180_a7_6.txt,varying,25,180,5,7,6,318,16.603,
varying_F5_m25_C180_a7_7.txt,varying,25,180,5,7,7,328,3.155.58,
varying_F5_m25_C180_a7_8.txt,varying,25,180,5,7,8,552,1.021.02,
varying_F5_m25_C180_a7_9.txt,varying,25,180,5,7,9,360,741.477,
varying_F5_m25_C180_a7_10.txt,varying,25,180,5,7,10,312,666.879,
varying_F5_m25_C180_a7_11.txt,varying,25,180,5,7,11,486,980.634,
varying_F5_m25_C180_a7_12.txt,varying,25,180,5,7,12,284,1.436.83,
varying_F5_m25_C180_a7_13.txt,varying,25,180,5,7,13,384,1.075.28,
varying_F5_m25_C180_a7_14.txt,varying,25,180,5,7,14,418,1.178.37,
varying_F5_m25_C180_a7_15.txt,varying,25,180,5,7,15,410,424.072,
varying_F5_m25_C180_a7_16.txt,varying,25,180,5,7,16,376,1.542.95,
varying_F5_m25_C180_a7_17.txt,varying,25,180,5,7,17,444,756.218,
varying_F5_m25_C180_a7_18.txt,varying,25,180,5,7,18,370,1.314.86,
varying_F5_m25_C180_a7_19.txt,varying,25,180,5,7,19,466,1.068.24,
varying_F5_m25_C180_a7_20.txt,varying,25,180,5,7,20,354,1.825.71,
varying_F5_m25_C180_a7_21.txt,varying,25,180,5,7,21,330,2.931.31,
varying_F5_m25_C180_a7_22.txt,varying,25,180,5,7,22,332,2.467.44,
varying_F5_m25_C180_a7_23.txt,varying,25,180,5,7,23,524,2.387.70,
varying_F5_m25_C180_a7_24.txt,varying,25,180,5,7,24,368,1.973.93,
varying_F5_m25_C180_a7_25.txt,varying,25,180,5,7,25,508,1.130.52,
varying_F5_m25_C180_a7_26.txt,varying,25,180,5,7,26,516,3.382.65,
varying_F5_m25_C180_a7_27.txt,varying,25,180,5,7,27,362,4.326.45,
varying_F5_m25_C180_a7_28.txt,varying,25,180,5,7,28,390,546.762,
varying_F5_m25_C180_a7_29.txt,varying,25,180,5,7,29,434,2.345.89,
varying_F5_m25_C180_a7_30.txt,varying,25,180,5,7,30,474,1.051.45,
varying_F5_m25_C180_a7_31.txt,varying,25,180,5,7,31,330,1.643.63,
varying_F5_m25_C180_a7_32.txt,varying,25,180,5,7,32,476,652.526,
varying_F5_m25_C180_a7_33.txt,varying,25,180,5,7,33,456,2.698.34,
varying_F5_m25_C180_a7_34.txt,varying,25,180,5,7,34,488,367.128,
varying_F5_m25_C180_a7_35.txt,varying,25,180,5,7,35,428,1.970.17,
varying_F5_m25_C180_a7_36.txt,varying,25,180,5,7,36,318,3.076.22,
varying_F5_m25_C180_a7_37.txt,varying,25,180,5,7,37,516,1.730.25,
varying_F5_m25_C180_a7_38.txt,varying,25,180,5,7,38,290,7.903.27,
varying_F5_m25_C180_a7_39.txt,varying,25,180,5,7,39,512,592.947,
varying_F5_m25_C180_a7_40.txt,varying,25,180,5,7,40,488,4.512.53,
varying_F5_m25_C180_a7_41.txt,varying,25,180,5,7,41,362,381.972,
varying_F5_m25_C180_a7_42.txt,varying,25,180,5,7,42,342,2.535.79,
varying_F5_m25_C180_a7_43.txt,varying,25,180,5,7,43,394,2.104.70,
varying_F5_m25_C180_a7_44.txt,varying,25,180,5,7,44,294,2.876.58,
varying_F5_m25_C180_a7_45.txt,varying,25,180,5,7,45,456,2.797.85,
varying_F5_m25_C180_a7_46.txt,varying,25,180,5,7,46,464,2.004.68,
varying_F5_m25_C180_a7_47.txt,varying,25,180,5,7,47,554,1.854.28,
varying_F5_m25_C180_a7_48.txt,varying,25,180,5,7,48,548,637.197,
varying_F5_m25_C180_a7_49.txt,varying,25,180,5,7,49,322,2.341.97,
varying_F5_m25_C180_a15_0.txt,varying,25,180,5,15,0,628,4.240.07,
varying_F5_m25_C180_a15_1.txt,varying,25,180,5,15,1,762,1.375.31,
varying_F5_m25_C180_a15_2.txt,varying,25,180,5,15,2,548,9.481.33,
varying_F5_m25_C180_a15_3.txt,varying,25,180,5,15,3,626,1.428.74,
varying_F5_m25_C180_a15_4.txt,varying,25,180,5,15,4,432,6.241.24,
varying_F5_m25_C180_a15_5.txt,varying,25,180,5,15,5,610,1.986.82,
varying_F5_m25_C180_a15_6.txt,varying,25,180,5,15,6,530,4.619.99,
varying_F5_m25_C180_a15_7.txt,varying,25,180,5,15,7,668,1.999.79,
varying_F5_m25_C180_a15_8.txt,varying,25,180,5,15,8,706,3.087.51,
varying_F5_m25_C180_a15_9.txt,varying,25,180,5,15,9,610,2.932.21,
varying_F5_m25_C180_a15_10.txt,varying,25,180,5,15,10,520,3.135.27,
varying_F5_m25_C180_a15_11.txt,varying,25,180,5,15,11,546,3.597.56,
varying_F5_m25_C180_a15_12.txt,varying,25,180,5,15,12,378,7.848.61,
varying_F5_m25_C180_a15_13.txt,varying,25,180,5,15,13,480,3.090.72,
varying_F5_m25_C180_a15_14.txt,varying,25,180,5,15,14,590,4.533.01,
varying_F5_m25_C180_a15_15.txt,varying,25,180,5,15,15,586,1.675.54,
varying_F5_m25_C180_a15_16.txt,varying,25,180,5,15,16,870,1.298.91,
varying_F5_m25_C180_a15_17.txt,varying,25,180,5,15,17,534,1.812.63,
varying_F5_m25_C180_a15_18.txt,varying,25,180,5,15,18,556,2.217.70,
varying_F5_m25_C180_a15_19.txt,varying,25,180,5,15,19,596,3.052.41,
varying_F5_m25_C180_a15_20.txt,varying,25,180,5,15,20,430,2.627.32,
varying_F5_m25_C180_a15_21.txt,varying,25,180,5,15,21,486,4.016.12,
varying_F5_m25_C180_a15_22.txt,varying,25,180,5,15,22,580,15.341.50,
varying_F5_m25_C180_a15_23.txt,varying,25,180,5,15,23,660,3.143.65,
varying_F5_m25_C180_a15_24.txt,varying,25,180,5,15,24,476,2.982.86,
varying_F5_m25_C180_a15_25.txt,varying,25,180,5,15,25,738,6.687.22,
varying_F5_m25_C180_a15_26.txt,varying,25,180,5,15,26,596,3.738.49,
varying_F5_m25_C180_a15_27.txt,varying,25,180,5,15,27,600,2.738.72,
varying_F5_m25_C180_a15_28.txt,varying,25,180,5,15,28,690,3.561.87,
varying_F5_m25_C180_a15_29.txt,varying,25,180,5,15,29,530,3.219.70,
varying_F5_m25_C180_a15_30.txt,varying,25,180,5,15,30,650,4.427.48,
varying_F5_m25_C180_a15_31.txt,varying,25,180,5,15,31,466,2.082.23,
varying_F5_m25_C180_a15_32.txt,varying,25,180,5,15,32,534,2.389.21,
varying_F5_m25_C180_a15_33.txt,varying,25,180,5,15,33,552,2.614.13,
varying_F5_m25_C180_a15_34.txt,varying,25,180,5,15,34,714,2.689.69,
varying_F5_m25_C180_a15_35.txt,varying,25,180,5,15,35,678,3.691.27,
varying_F5_m25_C180_a15_36.txt,varying,25,180,5,15,36,396,1.917.02,
varying_F5_m25_C180_a15_37.txt,varying,25,180,5,15,37,694,1.163.22,
varying_F5_m25_C180_a15_38.txt,varying,25,180,5,15,38,354,19.227.80,
varying_F5_m25_C180_a15_39.txt,varying,25,180,5,15,39,586,1.369.55,
varying_F5_m25_C180_a15_40.txt,varying,25,180,5,15,40,638,8.498.92,
varying_F5_m25_C180_a15_41.txt,varying,25,180,5,15,41,476,4.730.46,
varying_F5_m25_C180_a15_42.txt,varying,25,180,5,15,42,662,2.777.01,
varying_F5_m25_C180_a15_43.txt,varying,25,180,5,15,43,542,3.737.21,
varying_F5_m25_C180_a15_44.txt,varying,25,180,5,15,44,694,4.307.90,
varying_F5_m25_C180_a15_45.txt,varying,25,180,5,15,45,522,3.999.68,
varying_F5_m25_C180_a15_46.txt,varying,25,180,5,15,46,548,6.420.08,
varying_F5_m25_C180_a15_47.txt,varying,25,180,5,15,47,694,3.997.33,
varying_F5_m25_C180_a15_48.txt,varying,25,180,5,15,48,602,3.662.68,
varying_F5_m25_C180_a15_49.txt,varying,25,180,5,15,49,608,1.917.15,
varying_F5_m25_C180_a30_0.txt,varying,25,180,5,30,0,804,9.268.16,
varying_F5_m25_C180_a30_1.txt,varying,25,180,5,30,1,958,5.050.67,
varying_F5_m25_C180_a30_2.txt,varying,25,180,5,30,2,670,38.736,
varying_F5_m25_C180_a30_3.txt,varying,25,180,5,30,3,1016,4.866.90,
varying_F5_m25_C180_a30_4.txt,varying,25,180,5,30,4,670,8.407.94,
varying_F5_m25_C180_a30_5.txt,varying,25,180,5,30,5,802,8.442.29,
varying_F5_m25_C180_a30_6.txt,varying,25,180,5,30,6,756,11.504.40,
varying_F5_m25_C180_a30_7.txt,varying,25,180,5,30,7,952,7.341.18,
varying_F5_m25_C180_a30_8.txt,varying,25,180,5,30,8,822,10.779.60,
varying_F5_m25_C180_a30_9.txt,varying,25,180,5,30,9,770,7.233.79,
varying_F5_m25_C180_a30_10.txt,varying,25,180,5,30,10,970,56.163,
varying_F5_m25_C180_a30_11.txt,varying,25,180,5,30,11,940,5.394.17,
varying_F5_m25_C180_a30_12.txt,varying,25,180,5,30,12,802,31.646.50,
varying_F5_m25_C180_a30_13.txt,varying,25,180,5,30,13,570,12.893.90,
varying_F5_m25_C180_a30_14.txt,varying,25,180,5,30,14,908,13.725.50,
varying_F5_m25_C180_a30_15.txt,varying,25,180,5,30,15,838,12.953.30,
varying_F5_m25_C180_a30_16.txt,varying,25,180,5,30,16,1072,2.157.73,
varying_F5_m25_C180_a30_17.txt,varying,25,180,5,30,17,822,37.500.90,
varying_F5_m25_C180_a30_18.txt,varying,25,180,5,30,18,782,5.982.30,
varying_F5_m25_C180_a30_19.txt,varying,25,180,5,30,19,878,9.501.78,
varying_F5_m25_C180_a30_20.txt,varying,25,180,5,30,20,816,13.053.40,
varying_F5_m25_C180_a30_21.txt,varying,25,180,5,30,21,768,6.704.08,
varying_F5_m25_C180_a30_22.txt,varying,25,180,5,30,22,734,8.196.61,
varying_F5_m25_C180_a30_23.txt,varying,25,180,5,30,23,906,6.477.25,
varying_F5_m25_C180_a30_24.txt,varying,25,180,5,30,24,812,6.049.25,
varying_F5_m25_C180_a30_25.txt,varying,25,180,5,30,25,902,5.865.44,
varying_F5_m25_C180_a30_26.txt,varying,25,180,5,30,26,770,7.769.43,
varying_F5_m25_C180_a30_27.txt,varying,25,180,5,30,27,1010,8.710.48,
varying_F5_m25_C180_a30_28.txt,varying,25,180,5,30,28,1086,8.802.52,
varying_F5_m25_C180_a30_29.txt,varying,25,180,5,30,29,716,4.315.35,
varying_F5_m25_C180_a30_30.txt,varying,25,180,5,30,30,980,35.146.90,
varying_F5_m25_C180_a30_31.txt,varying,25,180,5,30,31,896,6.346.70,
varying_F5_m25_C180_a30_32.txt,varying,25,180,5,30,32,816,6.636.54,
varying_F5_m25_C180_a30_33.txt,varying,25,180,5,30,33,912,6.773.72,
varying_F5_m25_C180_a30_34.txt,varying,25,180,5,30,34,946,6.233.24,
varying_F5_m25_C180_a30_35.txt,varying,25,180,5,30,35,902,14.668.60,
varying_F5_m25_C180_a30_36.txt,varying,25,180,5,30,36,786,48.672.40,
varying_F5_m25_C180_a30_37.txt,varying,25,180,5,30,37,1006,6.024.97,
varying_F5_m25_C180_a30_38.txt,varying,25,180,5,30,38,750,4.369.52,
varying_F5_m25_C180_a30_39.txt,varying,25,180,5,30,39,814,13.074.10,
varying_F5_m25_C180_a30_40.txt,varying,25,180,5,30,40,876,6.726.90,
varying_F5_m25_C180_a30_41.txt,varying,25,180,5,30,41,762,9.734.58,
varying_F5_m25_C180_a30_42.txt,varying,25,180,5,30,42,732,10.441.30,
varying_F5_m25_C180_a30_43.txt,varying,25,180,5,30,43,872,7.035.50,
varying_F5_m25_C180_a30_44.txt,varying,25,180,5,30,44,982,10.762.30,
varying_F5_m25_C180_a30_45.txt,varying,25,180,5,30,45,622,17.142.90,
varying_F5_m25_C180_a30_46.txt,varying,25,180,5,30,46,732,24.660.50,
varying_F5_m25_C180_a30_47.txt,varying,25,180,5,30,47,930,15.017.10,
varying_F5_m25_C180_a30_48.txt,varying,25,180,5,30,48,720,8.643.63,
varying_F5_m25_C180_a30_49.txt,varying,25,180,5,30,49,968,6.780.03,
varying_F10_m25_C180_a3_0.txt,varying,25,180,10,3,0,268,2.876.98,
varying_F10_m25_C180_a3_1.txt,varying,25,180,10,3,1,294,2.299.76,
varying_F10_m25_C180_a3_2.txt,varying,25,180,10,3,2,420,1.055.15,
varying_F10_m25_C180_a3_3.txt,varying,25,180,10,3,3,394,1.281.36,
varying_F10_m25_C180_a3_4.txt,varying,25,180,10,3,4,186,76.882.80,
varying_F10_m25_C180_a3_5.txt,varying,25,180,10,3,5,130,4.805.12,
varying_F10_m25_C180_a3_6.txt,varying,25,180,10,3,6,148,24.277.20,
varying_F10_m25_C180_a3_7.txt,varying,25,180,10,3,7,128,11.681.70,
varying_F10_m25_C180_a3_8.txt,varying,25,180,10,3,8,162,14.168.90,
varying_F10_m25_C180_a3_9.txt,varying,25,180,10,3,9,272,2.443.49,
varying_F10_m25_C180_a3_10.txt,varying,25,180,10,3,10,194,6.404.24,
varying_F10_m25_C180_a3_11.txt,varying,25,180,10,3,11,232,10.665.90,
varying_F10_m25_C180_a3_12.txt,varying,25,180,10,3,12,352,11.527,
varying_F10_m25_C180_a3_13.txt,varying,25,180,10,3,13,160,13.174.20,
varying_F10_m25_C180_a3_14.txt,varying,25,180,10,3,14,76,3.268.41,
varying_F10_m25_C180_a3_15.txt,varying,25,180,10,3,15,448,904.192,
varying_F10_m25_C180_a3_16.txt,varying,25,180,10,3,16,256,3.549.32,
varying_F10_m25_C180_a3_17.txt,varying,25,180,10,3,17,260,3.519.97,
varying_F10_m25_C180_a3_18.txt,varying,25,180,10,3,18,168,13.851.20,
varying_F10_m25_C180_a3_19.txt,varying,25,180,10,3,19,292,3.708.17,
varying_F10_m25_C180_a3_20.txt,varying,25,180,10,3,20,122,15.783,
varying_F10_m25_C180_a3_21.txt,varying,25,180,10,3,21,210,4.947.65,
varying_F10_m25_C180_a3_22.txt,varying,25,180,10,3,22,172,7.194.85,
varying_F10_m25_C180_a3_23.txt,varying,25,180,10,3,23,180,23.191.20,
varying_F10_m25_C180_a3_24.txt,varying,25,180,10,3,24,310,1.654.66,
varying_F10_m25_C180_a3_25.txt,varying,25,180,10,3,25,198,12.100.80,
varying_F10_m25_C180_a3_26.txt,varying,25,180,10,3,26,194,6.080.05,
varying_F10_m25_C180_a3_27.txt,varying,25,180,10,3,27,146,731.362,
varying_F10_m25_C180_a3_28.txt,varying,25,180,10,3,28,272,2.856.17,
varying_F10_m25_C180_a3_29.txt,varying,25,180,10,3,29,148,11.353.30,
varying_F10_m25_C180_a3_30.txt,varying,25,180,10,3,30,264,7.335.27,
varying_F10_m25_C180_a3_31.txt,varying,25,180,10,3,31,102,5.569.38,
varying_F10_m25_C180_a3_32.txt,varying,25,180,10,3,32,240,9.777.40,
varying_F10_m25_C180_a3_33.txt,varying,25,180,10,3,33,176,7.603.32,
varying_F10_m25_C180_a3_34.txt,varying,25,180,10,3,34,276,5.455.87,
varying_F10_m25_C180_a3_35.txt,varying,25,180,10,3,35,62,2.533.55,
varying_F10_m25_C180_a3_36.txt,varying,25,180,10,3,36,122,1.066.09,
varying_F10_m25_C180_a3_37.txt,varying,25,180,10,3,37,142,31.130.40,
varying_F10_m25_C180_a3_38.txt,varying,25,180,10,3,38,218,21.751.30,
varying_F10_m25_C180_a3_39.txt,varying,25,180,10,3,39,144,9.689.96,
varying_F10_m25_C180_a3_40.txt,varying,25,180,10,3,40,172,14.663.50,
varying_F10_m25_C180_a3_41.txt,varying,25,180,10,3,41,122,16.712.60,
varying_F10_m25_C180_a3_42.txt,varying,25,180,10,3,42,180,51.979.70,
varying_F10_m25_C180_a3_43.txt,varying,25,180,10,3,43,224,3.555.99,
varying_F10_m25_C180_a3_44.txt,varying,25,180,10,3,44,116,6.723.11,
varying_F10_m25_C180_a3_45.txt,varying,25,180,10,3,45,96,11.274.30,
varying_F10_m25_C180_a3_46.txt,varying,25,180,10,3,46,280,2.216.50,
varying_F10_m25_C180_a3_47.txt,varying,25,180,10,3,47,194,14.343.60,
varying_F10_m25_C180_a3_48.txt,varying,25,180,10,3,48,108,5.304.23,
varying_F10_m25_C180_a3_49.txt,varying,25,180,10,3,49,198,24.364.90,
varying_F10_m25_C180_a7_0.txt,varying,25,180,10,7,0,274,10.724.80,
varying_F10_m25_C180_a7_1.txt,varying,25,180,10,7,1,344,4.758.80,
varying_F10_m25_C180_a7_2.txt,varying,25,180,10,7,2,512,1.905.58,
varying_F10_m25_C180_a7_3.txt,varying,25,180,10,7,3,420,4.767.98,
varying_F10_m25_C180_a7_4.txt,varying,25,180,10,7,4,250,5.143.73,
varying_F10_m25_C180_a7_5.txt,varying,25,180,10,7,5,404,14.016.50,
varying_F10_m25_C180_a7_6.txt,varying,25,180,10,7,6,240,19.536,
varying_F10_m25_C180_a7_7.txt,varying,25,180,10,7,7,254,9.710.93,
varying_F10_m25_C180_a7_8.txt,varying,25,180,10,7,8,448,8.098.44,
varying_F10_m25_C180_a7_9.txt,varying,25,180,10,7,9,272,2.597.02,
varying_F10_m25_C180_a7_10.txt,varying,25,180,10,7,10,248,2.721.81,
varying_F10_m25_C180_a7_11.txt,varying,25,180,10,7,11,232,8.084.10,
varying_F10_m25_C180_a7_12.txt,varying,25,180,10,7,12,352,14.224.40,
varying_F10_m25_C180_a7_13.txt,varying,25,180,10,7,13,462,6.527.85,
varying_F10_m25_C180_a7_14.txt,varying,25,180,10,7,14,210,8.030.05,
varying_F10_m25_C180_a7_15.txt,varying,25,180,10,7,15,486,1.820.60,
varying_F10_m25_C180_a7_16.txt,varying,25,180,10,7,16,272,3.641.63,
varying_F10_m25_C180_a7_17.txt,varying,25,180,10,7,17,406,7.229.21,
varying_F10_m25_C180_a7_18.txt,varying,25,180,10,7,18,302,6.604.64,
varying_F10_m25_C180_a7_19.txt,varying,25,180,10,7,19,298,11.610.10,
varying_F10_m25_C180_a7_20.txt,varying,25,180,10,7,20,186,128.806,
varying_F10_m25_C180_a7_21.txt,varying,25,180,10,7,21,406,1.093.41,
varying_F10_m25_C180_a7_22.txt,varying,25,180,10,7,22,254,8.123.99,
varying_F10_m25_C180_a7_23.txt,varying,25,180,10,7,23,222,153.178,
varying_F10_m25_C180_a7_24.txt,varying,25,180,10,7,24,326,6.992.58,
varying_F10_m25_C180_a7_25.txt,varying,25,180,10,7,25,238,6.414.15,
varying_F10_m25_C180_a7_26.txt,varying,25,180,10,7,26,288,8.924.82,
varying_F10_m25_C180_a7_27.txt,varying,25,180,10,7,27,376,10.605,
varying_F10_m25_C180_a7_28.txt,varying,25,180,10,7,28,292,15.104.50,
varying_F10_m25_C180_a7_29.txt,varying,25,180,10,7,29,332,13.967.30,
varying_F10_m25_C180_a7_30.txt,varying,25,180,10,7,30,382,3.391.98,
varying_F10_m25_C180_a7_31.txt,varying,25,180,10,7,31,230,82.426.80,
varying_F10_m25_C180_a7_32.txt,varying,25,180,10,7,32,316,7.797.02,
varying_F10_m25_C180_a7_33.txt,varying,25,180,10,7,33,342,3.257.20,
varying_F10_m25_C180_a7_34.txt,varying,25,180,10,7,34,298,9.859.73,
varying_F10_m25_C180_a7_35.txt,varying,25,180,10,7,35,232,8.973.72,
varying_F10_m25_C180_a7_36.txt,varying,25,180,10,7,36,230,6.639.56,
varying_F10_m25_C180_a7_37.txt,varying,25,180,10,7,37,362,4.263.98,
varying_F10_m25_C180_a7_38.txt,varying,25,180,10,7,38,228,21.641.20,
varying_F10_m25_C180_a7_39.txt,varying,25,180,10,7,39,250,276.301,
varying_F10_m25_C180_a7_40.txt,varying,25,180,10,7,40,432,77.977.50,
varying_F10_m25_C180_a7_41.txt,varying,25,180,10,7,41,292,15.313.80,
varying_F10_m25_C180_a7_42.txt,varying,25,180,10,7,42,242,8.116.86,
varying_F10_m25_C180_a7_43.txt,varying,25,180,10,7,43,286,11.121.90,
varying_F10_m25_C180_a7_44.txt,varying,25,180,10,7,44,220,24.843.60,
varying_F10_m25_C180_a7_45.txt,varying,25,180,10,7,45,318,5.100.98,
varying_F10_m25_C180_a7_46.txt,varying,25,180,10,7,46,334,7.628.71,
varying_F10_m25_C180_a7_47.txt,varying,25,180,10,7,47,236,14.166.30,
varying_F10_m25_C180_a7_48.txt,varying,25,180,10,7,48,216,160.881,
varying_F10_m25_C180_a7_49.txt,varying,25,180,10,7,49,266,2.146.23,
varying_F10_m25_C180_a15_0.txt,varying,25,180,10,15,0,338,16.795.10,
varying_F10_m25_C180_a15_1.txt,varying,25,180,10,15,1,414,8.120.40,
varying_F10_m25_C180_a15_2.txt,varying,25,180,10,15,2,570,14.335.30,
varying_F10_m25_C180_a15_3.txt,varying,25,180,10,15,3,476,9.331.28,
varying_F10_m25_C180_a15_4.txt,varying,25,180,10,15,4,606,9.798.82,
varying_F10_m25_C180_a15_5.txt,varying,25,180,10,15,5,562,5.769.39,
varying_F10_m25_C180_a15_6.txt,varying,25,180,10,15,6,292,36.633.20,
varying_F10_m25_C180_a15_7.txt,varying,25,180,10,15,7,312,15.586.60,
varying_F10_m25_C180_a15_8.txt,varying,25,180,10,15,8,508,17.159.60,
varying_F10_m25_C180_a15_9.txt,varying,25,180,10,15,9,352,12.808.30,
varying_F10_m25_C180_a15_10.txt,varying,25,180,10,15,10,368,14.174.90,
varying_F10_m25_C180_a15_11.txt,varying,25,180,10,15,11,310,9.481.22,
varying_F10_m25_C180_a15_12.txt,varying,25,180,10,15,12,444,14.227.50,
varying_F10_m25_C180_a15_13.txt,varying,25,180,10,15,13,466,14.008,
varying_F10_m25_C180_a15_14.txt,varying,25,180,10,15,14,314,15.860.30,
varying_F10_m25_C180_a15_15.txt,varying,25,180,10,15,15,530,9.399.11,
varying_F10_m25_C180_a15_16.txt,varying,25,180,10,15,16,478,13.870.30,
varying_F10_m25_C180_a15_17.txt,varying,25,180,10,15,17,502,11.634.50,
varying_F10_m25_C180_a15_18.txt,varying,25,180,10,15,18,340,6.495.25,
varying_F10_m25_C180_a15_19.txt,varying,25,180,10,15,19,418,20.983.90,
varying_F10_m25_C180_a15_20.txt,varying,25,180,10,15,20,402,94.820.70,
varying_F10_m25_C180_a15_21.txt,varying,25,180,10,15,21,622,5.022.09,
varying_F10_m25_C180_a15_22.txt,varying,25,180,10,15,22,270,19.737.60,
varying_F10_m25_C180_a15_23.txt,varying,25,180,10,15,23,256,777.505,
varying_F10_m25_C180_a15_24.txt,varying,25,180,10,15,24,446,14.768.30,
varying_F10_m25_C180_a15_25.txt,varying,25,180,10,15,25,332,7.363.34,
varying_F10_m25_C180_a15_26.txt,varying,25,180,10,15,26,520,17.864,
varying_F10_m25_C180_a15_27.txt,varying,25,180,10,15,27,444,8.785.54,
varying_F10_m25_C180_a15_28.txt,varying,25,180,10,15,28,394,21.746.90,
varying_F10_m25_C180_a15_29.txt,varying,25,180,10,15,29,344,100.166,
varying_F10_m25_C180_a15_30.txt,varying,25,180,10,15,30,574,9.795.19,
varying_F10_m25_C180_a15_31.txt,varying,25,180,10,15,31,336,25.151.90,
varying_F10_m25_C180_a15_32.txt,varying,25,180,10,15,32,448,16.248,
varying_F10_m25_C180_a15_33.txt,varying,25,180,10,15,33,454,12.168,
varying_F10_m25_C180_a15_34.txt,varying,25,180,10,15,34,356,17.618.20,
varying_F10_m25_C180_a15_35.txt,varying,25,180,10,15,35,340,14.884.30,
varying_F10_m25_C180_a15_36.txt,varying,25,180,10,15,36,494,12.098.60,
varying_F10_m25_C180_a15_37.txt,varying,25,180,10,15,37,494,8.180.90,
varying_F10_m25_C180_a15_38.txt,varying,25,180,10,15,38,552,8.897.97,
varying_F10_m25_C180_a15_39.txt,varying,25,180,10,15,39,564,15.521.60,
varying_F10_m25_C180_a15_40.txt,varying,25,180,10,15,40,588,7.041.15,
varying_F10_m25_C180_a15_41.txt,varying,25,180,10,15,41,450,35.754.40,
varying_F10_m25_C180_a15_42.txt,varying,25,180,10,15,42,324,17.247.40,
varying_F10_m25_C180_a15_43.txt,varying,25,180,10,15,43,312,28.896.30,
varying_F10_m25_C180_a15_44.txt,varying,25,180,10,15,44,296,23.867.30,
varying_F10_m25_C180_a15_45.txt,varying,25,180,10,15,45,366,13.719.60,
varying_F10_m25_C180_a15_46.txt,varying,25,180,10,15,46,424,16.278,
varying_F10_m25_C180_a15_47.txt,varying,25,180,10,15,47,506,13.466.30,
varying_F10_m25_C180_a15_48.txt,varying,25,180,10,15,48,354,13.401.40,
varying_F10_m25_C180_a15_49.txt,varying,25,180,10,15,49,460,7.022.13,
varying_F10_m25_C180_a30_0.txt,varying,25,180,10,30,0,516,22.166.50,
varying_F10_m25_C180_a30_1.txt,varying,25,180,10,30,1,616,16.028.30,
varying_F10_m25_C180_a30_2.txt,varying,25,180,10,30,2,822,12.004.50,
varying_F10_m25_C180_a30_3.txt,varying,25,180,10,30,3,604,41.939.20,
varying_F10_m25_C180_a30_4.txt,varying,25,180,10,30,4,774,16.392.80,
varying_F10_m25_C180_a30_5.txt,varying,25,180,10,30,5,680,10.900,
varying_F10_m25_C180_a30_6.txt,varying,25,180,10,30,6,412,48.770.30,
varying_F10_m25_C180_a30_7.txt,varying,25,180,10,30,7,550,50.109.80,
varying_F10_m25_C180_a30_8.txt,varying,25,180,10,30,8,808,34.936.90,
varying_F10_m25_C180_a30_9.txt,varying,25,180,10,30,9,472,15.569.30,
varying_F10_m25_C180_a30_10.txt,varying,25,180,10,30,10,590,25.070.80,
varying_F10_m25_C180_a30_11.txt,varying,25,180,10,30,11,452,31.981.60,
varying_F10_m25_C180_a30_12.txt,varying,25,180,10,30,12,566,54.923.30,
varying_F10_m25_C180_a30_13.txt,varying,25,180,10,30,13,586,17.370.60,
varying_F10_m25_C180_a30_14.txt,varying,25,180,10,30,14,632,48.014.40,
varying_F10_m25_C180_a30_15.txt,varying,25,180,10,30,15,584,14.063.40,
varying_F10_m25_C180_a30_16.txt,varying,25,180,10,30,16,542,35.183.20,
varying_F10_m25_C180_a30_17.txt,varying,25,180,10,30,17,654,28.324,
varying_F10_m25_C180_a30_18.txt,varying,25,180,10,30,18,646,14.854.80,
varying_F10_m25_C180_a30_19.txt,varying,25,180,10,30,19,524,32.046.10,
varying_F10_m25_C180_a30_20.txt,varying,25,180,10,30,20,592,20.776.80,
varying_F10_m25_C180_a30_21.txt,varying,25,180,10,30,21,792,8.699.12,
varying_F10_m25_C180_a30_22.txt,varying,25,180,10,30,22,608,20.557.30,
varying_F10_m25_C180_a30_23.txt,varying,25,180,10,30,23,494,72.520.60,
varying_F10_m25_C180_a30_24.txt,varying,25,180,10,30,24,750,23.141.20,
varying_F10_m25_C180_a30_25.txt,varying,25,180,10,30,25,700,16.720.70,
varying_F10_m25_C180_a30_26.txt,varying,25,180,10,30,26,726,13.516.80,
varying_F10_m25_C180_a30_27.txt,varying,25,180,10,30,27,816,24.057.80,
varying_F10_m25_C180_a30_28.txt,varying,25,180,10,30,28,534,77.051,
varying_F10_m25_C180_a30_29.txt,varying,25,180,10,30,29,772,12.910.70,
varying_F10_m25_C180_a30_30.txt,varying,25,180,10,30,30,738,33.594.30,
varying_F10_m25_C180_a30_31.txt,varying,25,180,10,30,31,394,51.183.80,
varying_F10_m25_C180_a30_32.txt,varying,25,180,10,30,32,522,42.175.40,
varying_F10_m25_C180_a30_33.txt,varying,25,180,10,30,33,666,69.555.70,
varying_F10_m25_C180_a30_34.txt,varying,25,180,10,30,34,446,43.228.40,
varying_F10_m25_C180_a30_35.txt,varying,25,180,10,30,35,624,152.470,
varying_F10_m25_C180_a30_36.txt,varying,25,180,10,30,36,802,15.880.80,
varying_F10_m25_C180_a30_37.txt,varying,25,180,10,30,37,618,18.010.80,
varying_F10_m25_C180_a30_38.txt,varying,25,180,10,30,38,626,17.257,
varying_F10_m25_C180_a30_39.txt,varying,25,180,10,30,39,596,14.190.60,
varying_F10_m25_C180_a30_40.txt,varying,25,180,10,30,40,790,12.359.50,
varying_F10_m25_C180_a30_41.txt,varying,25,180,10,30,41,594,19.623,
varying_F10_m25_C180_a30_42.txt,varying,25,180,10,30,42,448,25.802.30,
varying_F10_m25_C180_a30_43.txt,varying,25,180,10,30,43,464,46.635.70,
varying_F10_m25_C180_a30_44.txt,varying,25,180,10,30,44,408,68.711.10,
varying_F10_m25_C180_a30_45.txt,varying,25,180,10,30,45,582,14.802.10,
varying_F10_m25_C180_a30_46.txt,varying,25,180,10,30,46,560,56.720.30,
varying_F10_m25_C180_a30_47.txt,varying,25,180,10,30,47,652,24.076.70,
varying_F10_m25_C180_a30_48.txt,varying,25,180,10,30,48,530,21.870.50,
varying_F10_m25_C180_a30_49.txt,varying,25,180,10,30,49,772,17.091.80,
varying_F2_m50_C30_a3_0.txt,varying,50,30,2,3,0,126,65.8433,
varying_F2_m50_C30_a3_1.txt,varying,50,30,2,3,1,302,59.3661,
varying_F2_m50_C30_a3_2.txt,varying,50,30,2,3,2,310,192.35,
varying_F2_m50_C30_a3_3.txt,varying,50,30,2,3,3,168,58.7719,
varying_F2_m50_C30_a3_4.txt,varying,50,30,2,3,4,192,20.5957,
varying_F2_m50_C30_a3_5.txt,varying,50,30,2,3,5,314,53.9549,
varying_F2_m50_C30_a3_6.txt,varying,50,30,2,3,6,336,43.017,
varying_F2_m50_C30_a3_7.txt,varying,50,30,2,3,7,210,69.2051,
varying_F2_m50_C30_a3_8.txt,varying,50,30,2,3,8,208,53.8435,
varying_F2_m50_C30_a3_9.txt,varying,50,30,2,3,9,196,210.246,
varying_F2_m50_C30_a3_10.txt,varying,50,30,2,3,10,184,985.969,
varying_F2_m50_C30_a3_11.txt,varying,50,30,2,3,11,286,55.6909,
varying_F2_m50_C30_a3_12.txt,varying,50,30,2,3,12,186,73.1824,
varying_F2_m50_C30_a3_13.txt,varying,50,30,2,3,13,248,79.8534,
varying_F2_m50_C30_a3_14.txt,varying,50,30,2,3,14,332,65.7433,
varying_F2_m50_C30_a3_15.txt,varying,50,30,2,3,15,152,66.2457,
varying_F2_m50_C30_a3_16.txt,varying,50,30,2,3,16,218,29.1661,
varying_F2_m50_C30_a3_17.txt,varying,50,30,2,3,17,236,54.1112,
varying_F2_m50_C30_a3_18.txt,varying,50,30,2,3,18,266,43.6613,
varying_F2_m50_C30_a3_19.txt,varying,50,30,2,3,19,246,452.689,
varying_F2_m50_C30_a3_20.txt,varying,50,30,2,3,20,264,58.0954,
varying_F2_m50_C30_a3_21.txt,varying,50,30,2,3,21,246,95.5307,
varying_F2_m50_C30_a3_22.txt,varying,50,30,2,3,22,218,118.302,
varying_F2_m50_C30_a3_23.txt,varying,50,30,2,3,23,278,95.4833,
varying_F2_m50_C30_a3_24.txt,varying,50,30,2,3,24,230,63.0364,
varying_F2_m50_C30_a3_25.txt,varying,50,30,2,3,25,158,96.0362,
varying_F2_m50_C30_a3_26.txt,varying,50,30,2,3,26,262,100.987,
varying_F2_m50_C30_a3_27.txt,varying,50,30,2,3,27,274,144.158,
varying_F2_m50_C30_a3_28.txt,varying,50,30,2,3,28,274,43.9902,
varying_F2_m50_C30_a3_29.txt,varying,50,30,2,3,29,192,660.372,
varying_F2_m50_C30_a3_30.txt,varying,50,30,2,3,30,154,65.1694,
varying_F2_m50_C30_a3_31.txt,varying,50,30,2,3,31,168,34.6718,
varying_F2_m50_C30_a3_32.txt,varying,50,30,2,3,32,204,76.7813,
varying_F2_m50_C30_a3_33.txt,varying,50,30,2,3,33,320,80.293,
varying_F2_m50_C30_a3_34.txt,varying,50,30,2,3,34,130,84.6864,
varying_F2_m50_C30_a3_35.txt,varying,50,30,2,3,35,150,96.9947,
varying_F2_m50_C30_a3_36.txt,varying,50,30,2,3,36,260,58.619,
varying_F2_m50_C30_a3_37.txt,varying,50,30,2,3,37,188,325.033,
varying_F2_m50_C30_a3_38.txt,varying,50,30,2,3,38,206,45.1428,
varying_F2_m50_C30_a3_39.txt,varying,50,30,2,3,39,228,474.518,
varying_F2_m50_C30_a3_40.txt,varying,50,30,2,3,40,84,25.6725,
varying_F2_m50_C30_a3_41.txt,varying,50,30,2,3,41,254,45.2241,
varying_F2_m50_C30_a3_42.txt,varying,50,30,2,3,42,288,22.4537,
varying_F2_m50_C30_a3_43.txt,varying,50,30,2,3,43,124,100.439,
varying_F2_m50_C30_a3_44.txt,varying,50,30,2,3,44,166,594.85,
varying_F2_m50_C30_a3_45.txt,varying,50,30,2,3,45,174,144.298,
varying_F2_m50_C30_a3_46.txt,varying,50,30,2,3,46,200,30.9387,
varying_F2_m50_C30_a3_47.txt,varying,50,30,2,3,47,174,717.951,
varying_F2_m50_C30_a3_48.txt,varying,50,30,2,3,48,202,472.214,
varying_F2_m50_C30_a3_49.txt,varying,50,30,2,3,49,204,108.832,
varying_F2_m50_C30_a7_0.txt,varying,50,30,2,7,0,246,215.68,
varying_F2_m50_C30_a7_1.txt,varying,50,30,2,7,1,370,192.014,
varying_F2_m50_C30_a7_2.txt,varying,50,30,2,7,2,386,251.422,
varying_F2_m50_C30_a7_3.txt,varying,50,30,2,7,3,216,131.494,
varying_F2_m50_C30_a7_4.txt,varying,50,30,2,7,4,290,199.709,
varying_F2_m50_C30_a7_5.txt,varying,50,30,2,7,5,354,93.114,
varying_F2_m50_C30_a7_6.txt,varying,50,30,2,7,6,394,104.522,
varying_F2_m50_C30_a7_7.txt,varying,50,30,2,7,7,312,135.815,
varying_F2_m50_C30_a7_8.txt,varying,50,30,2,7,8,320,103.06,
varying_F2_m50_C30_a7_9.txt,varying,50,30,2,7,9,218,349.938,
varying_F2_m50_C30_a7_10.txt,varying,50,30,2,7,10,268,17.599.60,
varying_F2_m50_C30_a7_11.txt,varying,50,30,2,7,11,356,296.441,
varying_F2_m50_C30_a7_12.txt,varying,50,30,2,7,12,216,133.931,
varying_F2_m50_C30_a7_13.txt,varying,50,30,2,7,13,294,130.297,
varying_F2_m50_C30_a7_14.txt,varying,50,30,2,7,14,392,88.1463,
varying_F2_m50_C30_a7_15.txt,varying,50,30,2,7,15,198,137.242,
varying_F2_m50_C30_a7_16.txt,varying,50,30,2,7,16,276,86.8276,
varying_F2_m50_C30_a7_17.txt,varying,50,30,2,7,17,262,180.541,
varying_F2_m50_C30_a7_18.txt,varying,50,30,2,7,18,290,112.809,
varying_F2_m50_C30_a7_19.txt,varying,50,30,2,7,19,350,132.027,
varying_F2_m50_C30_a7_20.txt,varying,50,30,2,7,20,306,172.582,
varying_F2_m50_C30_a7_21.txt,varying,50,30,2,7,21,338,140.85,
varying_F2_m50_C30_a7_22.txt,varying,50,30,2,7,22,312,239.945,
varying_F2_m50_C30_a7_23.txt,varying,50,30,2,7,23,334,197.449,
varying_F2_m50_C30_a7_24.txt,varying,50,30,2,7,24,352,96.6333,
varying_F2_m50_C30_a7_25.txt,varying,50,30,2,7,25,228,373.023,
varying_F2_m50_C30_a7_26.txt,varying,50,30,2,7,26,306,146.909,
varying_F2_m50_C30_a7_27.txt,varying,50,30,2,7,27,390,228.029,
varying_F2_m50_C30_a7_28.txt,varying,50,30,2,7,28,338,140.808,
varying_F2_m50_C30_a7_29.txt,varying,50,30,2,7,29,270,174.22,
varying_F2_m50_C30_a7_30.txt,varying,50,30,2,7,30,356,211.886,
varying_F2_m50_C30_a7_31.txt,varying,50,30,2,7,31,292,101.644,
varying_F2_m50_C30_a7_32.txt,varying,50,30,2,7,32,316,66.9402,
varying_F2_m50_C30_a7_33.txt,varying,50,30,2,7,33,366,106.146,
varying_F2_m50_C30_a7_34.txt,varying,50,30,2,7,34,260,252.454,
varying_F2_m50_C30_a7_35.txt,varying,50,30,2,7,35,334,2.073.37,
varying_F2_m50_C30_a7_36.txt,varying,50,30,2,7,36,282,127.076,
varying_F2_m50_C30_a7_37.txt,varying,50,30,2,7,37,252,350.674,
varying_F2_m50_C30_a7_38.txt,varying,50,30,2,7,38,248,143.952,
varying_F2_m50_C30_a7_39.txt,varying,50,30,2,7,39,374,245.67,
varying_F2_m50_C30_a7_40.txt,varying,50,30,2,7,40,214,289.878,
varying_F2_m50_C30_a7_41.txt,varying,50,30,2,7,41,294,152.766,
varying_F2_m50_C30_a7_42.txt,varying,50,30,2,7,42,324,89.7724,
varying_F2_m50_C30_a7_43.txt,varying,50,30,2,7,43,344,220.789,
varying_F2_m50_C30_a7_44.txt,varying,50,30,2,7,44,302,788.939,
varying_F2_m50_C30_a7_45.txt,varying,50,30,2,7,45,342,113.72,
varying_F2_m50_C30_a7_46.txt,varying,50,30,2,7,46,326,114.692,
varying_F2_m50_C30_a7_47.txt,varying,50,30,2,7,47,330,142.766,
varying_F2_m50_C30_a7_48.txt,varying,50,30,2,7,48,260,675.393,
varying_F2_m50_C30_a7_49.txt,varying,50,30,2,7,49,332,113.134,
varying_F2_m50_C30_a15_0.txt,varying,50,30,2,15,0,358,1.095.34,
varying_F2_m50_C30_a15_1.txt,varying,50,30,2,15,1,470,159.463,
varying_F2_m50_C30_a15_2.txt,varying,50,30,2,15,2,474,338.633,
varying_F2_m50_C30_a15_3.txt,varying,50,30,2,15,3,468,289.726,
varying_F2_m50_C30_a15_4.txt,varying,50,30,2,15,4,396,385.331,
varying_F2_m50_C30_a15_5.txt,varying,50,30,2,15,5,422,296.7,
varying_F2_m50_C30_a15_6.txt,varying,50,30,2,15,6,520,526.705,
varying_F2_m50_C30_a15_7.txt,varying,50,30,2,15,7,436,377.254,
varying_F2_m50_C30_a15_8.txt,varying,50,30,2,15,8,462,667.292,
varying_F2_m50_C30_a15_9.txt,varying,50,30,2,15,9,328,556.808,
varying_F2_m50_C30_a15_10.txt,varying,50,30,2,15,10,430,400.052,
varying_F2_m50_C30_a15_11.txt,varying,50,30,2,15,11,428,1.188.63,
varying_F2_m50_C30_a15_12.txt,varying,50,30,2,15,12,348,207.107,
varying_F2_m50_C30_a15_13.txt,varying,50,30,2,15,13,424,348.481,
varying_F2_m50_C30_a15_14.txt,varying,50,30,2,15,14,512,472.502,
varying_F2_m50_C30_a15_15.txt,varying,50,30,2,15,15,314,679.228,
varying_F2_m50_C30_a15_16.txt,varying,50,30,2,15,16,422,130.845,
varying_F2_m50_C30_a15_17.txt,varying,50,30,2,15,17,356,277.078,
varying_F2_m50_C30_a15_18.txt,varying,50,30,2,15,18,398,261.878,
varying_F2_m50_C30_a15_19.txt,varying,50,30,2,15,19,430,217.014,
varying_F2_m50_C30_a15_20.txt,varying,50,30,2,15,20,412,874.937,
varying_F2_m50_C30_a15_21.txt,varying,50,30,2,15,21,414,354.271,
varying_F2_m50_C30_a15_22.txt,varying,50,30,2,15,22,442,861.785,
varying_F2_m50_C30_a15_23.txt,varying,50,30,2,15,23,380,710.456,
varying_F2_m50_C30_a15_24.txt,varying,50,30,2,15,24,420,385.81,
varying_F2_m50_C30_a15_25.txt,varying,50,30,2,15,25,414,296.2,
varying_F2_m50_C30_a15_26.txt,varying,50,30,2,15,26,446,612.832,
varying_F2_m50_C30_a15_27.txt,varying,50,30,2,15,27,466,723.095,
varying_F2_m50_C30_a15_28.txt,varying,50,30,2,15,28,426,418.959,
varying_F2_m50_C30_a15_29.txt,varying,50,30,2,15,29,388,257.397,
varying_F2_m50_C30_a15_30.txt,varying,50,30,2,15,30,452,260.661,
varying_F2_m50_C30_a15_31.txt,varying,50,30,2,15,31,496,121.523,
varying_F2_m50_C30_a15_32.txt,varying,50,30,2,15,32,392,147.939,
varying_F2_m50_C30_a15_33.txt,varying,50,30,2,15,33,404,256.845,
varying_F2_m50_C30_a15_34.txt,varying,50,30,2,15,34,442,953.684,
varying_F2_m50_C30_a15_35.txt,varying,50,30,2,15,35,468,548.555,
varying_F2_m50_C30_a15_36.txt,varying,50,30,2,15,36,434,284.23,
varying_F2_m50_C30_a15_37.txt,varying,50,30,2,15,37,402,781.065,
varying_F2_m50_C30_a15_38.txt,varying,50,30,2,15,38,396,364.366,
varying_F2_m50_C30_a15_39.txt,varying,50,30,2,15,39,458,456.799,
varying_F2_m50_C30_a15_40.txt,varying,50,30,2,15,40,394,264.506,
varying_F2_m50_C30_a15_41.txt,varying,50,30,2,15,41,322,178.465,
varying_F2_m50_C30_a15_42.txt,varying,50,30,2,15,42,496,277.38,
varying_F2_m50_C30_a15_43.txt,varying,50,30,2,15,43,396,504.716,
varying_F2_m50_C30_a15_44.txt,varying,50,30,2,15,44,354,853.347,
varying_F2_m50_C30_a15_45.txt,varying,50,30,2,15,45,392,272.858,
varying_F2_m50_C30_a15_46.txt,varying,50,30,2,15,46,380,407.837,
varying_F2_m50_C30_a15_47.txt,varying,50,30,2,15,47,426,509.03,
varying_F2_m50_C30_a15_48.txt,varying,50,30,2,15,48,404,379.778,
varying_F2_m50_C30_a15_49.txt,varying,50,30,2,15,49,416,474.206,
varying_F2_m50_C30_a30_0.txt,varying,50,30,2,30,0,526,1.210.60,
varying_F2_m50_C30_a30_1.txt,varying,50,30,2,30,1,578,1.213.68,
varying_F2_m50_C30_a30_2.txt,varying,50,30,2,30,2,582,711.013,
varying_F2_m50_C30_a30_3.txt,varying,50,30,2,30,3,610,1.348.72,
varying_F2_m50_C30_a30_4.txt,varying,50,30,2,30,4,544,1.225.31,
varying_F2_m50_C30_a30_5.txt,varying,50,30,2,30,5,560,696.602,
varying_F2_m50_C30_a30_6.txt,varying,50,30,2,30,6,646,1.079.23,
varying_F2_m50_C30_a30_7.txt,varying,50,30,2,30,7,576,397.385,
varying_F2_m50_C30_a30_8.txt,varying,50,30,2,30,8,578,1.192.35,
varying_F2_m50_C30_a30_9.txt,varying,50,30,2,30,9,440,1.399.37,
varying_F2_m50_C30_a30_10.txt,varying,50,30,2,30,10,528,598.343,
varying_F2_m50_C30_a30_11.txt,varying,50,30,2,30,11,580,1.297.50,
varying_F2_m50_C30_a30_12.txt,varying,50,30,2,30,12,564,450.747,
varying_F2_m50_C30_a30_13.txt,varying,50,30,2,30,13,582,1.190.98,
varying_F2_m50_C30_a30_14.txt,varying,50,30,2,30,14,642,608.364,
varying_F2_m50_C30_a30_15.txt,varying,50,30,2,30,15,460,1.905.76,
varying_F2_m50_C30_a30_16.txt,varying,50,30,2,30,16,570,642.301,
varying_F2_m50_C30_a30_17.txt,varying,50,30,2,30,17,506,943.483,
varying_F2_m50_C30_a30_18.txt,varying,50,30,2,30,18,568,659.825,
varying_F2_m50_C30_a30_19.txt,varying,50,30,2,30,19,552,738.996,
varying_F2_m50_C30_a30_20.txt,varying,50,30,2,30,20,568,917.569,
varying_F2_m50_C30_a30_21.txt,varying,50,30,2,30,21,530,679.263,
varying_F2_m50_C30_a30_22.txt,varying,50,30,2,30,22,584,1.679.87,
varying_F2_m50_C30_a30_23.txt,varying,50,30,2,30,23,502,1.139.33,
varying_F2_m50_C30_a30_24.txt,varying,50,30,2,30,24,544,1.243.58,
varying_F2_m50_C30_a30_25.txt,varying,50,30,2,30,25,566,1.066.63,
varying_F2_m50_C30_a30_26.txt,varying,50,30,2,30,26,558,2.029.45,
varying_F2_m50_C30_a30_27.txt,varying,50,30,2,30,27,586,1.207.39,
varying_F2_m50_C30_a30_28.txt,varying,50,30,2,30,28,544,552.998,
varying_F2_m50_C30_a30_29.txt,varying,50,30,2,30,29,514,370.323,
varying_F2_m50_C30_a30_30.txt,varying,50,30,2,30,30,562,646.036,
varying_F2_m50_C30_a30_31.txt,varying,50,30,2,30,31,602,268.017,
varying_F2_m50_C30_a30_32.txt,varying,50,30,2,30,32,518,328.215,
varying_F2_m50_C30_a30_33.txt,varying,50,30,2,30,33,560,565.666,
varying_F2_m50_C30_a30_34.txt,varying,50,30,2,30,34,628,1.352.40,
varying_F2_m50_C30_a30_35.txt,varying,50,30,2,30,35,588,1.945.22,
varying_F2_m50_C30_a30_36.txt,varying,50,30,2,30,36,592,952.289,
varying_F2_m50_C30_a30_37.txt,varying,50,30,2,30,37,576,2.097.46,
varying_F2_m50_C30_a30_38.txt,varying,50,30,2,30,38,502,963.062,
varying_F2_m50_C30_a30_39.txt,varying,50,30,2,30,39,530,435.603,
varying_F2_m50_C30_a30_40.txt,varying,50,30,2,30,40,494,1.061.11,
varying_F2_m50_C30_a30_41.txt,varying,50,30,2,30,41,476,460.404,
varying_F2_m50_C30_a30_42.txt,varying,50,30,2,30,42,612,707.328,
varying_F2_m50_C30_a30_43.txt,varying,50,30,2,30,43,492,673.265,
varying_F2_m50_C30_a30_44.txt,varying,50,30,2,30,44,462,531.612,
varying_F2_m50_C30_a30_45.txt,varying,50,30,2,30,45,540,740.764,
varying_F2_m50_C30_a30_46.txt,varying,50,30,2,30,46,526,505.498,
varying_F2_m50_C30_a30_47.txt,varying,50,30,2,30,47,596,875.201,
varying_F2_m50_C30_a30_48.txt,varying,50,30,2,30,48,552,945.732,
varying_F2_m50_C30_a30_49.txt,varying,50,30,2,30,49,594,827.253,
varying_F5_m50_C30_a3_0.txt,varying,50,30,5,3,0,300,456.733,
varying_F5_m50_C30_a3_1.txt,varying,50,30,5,3,1,122,770.018,
varying_F5_m50_C30_a3_2.txt,varying,50,30,5,3,2,176,34.585.60,
varying_F5_m50_C30_a3_3.txt,varying,50,30,5,3,3,96,715.562,
varying_F5_m50_C30_a3_4.txt,varying,50,30,5,3,4,162,3.677.35,
varying_F5_m50_C30_a3_5.txt,varying,50,30,5,3,5,62,4.752.26,
varying_F5_m50_C30_a3_6.txt,varying,50,30,5,3,6,210,487.142,
varying_F5_m50_C30_a3_7.txt,varying,50,30,5,3,7,100,457.529,
varying_F5_m50_C30_a3_8.txt,varying,50,30,5,3,8,74,2.793.97,
varying_F5_m50_C30_a3_9.txt,varying,50,30,5,3,9,88,10.134.20,
varying_F5_m50_C30_a3_10.txt,varying,50,30,5,3,10,76,1.705.68,
varying_F5_m50_C30_a3_11.txt,varying,50,30,5,3,11,256,389.83,
varying_F5_m50_C30_a3_12.txt,varying,50,30,5,3,12,88,2.513.77,
varying_F5_m50_C30_a3_13.txt,varying,50,30,5,3,13,90,393.024,
varying_F5_m50_C30_a3_14.txt,varying,50,30,5,3,14,154,255.744,
varying_F5_m50_C30_a3_15.txt,varying,50,30,5,3,15,238,291.648,
varying_F5_m50_C30_a3_16.txt,varying,50,30,5,3,16,128,3.799.60,
varying_F5_m50_C30_a3_17.txt,varying,50,30,5,3,17,112,462.17,
varying_F5_m50_C30_a3_18.txt,varying,50,30,5,3,18,86,6.000.09,
varying_F5_m50_C30_a3_19.txt,varying,50,30,5,3,19,56,2.678.30,
varying_F5_m50_C30_a3_20.txt,varying,50,30,5,3,20,74,5.253.86,
varying_F5_m50_C30_a3_21.txt,varying,50,30,5,3,21,262,558.037,
varying_F5_m50_C30_a3_22.txt,varying,50,30,5,3,22,72,1.488.78,
varying_F5_m50_C30_a3_23.txt,varying,50,30,5,3,23,254,639.722,
varying_F5_m50_C30_a3_24.txt,varying,50,30,5,3,24,128,725.949,
varying_F5_m50_C30_a3_25.txt,varying,50,30,5,3,25,116,4.701,
varying_F5_m50_C30_a3_26.txt,varying,50,30,5,3,26,358,1.243.47,
varying_F5_m50_C30_a3_27.txt,varying,50,30,5,3,27,224,817.402,
varying_F5_m50_C30_a3_28.txt,varying,50,30,5,3,28,232,4.891.49,
varying_F5_m50_C30_a3_29.txt,varying,50,30,5,3,29,72,3.677.65,
varying_F5_m50_C30_a3_30.txt,varying,50,30,5,3,30,82,8.899.95,
varying_F5_m50_C30_a3_31.txt,varying,50,30,5,3,31,128,2.552.84,
varying_F5_m50_C30_a3_32.txt,varying,50,30,5,3,32,166,1.090.67,
varying_F5_m50_C30_a3_33.txt,varying,50,30,5,3,33,330,392.546,
varying_F5_m50_C30_a3_34.txt,varying,50,30,5,3,34,64,866.309,
varying_F5_m50_C30_a3_35.txt,varying,50,30,5,3,35,90,1.731.07,
varying_F5_m50_C30_a3_36.txt,varying,50,30,5,3,36,46,1.463.59,
varying_F5_m50_C30_a3_37.txt,varying,50,30,5,3,37,160,573.409,
varying_F5_m50_C30_a3_38.txt,varying,50,30,5,3,38,212,1.027.84,
varying_F5_m50_C30_a3_39.txt,varying,50,30,5,3,39,54,2.184,
varying_F5_m50_C30_a3_40.txt,varying,50,30,5,3,40,126,422.085,
varying_F5_m50_C30_a3_41.txt,varying,50,30,5,3,41,280,397.491,
varying_F5_m50_C30_a3_42.txt,varying,50,30,5,3,42,250,7.024.87,
varying_F5_m50_C30_a3_43.txt,varying,50,30,5,3,43,156,486.302,
varying_F5_m50_C30_a3_44.txt,varying,50,30,5,3,44,102,6.449.05,
varying_F5_m50_C30_a3_45.txt,varying,50,30,5,3,45,190,893.11,
varying_F5_m50_C30_a3_46.txt,varying,50,30,5,3,46,58,1.583.17,
varying_F5_m50_C30_a3_47.txt,varying,50,30,5,3,47,182,1.468.38,
varying_F5_m50_C30_a3_48.txt,varying,50,30,5,3,48,128,6.932.76,
varying_F5_m50_C30_a3_49.txt,varying,50,30,5,3,49,98,5.377.65,
varying_F5_m50_C30_a7_0.txt,varying,50,30,5,7,0,370,2.002.47,
varying_F5_m50_C30_a7_1.txt,varying,50,30,5,7,1,174,4.382.41,
varying_F5_m50_C30_a7_2.txt,varying,50,30,5,7,2,358,1.459.15,
varying_F5_m50_C30_a7_3.txt,varying,50,30,5,7,3,174,12.662,
varying_F5_m50_C30_a7_4.txt,varying,50,30,5,7,4,230,21.382.30,
varying_F5_m50_C30_a7_5.txt,varying,50,30,5,7,5,116,1.057.84,
varying_F5_m50_C30_a7_6.txt,varying,50,30,5,7,6,222,701.463,
varying_F5_m50_C30_a7_7.txt,varying,50,30,5,7,7,190,1.055.14,
varying_F5_m50_C30_a7_8.txt,varying,50,30,5,7,8,272,641.902,
varying_F5_m50_C30_a7_9.txt,varying,50,30,5,7,9,212,773.381,
varying_F5_m50_C30_a7_10.txt,varying,50,30,5,7,10,204,2.089.17,
varying_F5_m50_C30_a7_11.txt,varying,50,30,5,7,11,260,1.546.22,
varying_F5_m50_C30_a7_12.txt,varying,50,30,5,7,12,148,4.275.90,
varying_F5_m50_C30_a7_13.txt,varying,50,30,5,7,13,210,12.990.20,
varying_F5_m50_C30_a7_14.txt,varying,50,30,5,7,14,214,4.363.49,
varying_F5_m50_C30_a7_15.txt,varying,50,30,5,7,15,240,1.144.23,
varying_F5_m50_C30_a7_16.txt,varying,50,30,5,7,16,166,7.634.04,
varying_F5_m50_C30_a7_17.txt,varying,50,30,5,7,17,216,800.541,
varying_F5_m50_C30_a7_18.txt,varying,50,30,5,7,18,250,2.227.92,
varying_F5_m50_C30_a7_19.txt,varying,50,30,5,7,19,320,1.414.62,
varying_F5_m50_C30_a7_20.txt,varying,50,30,5,7,20,110,10.965.10,
varying_F5_m50_C30_a7_21.txt,varying,50,30,5,7,21,282,1.500.30,
varying_F5_m50_C30_a7_22.txt,varying,50,30,5,7,22,114,2.686.14,
varying_F5_m50_C30_a7_23.txt,varying,50,30,5,7,23,276,2.900.38,
varying_F5_m50_C30_a7_24.txt,varying,50,30,5,7,24,186,2.072.21,
varying_F5_m50_C30_a7_25.txt,varying,50,30,5,7,25,272,1.343.71,
varying_F5_m50_C30_a7_26.txt,varying,50,30,5,7,26,370,2.485.89,
varying_F5_m50_C30_a7_27.txt,varying,50,30,5,7,27,254,1.756.23,
varying_F5_m50_C30_a7_28.txt,varying,50,30,5,7,28,300,8.829.16,
varying_F5_m50_C30_a7_29.txt,varying,50,30,5,7,29,156,6.541.97,
varying_F5_m50_C30_a7_30.txt,varying,50,30,5,7,30,300,19.142.10,
varying_F5_m50_C30_a7_31.txt,varying,50,30,5,7,31,188,1.656.37,
varying_F5_m50_C30_a7_32.txt,varying,50,30,5,7,32,236,1.413.30,
varying_F5_m50_C30_a7_33.txt,varying,50,30,5,7,33,340,1.986.56,
varying_F5_m50_C30_a7_34.txt,varying,50,30,5,7,34,180,1.428.12,
varying_F5_m50_C30_a7_35.txt,varying,50,30,5,7,35,184,37.037.70,
varying_F5_m50_C30_a7_36.txt,varying,50,30,5,7,36,174,7.531.75,
varying_F5_m50_C30_a7_37.txt,varying,50,30,5,7,37,348,2.212.11,
varying_F5_m50_C30_a7_38.txt,varying,50,30,5,7,38,226,2.544.77,
varying_F5_m50_C30_a7_39.txt,varying,50,30,5,7,39,172,1.401.58,
varying_F5_m50_C30_a7_40.txt,varying,50,30,5,7,40,206,1.436.75,
varying_F5_m50_C30_a7_41.txt,varying,50,30,5,7,41,294,912.684,
varying_F5_m50_C30_a7_42.txt,varying,50,30,5,7,42,352,2.549.32,
varying_F5_m50_C30_a7_43.txt,varying,50,30,5,7,43,260,463.033,
varying_F5_m50_C30_a7_44.txt,varying,50,30,5,7,44,132,2.639.92,
varying_F5_m50_C30_a7_45.txt,varying,50,30,5,7,45,308,2.148.45,
varying_F5_m50_C30_a7_46.txt,varying,50,30,5,7,46,206,2.351.63,
varying_F5_m50_C30_a7_47.txt,varying,50,30,5,7,47,200,1.153.32,
varying_F5_m50_C30_a7_48.txt,varying,50,30,5,7,48,270,1.634.58,
varying_F5_m50_C30_a7_49.txt,varying,50,30,5,7,49,142,110.968,
varying_F5_m50_C30_a15_0.txt,varying,50,30,5,15,0,426,3.782.98,
varying_F5_m50_C30_a15_1.txt,varying,50,30,5,15,1,286,84.648.20,
varying_F5_m50_C30_a15_2.txt,varying,50,30,5,15,2,406,5.661.93,
varying_F5_m50_C30_a15_3.txt,varying,50,30,5,15,3,350,3.614.88,
varying_F5_m50_C30_a15_4.txt,varying,50,30,5,15,4,304,6.611.25,
varying_F5_m50_C30_a15_5.txt,varying,50,30,5,15,5,278,4.673.80,
varying_F5_m50_C30_a15_6.txt,varying,50,30,5,15,6,274,2.339.49,
varying_F5_m50_C30_a15_7.txt,varying,50,30,5,15,7,336,4.291.47,
varying_F5_m50_C30_a15_8.txt,varying,50,30,5,15,8,336,4.200.53,
varying_F5_m50_C30_a15_9.txt,varying,50,30,5,15,9,254,1.877.84,
varying_F5_m50_C30_a15_10.txt,varying,50,30,5,15,10,226,5.944.50,
varying_F5_m50_C30_a15_11.txt,varying,50,30,5,15,11,312,9.603.76,
varying_F5_m50_C30_a15_12.txt,varying,50,30,5,15,12,282,2.975.12,
varying_F5_m50_C30_a15_13.txt,varying,50,30,5,15,13,290,5.475.42,
varying_F5_m50_C30_a15_14.txt,varying,50,30,5,15,14,308,4.666.67,
varying_F5_m50_C30_a15_15.txt,varying,50,30,5,15,15,282,5.436.65,
varying_F5_m50_C30_a15_16.txt,varying,50,30,5,15,16,278,9.037.78,
varying_F5_m50_C30_a15_17.txt,varying,50,30,5,15,17,244,6.788.50,
varying_F5_m50_C30_a15_18.txt,varying,50,30,5,15,18,296,4.647.32,
varying_F5_m50_C30_a15_19.txt,varying,50,30,5,15,19,404,2.445.49,
varying_F5_m50_C30_a15_20.txt,varying,50,30,5,15,20,384,3.576.68,
varying_F5_m50_C30_a15_21.txt,varying,50,30,5,15,21,386,4.365.66,
varying_F5_m50_C30_a15_22.txt,varying,50,30,5,15,22,304,4.109.78,
varying_F5_m50_C30_a15_23.txt,varying,50,30,5,15,23,388,2.409.63,
varying_F5_m50_C30_a15_24.txt,varying,50,30,5,15,24,300,6.290.45,
varying_F5_m50_C30_a15_25.txt,varying,50,30,5,15,25,312,2.400.56,
varying_F5_m50_C30_a15_26.txt,varying,50,30,5,15,26,446,3.861.70,
varying_F5_m50_C30_a15_27.txt,varying,50,30,5,15,27,362,6.441.87,
varying_F5_m50_C30_a15_28.txt,varying,50,30,5,15,28,370,22.975.30,
varying_F5_m50_C30_a15_29.txt,varying,50,30,5,15,29,238,108.235,
varying_F5_m50_C30_a15_30.txt,varying,50,30,5,15,30,352,3.817.04,
varying_F5_m50_C30_a15_31.txt,varying,50,30,5,15,31,356,7.923.28,
varying_F5_m50_C30_a15_32.txt,varying,50,30,5,15,32,294,4.742.03,
varying_F5_m50_C30_a15_33.txt,varying,50,30,5,15,33,400,2.912.06,
varying_F5_m50_C30_a15_34.txt,varying,50,30,5,15,34,414,1.841.46,
varying_F5_m50_C30_a15_35.txt,varying,50,30,5,15,35,250,6.448.64,
varying_F5_m50_C30_a15_36.txt,varying,50,30,5,15,36,392,4.216.36,
varying_F5_m50_C30_a15_37.txt,varying,50,30,5,15,37,434,1.308.47,
varying_F5_m50_C30_a15_38.txt,varying,50,30,5,15,38,334,2.411.12,
varying_F5_m50_C30_a15_39.txt,varying,50,30,5,15,39,324,3.206.08,
varying_F5_m50_C30_a15_40.txt,varying,50,30,5,15,40,232,8.781.95,
varying_F5_m50_C30_a15_41.txt,varying,50,30,5,15,41,324,6.925.62,
varying_F5_m50_C30_a15_42.txt,varying,50,30,5,15,42,426,4.021.86,
varying_F5_m50_C30_a15_43.txt,varying,50,30,5,15,43,362,4.254.59,
varying_F5_m50_C30_a15_44.txt,varying,50,30,5,15,44,286,32.888.50,
varying_F5_m50_C30_a15_45.txt,varying,50,30,5,15,45,340,4.160.12,
varying_F5_m50_C30_a15_46.txt,varying,50,30,5,15,46,326,5.083.96,
varying_F5_m50_C30_a15_47.txt,varying,50,30,5,15,47,316,3.528.38,
varying_F5_m50_C30_a15_48.txt,varying,50,30,5,15,48,420,1.781.74,
varying_F5_m50_C30_a15_49.txt,varying,50,30,5,15,49,182,7.485.10,
varying_F5_m50_C30_a30_0.txt,varying,50,30,5,30,0,460,10.142.30,
varying_F5_m50_C30_a30_1.txt,varying,50,30,5,30,1,430,6.479.45,
varying_F5_m50_C30_a30_2.txt,varying,50,30,5,30,2,530,7.527.43,
varying_F5_m50_C30_a30_3.txt,varying,50,30,5,30,3,476,76.987.60,
varying_F5_m50_C30_a30_4.txt,varying,50,30,5,30,4,454,6.417.80,
varying_F5_m50_C30_a30_5.txt,varying,50,30,5,30,5,454,138.833,
varying_F5_m50_C30_a30_6.txt,varying,50,30,5,30,6,414,5.476.02,
varying_F5_m50_C30_a30_7.txt,varying,50,30,5,30,7,406,7.523.94,
varying_F5_m50_C30_a30_8.txt,varying,50,30,5,30,8,466,6.874.59,
varying_F5_m50_C30_a30_9.txt,varying,50,30,5,30,9,452,5.105.08,
varying_F5_m50_C30_a30_10.txt,varying,50,30,5,30,10,372,5.926.30,
varying_F5_m50_C30_a30_11.txt,varying,50,30,5,30,11,460,5.299.95,
varying_F5_m50_C30_a30_12.txt,varying,50,30,5,30,12,358,13.394.70,
varying_F5_m50_C30_a30_13.txt,varying,50,30,5,30,13,462,40.666.60,
varying_F5_m50_C30_a30_14.txt,varying,50,30,5,30,14,452,8.973.60,
varying_F5_m50_C30_a30_15.txt,varying,50,30,5,30,15,384,10.071.30,
varying_F5_m50_C30_a30_16.txt,varying,50,30,5,30,16,438,13.208.10,
varying_F5_m50_C30_a30_17.txt,varying,50,30,5,30,17,342,10.650.70,
varying_F5_m50_C30_a30_18.txt,varying,50,30,5,30,18,410,7.992.47,
varying_F5_m50_C30_a30_19.txt,varying,50,30,5,30,19,464,7.559.81,
varying_F5_m50_C30_a30_20.txt,varying,50,30,5,30,20,458,28.353.50,
varying_F5_m50_C30_a30_21.txt,varying,50,30,5,30,21,422,11.559.40,
varying_F5_m50_C30_a30_22.txt,varying,50,30,5,30,22,472,105.206,
varying_F5_m50_C30_a30_23.txt,varying,50,30,5,30,23,484,7.636.25,
varying_F5_m50_C30_a30_24.txt,varying,50,30,5,30,24,428,56.611.20,
varying_F5_m50_C30_a30_25.txt,varying,50,30,5,30,25,434,11.706.40,
varying_F5_m50_C30_a30_26.txt,varying,50,30,5,30,26,490,12.088.40,
varying_F5_m50_C30_a30_27.txt,varying,50,30,5,30,27,424,11.349.80,
varying_F5_m50_C30_a30_28.txt,varying,50,30,5,30,28,412,23.393,
varying_F5_m50_C30_a30_29.txt,varying,50,30,5,30,29,422,44.545.10,
varying_F5_m50_C30_a30_30.txt,varying,50,30,5,30,30,466,7.303.99,
varying_F5_m50_C30_a30_31.txt,varying,50,30,5,30,31,456,14.369,
varying_F5_m50_C30_a30_32.txt,varying,50,30,5,30,32,490,9.327.35,
varying_F5_m50_C30_a30_33.txt,varying,50,30,5,30,33,464,10.952.80,
varying_F5_m50_C30_a30_34.txt,varying,50,30,5,30,34,468,6.664.75,
varying_F5_m50_C30_a30_35.txt,varying,50,30,5,30,35,428,10.677.60,
varying_F5_m50_C30_a30_36.txt,varying,50,30,5,30,36,452,8.325.79,
varying_F5_m50_C30_a30_37.txt,varying,50,30,5,30,37,528,9.994.49,
varying_F5_m50_C30_a30_38.txt,varying,50,30,5,30,38,400,6.055.04,
varying_F5_m50_C30_a30_39.txt,varying,50,30,5,30,39,478,9.513.56,
varying_F5_m50_C30_a30_40.txt,varying,50,30,5,30,40,332,127.772,
varying_F5_m50_C30_a30_41.txt,varying,50,30,5,30,41,418,6.537.12,
varying_F5_m50_C30_a30_42.txt,varying,50,30,5,30,42,548,6.038.29,
varying_F5_m50_C30_a30_43.txt,varying,50,30,5,30,43,442,6.765.20,
varying_F5_m50_C30_a30_44.txt,varying,50,30,5,30,44,402,218.795,
varying_F5_m50_C30_a30_45.txt,varying,50,30,5,30,45,450,7.444.86,
varying_F5_m50_C30_a30_46.txt,varying,50,30,5,30,46,428,10.292.70,
varying_F5_m50_C30_a30_47.txt,varying,50,30,5,30,47,454,8.583.03,
varying_F5_m50_C30_a30_48.txt,varying,50,30,5,30,48,490,8.022.69,
varying_F5_m50_C30_a30_49.txt,varying,50,30,5,30,49,442,24.616.30,
varying_F10_m50_C30_a3_0.txt,varying,50,30,10,3,0,136,6.303.32,
varying_F10_m50_C30_a3_1.txt,varying,50,30,10,3,1,58,22.140.50,
varying_F10_m50_C30_a3_2.txt,varying,50,30,10,3,2,96,2.608.80,
varying_F10_m50_C30_a3_3.txt,varying,50,30,10,3,3,52,7.025.51,
varying_F10_m50_C30_a3_4.txt,varying,50,30,10,3,4,38,12.453.70,
varying_F10_m50_C30_a3_5.txt,varying,50,30,10,3,5,56,20.944.60,
varying_F10_m50_C30_a3_6.txt,varying,50,30,10,3,6,58,48.992.30,
varying_F10_m50_C30_a3_7.txt,varying,50,30,10,3,7,102,14.856.90,
varying_F10_m50_C30_a3_8.txt,varying,50,30,10,3,8,68,25.406.70,
varying_F10_m50_C30_a3_9.txt,varying,50,30,10,3,9,46,10.616.60,
varying_F10_m50_C30_a3_10.txt,varying,50,30,10,3,10,38,12.433.80,
varying_F10_m50_C30_a3_11.txt,varying,50,30,10,3,11,172,1.951.07,
varying_F10_m50_C30_a3_12.txt,varying,50,30,10,3,12,56,27.554.50,
varying_F10_m50_C30_a3_13.txt,varying,50,30,10,3,13,50,12.043.40,
varying_F10_m50_C30_a3_14.txt,varying,50,30,10,3,14,48,7.976.16,
varying_F10_m50_C30_a3_15.txt,varying,50,30,10,3,15,82,2.095.40,
varying_F10_m50_C30_a3_16.txt,varying,50,30,10,3,16,80,19.499.80,
varying_F10_m50_C30_a3_17.txt,varying,50,30,10,3,17,92,1.187.23,
varying_F10_m50_C30_a3_18.txt,varying,50,30,10,3,18,46,23.364.60,
varying_F10_m50_C30_a3_19.txt,varying,50,30,10,3,19,212,2.100.16,
varying_F10_m50_C30_a3_20.txt,varying,50,30,10,3,20,68,28.136.80,
varying_F10_m50_C30_a3_21.txt,varying,50,30,10,3,21,100,26.736.50,
varying_F10_m50_C30_a3_22.txt,varying,50,30,10,3,22,152,2.418.46,
varying_F10_m50_C30_a3_23.txt,varying,50,30,10,3,23,80,5.959.03,
varying_F10_m50_C30_a3_24.txt,varying,50,30,10,3,24,74,18.059.20,
varying_F10_m50_C30_a3_25.txt,varying,50,30,10,3,25,66,13.189,
varying_F10_m50_C30_a3_26.txt,varying,50,30,10,3,26,74,7.768.90,
varying_F10_m50_C30_a3_27.txt,varying,50,30,10,3,27,90,41.962.90,
varying_F10_m50_C30_a3_28.txt,varying,50,30,10,3,28,60,21.096.90,
varying_F10_m50_C30_a3_29.txt,varying,50,30,10,3,29,94,44.072.70,
varying_F10_m50_C30_a3_30.txt,varying,50,30,10,3,30,44,10.780.50,
varying_F10_m50_C30_a3_31.txt,varying,50,30,10,3,31,70,52.245.70,
varying_F10_m50_C30_a3_32.txt,varying,50,30,10,3,32,68,24.477.40,
varying_F10_m50_C30_a3_33.txt,varying,50,30,10,3,33,216,4.266,
varying_F10_m50_C30_a3_34.txt,varying,50,30,10,3,34,48,17.375.90,
varying_F10_m50_C30_a3_35.txt,varying,50,30,10,3,35,116,7.322.64,
varying_F10_m50_C30_a3_36.txt,varying,50,30,10,3,36,46,8.112.40,
varying_F10_m50_C30_a3_37.txt,varying,50,30,10,3,37,78,30.572.50,
varying_F10_m50_C30_a3_38.txt,varying,50,30,10,3,38,96,2.237.47,
varying_F10_m50_C30_a3_39.txt,varying,50,30,10,3,39,260,6.721.38,
varying_F10_m50_C30_a3_40.txt,varying,50,30,10,3,40,44,4.236.35,
varying_F10_m50_C30_a3_41.txt,varying,50,30,10,3,41,62,21.002.90,
varying_F10_m50_C30_a3_42.txt,varying,50,30,10,3,42,44,11.819.80,
varying_F10_m50_C30_a3_43.txt,varying,50,30,10,3,43,72,2.034.59,
varying_F10_m50_C30_a3_44.txt,varying,50,30,10,3,44,102,6.157.25,
varying_F10_m50_C30_a3_45.txt,varying,50,30,10,3,45,60,20.161.50,
varying_F10_m50_C30_a3_46.txt,varying,50,30,10,3,46,92,7.610.11,
varying_F10_m50_C30_a3_47.txt,varying,50,30,10,3,47,80,43.620.60,
varying_F10_m50_C30_a3_48.txt,varying,50,30,10,3,48,154,6.120.27,
varying_F10_m50_C30_a3_49.txt,varying,50,30,10,3,49,44,8.959.28,
varying_F10_m50_C30_a7_0.txt,varying,50,30,10,7,0,136,13.250.40,
varying_F10_m50_C30_a7_1.txt,varying,50,30,10,7,1,148,37.120.20,
varying_F10_m50_C30_a7_2.txt,varying,50,30,10,7,2,296,6.076.75,
varying_F10_m50_C30_a7_3.txt,varying,50,30,10,7,3,120,16.035,
varying_F10_m50_C30_a7_4.txt,varying,50,30,10,7,4,232,4.390.91,
varying_F10_m50_C30_a7_5.txt,varying,50,30,10,7,5,104,16.337.30,
varying_F10_m50_C30_a7_6.txt,varying,50,30,10,7,6,134,7.259.63,
varying_F10_m50_C30_a7_7.txt,varying,50,30,10,7,7,116,18.059,
varying_F10_m50_C30_a7_8.txt,varying,50,30,10,7,8,96,173.625,
varying_F10_m50_C30_a7_9.txt,varying,50,30,10,7,9,70,24.097.90,
varying_F10_m50_C30_a7_10.txt,varying,50,30,10,7,10,110,4.004.96,
varying_F10_m50_C30_a7_11.txt,varying,50,30,10,7,11,184,8.956.52,
varying_F10_m50_C30_a7_12.txt,varying,50,30,10,7,12,98,9.144.77,
varying_F10_m50_C30_a7_13.txt,varying,50,30,10,7,13,106,134.460,
varying_F10_m50_C30_a7_14.txt,varying,50,30,10,7,14,104,7.043.24,
varying_F10_m50_C30_a7_15.txt,varying,50,30,10,7,15,106,16.913.60,
varying_F10_m50_C30_a7_16.txt,varying,50,30,10,7,16,118,656.521,
varying_F10_m50_C30_a7_17.txt,varying,50,30,10,7,17,126,3.259.72,
varying_F10_m50_C30_a7_18.txt,varying,50,30,10,7,18,82,12.707.70,
varying_F10_m50_C30_a7_19.txt,varying,50,30,10,7,19,292,6.694.19,
varying_F10_m50_C30_a7_20.txt,varying,50,30,10,7,20,158,341.437,
varying_F10_m50_C30_a7_21.txt,varying,50,30,10,7,21,166,20.970.20,
varying_F10_m50_C30_a7_22.txt,varying,50,30,10,7,22,158,6.192.18,
varying_F10_m50_C30_a7_23.txt,varying,50,30,10,7,23,116,8.217.51,
varying_F10_m50_C30_a7_24.txt,varying,50,30,10,7,24,112,56.856,
varying_F10_m50_C30_a7_25.txt,varying,50,30,10,7,25,100,95.560.40,
varying_F10_m50_C30_a7_26.txt,varying,50,30,10,7,26,180,16.585,
varying_F10_m50_C30_a7_27.txt,varying,50,30,10,7,27,322,4.802.19,
varying_F10_m50_C30_a7_28.txt,varying,50,30,10,7,28,106,144.791,
varying_F10_m50_C30_a7_29.txt,varying,50,30,10,7,29,118,183.690,
varying_F10_m50_C30_a7_30.txt,varying,50,30,10,7,30,328,3.053.87,
varying_F10_m50_C30_a7_31.txt,varying,50,30,10,7,31,98,49.220.50,
varying_F10_m50_C30_a7_32.txt,varying,50,30,10,7,32,96,480.325,
varying_F10_m50_C30_a7_33.txt,varying,50,30,10,7,33,282,6.527.13,
varying_F10_m50_C30_a7_34.txt,varying,50,30,10,7,34,214,7.859.27,
varying_F10_m50_C30_a7_35.txt,varying,50,30,10,7,35,124,12.403.30,
varying_F10_m50_C30_a7_36.txt,varying,50,30,10,7,36,102,13.421.80,
varying_F10_m50_C30_a7_37.txt,varying,50,30,10,7,37,184,11.024.60,
varying_F10_m50_C30_a7_38.txt,varying,50,30,10,7,38,210,6.338.58,
varying_F10_m50_C30_a7_39.txt,varying,50,30,10,7,39,264,49.834.20,
varying_F10_m50_C30_a7_40.txt,varying,50,30,10,7,40,214,31.836.30,
varying_F10_m50_C30_a7_41.txt,varying,50,30,10,7,41,234,4.947.37,
varying_F10_m50_C30_a7_42.txt,varying,50,30,10,7,42,72,14.333.80,
varying_F10_m50_C30_a7_43.txt,varying,50,30,10,7,43,154,4.519.63,
varying_F10_m50_C30_a7_44.txt,varying,50,30,10,7,44,138,4.933.68,
varying_F10_m50_C30_a7_45.txt,varying,50,30,10,7,45,290,4.524.60,
varying_F10_m50_C30_a7_46.txt,varying,50,30,10,7,46,118,30.341.50,
varying_F10_m50_C30_a7_47.txt,varying,50,30,10,7,47,216,7.130.38,
varying_F10_m50_C30_a7_48.txt,varying,50,30,10,7,48,172,18.063.40,
varying_F10_m50_C30_a7_49.txt,varying,50,30,10,7,49,236,5.008.77,
varying_F10_m50_C30_a15_0.txt,varying,50,30,10,15,0,156,18.022.70,
varying_F10_m50_C30_a15_1.txt,varying,50,30,10,15,1,252,6.211.94,
varying_F10_m50_C30_a15_2.txt,varying,50,30,10,15,2,312,10.076,
varying_F10_m50_C30_a15_3.txt,varying,50,30,10,15,3,146,617.530,
varying_F10_m50_C30_a15_4.txt,varying,50,30,10,15,4,296,17.558.40,
varying_F10_m50_C30_a15_5.txt,varying,50,30,10,15,5,146,64.802.60,
varying_F10_m50_C30_a15_6.txt,varying,50,30,10,15,6,272,48.439.30,
varying_F10_m50_C30_a15_7.txt,varying,50,30,10,15,7,278,16.816.90,
varying_F10_m50_C30_a15_8.txt,varying,50,30,10,15,8,126,2.26E+06,
varying_F10_m50_C30_a15_9.txt,varying,50,30,10,15,9,142,580.841,
varying_F10_m50_C30_a15_10.txt,varying,50,30,10,15,10,260,5.966.17,
varying_F10_m50_C30_a15_11.txt,varying,50,30,10,15,11,204,20.455.50,
varying_F10_m50_C30_a15_12.txt,varying,50,30,10,15,12,304,14.813.20,
varying_F10_m50_C30_a15_13.txt,varying,50,30,10,15,13,156,78.989.70,
varying_F10_m50_C30_a15_14.txt,varying,50,30,10,15,14,322,24.969.30,
varying_F10_m50_C30_a15_15.txt,varying,50,30,10,15,15,368,13.117.10,
varying_F10_m50_C30_a15_16.txt,varying,50,30,10,15,16,182,705.685,
varying_F10_m50_C30_a15_17.txt,varying,50,30,10,15,17,172,8.191.38,
varying_F10_m50_C30_a15_18.txt,varying,50,30,10,15,18,356,13.271.20,
varying_F10_m50_C30_a15_19.txt,varying,50,30,10,15,19,338,12.469.80,
varying_F10_m50_C30_a15_20.txt,varying,50,30,10,15,20,204,1.09E+06,
varying_F10_m50_C30_a15_21.txt,varying,50,30,10,15,21,258,258.016,
varying_F10_m50_C30_a15_22.txt,varying,50,30,10,15,22,248,163.655,
varying_F10_m50_C30_a15_23.txt,varying,50,30,10,15,23,246,21.547.40,
varying_F10_m50_C30_a15_24.txt,varying,50,30,10,15,24,160,993.142,
varying_F10_m50_C30_a15_25.txt,varying,50,30,10,15,25,306,11.176.80,
varying_F10_m50_C30_a15_26.txt,varying,50,30,10,15,26,236,52.673.70,
varying_F10_m50_C30_a15_27.txt,varying,50,30,10,15,27,356,5.502.95,
varying_F10_m50_C30_a15_28.txt,varying,50,30,10,15,28,220,8.725.59,
varying_F10_m50_C30_a15_29.txt,varying,50,30,10,15,29,344,12.212.40,
varying_F10_m50_C30_a15_30.txt,varying,50,30,10,15,30,344,19.471.60,
varying_F10_m50_C30_a15_31.txt,varying,50,30,10,15,31,280,35.535.30,
varying_F10_m50_C30_a15_32.txt,varying,50,30,10,15,32,222,13.661.60,
varying_F10_m50_C30_a15_33.txt,varying,50,30,10,15,33,290,13.821.80,
varying_F10_m50_C30_a15_34.txt,varying,50,30,10,15,34,296,141.748,
varying_F10_m50_C30_a15_35.txt,varying,50,30,10,15,35,196,123.374,
varying_F10_m50_C30_a15_36.txt,varying,50,30,10,15,36,152,54.883,
varying_F10_m50_C30_a15_37.txt,varying,50,30,10,15,37,226,10.959.70,
varying_F10_m50_C30_a15_38.txt,varying,50,30,10,15,38,244,13.739.20,
varying_F10_m50_C30_a15_39.txt,varying,50,30,10,15,39,280,23.633.50,
varying_F10_m50_C30_a15_40.txt,varying,50,30,10,15,40,236,473.157,
varying_F10_m50_C30_a15_41.txt,varying,50,30,10,15,41,274,13.089,
varying_F10_m50_C30_a15_42.txt,varying,50,30,10,15,42,306,13.045.20,
varying_F10_m50_C30_a15_43.txt,varying,50,30,10,15,43,316,7.577.74,
varying_F10_m50_C30_a15_44.txt,varying,50,30,10,15,44,224,35.893,
varying_F10_m50_C30_a15_45.txt,varying,50,30,10,15,45,306,11.311,
varying_F10_m50_C30_a15_46.txt,varying,50,30,10,15,46,164,763.018,
varying_F10_m50_C30_a15_47.txt,varying,50,30,10,15,47,258,11.063.70,
varying_F10_m50_C30_a15_48.txt,varying,50,30,10,15,48,258,16.745.20,
varying_F10_m50_C30_a15_49.txt,varying,50,30,10,15,49,314,21.950.40,
varying_F10_m50_C30_a30_0.txt,varying,50,30,10,30,0,336,26.934.90,
varying_F10_m50_C30_a30_1.txt,varying,50,30,10,30,1,304,22.089.40,
varying_F10_m50_C30_a30_2.txt,varying,50,30,10,30,2,404,24.988.10,
varying_F10_m50_C30_a30_3.txt,varying,50,30,10,30,3,266,23.863.80,
varying_F10_m50_C30_a30_4.txt,varying,50,30,10,30,4,410,8.678.22,
varying_F10_m50_C30_a30_5.txt,varying,50,30,10,30,5,254,53.558.40,
varying_F10_m50_C30_a30_6.txt,varying,50,30,10,30,6,332,545.174,
varying_F10_m50_C30_a30_7.txt,varying,50,30,10,30,7,340,48.136.80,
varying_F10_m50_C30_a30_8.txt,varying,50,30,10,30,8,328,39.623.90,
varying_F10_m50_C30_a30_9.txt,varying,50,30,10,30,9,316,35.884.10,
varying_F10_m50_C30_a30_10.txt,varying,50,30,10,30,10,322,15.098.60,
varying_F10_m50_C30_a30_11.txt,varying,50,30,10,30,11,358,39.078,
varying_F10_m50_C30_a30_12.txt,varying,50,30,10,30,12,402,207.915,
varying_F10_m50_C30_a30_13.txt,varying,50,30,10,30,13,318,19.095.70,
varying_F10_m50_C30_a30_14.txt,varying,50,30,10,30,14,378,781.293,
varying_F10_m50_C30_a30_15.txt,varying,50,30,10,30,15,438,22.239.90,
varying_F10_m50_C30_a30_16.txt,varying,50,30,10,30,16,350,537.658,
varying_F10_m50_C30_a30_17.txt,varying,50,30,10,30,17,290,167.729,
varying_F10_m50_C30_a30_18.txt,varying,50,30,10,30,18,436,19.084.60,
varying_F10_m50_C30_a30_19.txt,varying,50,30,10,30,19,384,26.524.80,
varying_F10_m50_C30_a30_20.txt,varying,50,30,10,30,20,304,29.940.30,
varying_F10_m50_C30_a30_21.txt,varying,50,30,10,30,21,298,20.885.80,
varying_F10_m50_C30_a30_22.txt,varying,50,30,10,30,22,394,21.673.10,
varying_F10_m50_C30_a30_23.txt,varying,50,30,10,30,23,268,34.237.10,
varying_F10_m50_C30_a30_24.txt,varying,50,30,10,30,24,370,74.434.60,
varying_F10_m50_C30_a30_25.txt,varying,50,30,10,30,25,478,11.788.40,
varying_F10_m50_C30_a30_26.txt,varying,50,30,10,30,26,328,44.322.40,
varying_F10_m50_C30_a30_27.txt,varying,50,30,10,30,27,396,20.725.70,
varying_F10_m50_C30_a30_28.txt,varying,50,30,10,30,28,362,37.585.30,
varying_F10_m50_C30_a30_29.txt,varying,50,30,10,30,29,408,26.937.20,
varying_F10_m50_C30_a30_30.txt,varying,50,30,10,30,30,434,30.824.40,
varying_F10_m50_C30_a30_31.txt,varying,50,30,10,30,31,368,24.797.70,
varying_F10_m50_C30_a30_32.txt,varying,50,30,10,30,32,266,21.798.10,
varying_F10_m50_C30_a30_33.txt,varying,50,30,10,30,33,388,21.384.80,
varying_F10_m50_C30_a30_34.txt,varying,50,30,10,30,34,324,145.280,
varying_F10_m50_C30_a30_35.txt,varying,50,30,10,30,35,298,99.090.70,
varying_F10_m50_C30_a30_36.txt,varying,50,30,10,30,36,302,97.238.10,
varying_F10_m50_C30_a30_37.txt,varying,50,30,10,30,37,350,13.432.40,
varying_F10_m50_C30_a30_38.txt,varying,50,30,10,30,38,312,27.127.60,
varying_F10_m50_C30_a30_39.txt,varying,50,30,10,30,39,338,228.724,
varying_F10_m50_C30_a30_40.txt,varying,50,30,10,30,40,298,956.083,
varying_F10_m50_C30_a30_41.txt,varying,50,30,10,30,41,414,73.835.50,
varying_F10_m50_C30_a30_42.txt,varying,50,30,10,30,42,386,189.878,
varying_F10_m50_C30_a30_43.txt,varying,50,30,10,30,43,350,10.711.10,
varying_F10_m50_C30_a30_44.txt,varying,50,30,10,30,44,306,215.602,
varying_F10_m50_C30_a30_45.txt,varying,50,30,10,30,45,342,39.383.60,
varying_F10_m50_C30_a30_46.txt,varying,50,30,10,30,46,254,283.747,
varying_F10_m50_C30_a30_47.txt,varying,50,30,10,30,47,320,21.465,
varying_F10_m50_C30_a30_48.txt,varying,50,30,10,30,48,316,10.433.70,
varying_F10_m50_C30_a30_49.txt,varying,50,30,10,30,49,416,16.653.20,
varying_F2_m50_C60_a3_0.txt,varying,50,60,2,3,0,298,74.2324,
varying_F2_m50_C60_a3_1.txt,varying,50,60,2,3,1,238,40.7898,
varying_F2_m50_C60_a3_2.txt,varying,50,60,2,3,2,376,93.5793,
varying_F2_m50_C60_a3_3.txt,varying,50,60,2,3,3,194,81.8481,
varying_F2_m50_C60_a3_4.txt,varying,50,60,2,3,4,366,86.9859,
varying_F2_m50_C60_a3_5.txt,varying,50,60,2,3,5,250,104.672,
varying_F2_m50_C60_a3_6.txt,varying,50,60,2,3,6,212,178.399,
varying_F2_m50_C60_a3_7.txt,varying,50,60,2,3,7,256,84.054,
varying_F2_m50_C60_a3_8.txt,varying,50,60,2,3,8,280,60.9822,
varying_F2_m50_C60_a3_9.txt,varying,50,60,2,3,9,184,111.425,
varying_F2_m50_C60_a3_10.txt,varying,50,60,2,3,10,314,65.3427,
varying_F2_m50_C60_a3_11.txt,varying,50,60,2,3,11,308,43.5322,
varying_F2_m50_C60_a3_12.txt,varying,50,60,2,3,12,274,230.849,
varying_F2_m50_C60_a3_13.txt,varying,50,60,2,3,13,446,136.549,
varying_F2_m50_C60_a3_14.txt,varying,50,60,2,3,14,244,99.7989,
varying_F2_m50_C60_a3_15.txt,varying,50,60,2,3,15,218,144.406,
varying_F2_m50_C60_a3_16.txt,varying,50,60,2,3,16,304,66.4731,
varying_F2_m50_C60_a3_17.txt,varying,50,60,2,3,17,182,67.5338,
varying_F2_m50_C60_a3_18.txt,varying,50,60,2,3,18,358,57.129,
varying_F2_m50_C60_a3_19.txt,varying,50,60,2,3,19,288,36.8705,
varying_F2_m50_C60_a3_20.txt,varying,50,60,2,3,20,186,134.258,
varying_F2_m50_C60_a3_21.txt,varying,50,60,2,3,21,350,81.8802,
varying_F2_m50_C60_a3_22.txt,varying,50,60,2,3,22,318,29.5481,
varying_F2_m50_C60_a3_23.txt,varying,50,60,2,3,23,316,38.2719,
varying_F2_m50_C60_a3_24.txt,varying,50,60,2,3,24,226,614.349,
varying_F2_m50_C60_a3_25.txt,varying,50,60,2,3,25,354,53.5534,
varying_F2_m50_C60_a3_26.txt,varying,50,60,2,3,26,134,52.4683,
varying_F2_m50_C60_a3_27.txt,varying,50,60,2,3,27,316,65.7973,
varying_F2_m50_C60_a3_28.txt,varying,50,60,2,3,28,136,92.5672,
varying_F2_m50_C60_a3_29.txt,varying,50,60,2,3,29,258,528.233,
varying_F2_m50_C60_a3_30.txt,varying,50,60,2,3,30,424,44.6259,
varying_F2_m50_C60_a3_31.txt,varying,50,60,2,3,31,214,116.494,
varying_F2_m50_C60_a3_32.txt,varying,50,60,2,3,32,212,33.3456,
varying_F2_m50_C60_a3_33.txt,varying,50,60,2,3,33,318,72.0826,
varying_F2_m50_C60_a3_34.txt,varying,50,60,2,3,34,318,121.792,
varying_F2_m50_C60_a3_35.txt,varying,50,60,2,3,35,202,149.448,
varying_F2_m50_C60_a3_36.txt,varying,50,60,2,3,36,182,103.25,
varying_F2_m50_C60_a3_37.txt,varying,50,60,2,3,37,210,70.9259,
varying_F2_m50_C60_a3_38.txt,varying,50,60,2,3,38,280,64.367,
varying_F2_m50_C60_a3_39.txt,varying,50,60,2,3,39,382,57.0949,
varying_F2_m50_C60_a3_40.txt,varying,50,60,2,3,40,274,135.681,
varying_F2_m50_C60_a3_41.txt,varying,50,60,2,3,41,242,67.6851,
varying_F2_m50_C60_a3_42.txt,varying,50,60,2,3,42,224,42.3947,
varying_F2_m50_C60_a3_43.txt,varying,50,60,2,3,43,330,66.636,
varying_F2_m50_C60_a3_44.txt,varying,50,60,2,3,44,244,136.031,
varying_F2_m50_C60_a3_45.txt,varying,50,60,2,3,45,206,155.426,
varying_F2_m50_C60_a3_46.txt,varying,50,60,2,3,46,260,142.306,
varying_F2_m50_C60_a3_47.txt,varying,50,60,2,3,47,402,71.5085,
varying_F2_m50_C60_a3_48.txt,varying,50,60,2,3,48,236,230.877,
varying_F2_m50_C60_a3_49.txt,varying,50,60,2,3,49,282,96.1281,
varying_F2_m50_C60_a7_0.txt,varying,50,60,2,7,0,410,319.953,
varying_F2_m50_C60_a7_1.txt,varying,50,60,2,7,1,446,217.76,
varying_F2_m50_C60_a7_2.txt,varying,50,60,2,7,2,490,145.426,
varying_F2_m50_C60_a7_3.txt,varying,50,60,2,7,3,426,72.6831,
varying_F2_m50_C60_a7_4.txt,varying,50,60,2,7,4,430,245.594,
varying_F2_m50_C60_a7_5.txt,varying,50,60,2,7,5,414,1.311.38,
varying_F2_m50_C60_a7_6.txt,varying,50,60,2,7,6,392,251.977,
varying_F2_m50_C60_a7_7.txt,varying,50,60,2,7,7,406,371.986,
varying_F2_m50_C60_a7_8.txt,varying,50,60,2,7,8,350,152.551,
varying_F2_m50_C60_a7_9.txt,varying,50,60,2,7,9,342,167.809,
varying_F2_m50_C60_a7_10.txt,varying,50,60,2,7,10,358,100.524,
varying_F2_m50_C60_a7_11.txt,varying,50,60,2,7,11,436,340.247,
varying_F2_m50_C60_a7_12.txt,varying,50,60,2,7,12,362,271.623,
varying_F2_m50_C60_a7_13.txt,varying,50,60,2,7,13,538,201.435,
varying_F2_m50_C60_a7_14.txt,varying,50,60,2,7,14,354,237.852,
varying_F2_m50_C60_a7_15.txt,varying,50,60,2,7,15,292,193.509,
varying_F2_m50_C60_a7_16.txt,varying,50,60,2,7,16,400,157.543,
varying_F2_m50_C60_a7_17.txt,varying,50,60,2,7,17,392,131.6,
varying_F2_m50_C60_a7_18.txt,varying,50,60,2,7,18,414,119.891,
varying_F2_m50_C60_a7_19.txt,varying,50,60,2,7,19,372,304.461,
varying_F2_m50_C60_a7_20.txt,varying,50,60,2,7,20,316,154.797,
varying_F2_m50_C60_a7_21.txt,varying,50,60,2,7,21,412,131.292,
varying_F2_m50_C60_a7_22.txt,varying,50,60,2,7,22,458,59.4933,
varying_F2_m50_C60_a7_23.txt,varying,50,60,2,7,23,422,112.287,
varying_F2_m50_C60_a7_24.txt,varying,50,60,2,7,24,440,991.696,
varying_F2_m50_C60_a7_25.txt,varying,50,60,2,7,25,418,276.899,
varying_F2_m50_C60_a7_26.txt,varying,50,60,2,7,26,398,71.0467,
varying_F2_m50_C60_a7_27.txt,varying,50,60,2,7,27,398,144.952,
varying_F2_m50_C60_a7_28.txt,varying,50,60,2,7,28,384,223.247,
varying_F2_m50_C60_a7_29.txt,varying,50,60,2,7,29,394,207.53,
varying_F2_m50_C60_a7_30.txt,varying,50,60,2,7,30,456,144.923,
varying_F2_m50_C60_a7_31.txt,varying,50,60,2,7,31,240,150.724,
varying_F2_m50_C60_a7_32.txt,varying,50,60,2,7,32,376,75.9734,
varying_F2_m50_C60_a7_33.txt,varying,50,60,2,7,33,424,60.677,
varying_F2_m50_C60_a7_34.txt,varying,50,60,2,7,34,436,145.081,
varying_F2_m50_C60_a7_35.txt,varying,50,60,2,7,35,324,141.182,
varying_F2_m50_C60_a7_36.txt,varying,50,60,2,7,36,386,133.962,
varying_F2_m50_C60_a7_37.txt,varying,50,60,2,7,37,334,142.975,
varying_F2_m50_C60_a7_38.txt,varying,50,60,2,7,38,402,137.356,
varying_F2_m50_C60_a7_39.txt,varying,50,60,2,7,39,438,144.671,
varying_F2_m50_C60_a7_40.txt,varying,50,60,2,7,40,354,336.216,
varying_F2_m50_C60_a7_41.txt,varying,50,60,2,7,41,462,182.136,
varying_F2_m50_C60_a7_42.txt,varying,50,60,2,7,42,454,173.147,
varying_F2_m50_C60_a7_43.txt,varying,50,60,2,7,43,380,106.783,
varying_F2_m50_C60_a7_44.txt,varying,50,60,2,7,44,368,151.204,
varying_F2_m50_C60_a7_45.txt,varying,50,60,2,7,45,392,4.453.11,
varying_F2_m50_C60_a7_46.txt,varying,50,60,2,7,46,360,126.688,
varying_F2_m50_C60_a7_47.txt,varying,50,60,2,7,47,472,200.534,
varying_F2_m50_C60_a7_48.txt,varying,50,60,2,7,48,352,122.801,
varying_F2_m50_C60_a7_49.txt,varying,50,60,2,7,49,376,142.889,
varying_F2_m50_C60_a15_0.txt,varying,50,60,2,15,0,626,752.744,
varying_F2_m50_C60_a15_1.txt,varying,50,60,2,15,1,590,266.091,
varying_F2_m50_C60_a15_2.txt,varying,50,60,2,15,2,618,222.518,
varying_F2_m50_C60_a15_3.txt,varying,50,60,2,15,3,618,1.132,
varying_F2_m50_C60_a15_4.txt,varying,50,60,2,15,4,502,319.407,
varying_F2_m50_C60_a15_5.txt,varying,50,60,2,15,5,556,653.552,
varying_F2_m50_C60_a15_6.txt,varying,50,60,2,15,6,616,244.075,
varying_F2_m50_C60_a15_7.txt,varying,50,60,2,15,7,604,210.082,
varying_F2_m50_C60_a15_8.txt,varying,50,60,2,15,8,514,211.644,
varying_F2_m50_C60_a15_9.txt,varying,50,60,2,15,9,470,232.038,
varying_F2_m50_C60_a15_10.txt,varying,50,60,2,15,10,568,291.002,
varying_F2_m50_C60_a15_11.txt,varying,50,60,2,15,11,538,519.217,
varying_F2_m50_C60_a15_12.txt,varying,50,60,2,15,12,542,548.697,
varying_F2_m50_C60_a15_13.txt,varying,50,60,2,15,13,648,252.96,
varying_F2_m50_C60_a15_14.txt,varying,50,60,2,15,14,528,409.383,
varying_F2_m50_C60_a15_15.txt,varying,50,60,2,15,15,538,263.12,
varying_F2_m50_C60_a15_16.txt,varying,50,60,2,15,16,508,211.156,
varying_F2_m50_C60_a15_17.txt,varying,50,60,2,15,17,512,338.114,
varying_F2_m50_C60_a15_18.txt,varying,50,60,2,15,18,608,208.259,
varying_F2_m50_C60_a15_19.txt,varying,50,60,2,15,19,500,341.289,
varying_F2_m50_C60_a15_20.txt,varying,50,60,2,15,20,542,751.401,
varying_F2_m50_C60_a15_21.txt,varying,50,60,2,15,21,566,353.086,
varying_F2_m50_C60_a15_22.txt,varying,50,60,2,15,22,682,204.985,
varying_F2_m50_C60_a15_23.txt,varying,50,60,2,15,23,590,373.383,
varying_F2_m50_C60_a15_24.txt,varying,50,60,2,15,24,580,407.842,
varying_F2_m50_C60_a15_25.txt,varying,50,60,2,15,25,660,548.394,
varying_F2_m50_C60_a15_26.txt,varying,50,60,2,15,26,532,237.713,
varying_F2_m50_C60_a15_27.txt,varying,50,60,2,15,27,504,202.258,
varying_F2_m50_C60_a15_28.txt,varying,50,60,2,15,28,510,319.632,
varying_F2_m50_C60_a15_29.txt,varying,50,60,2,15,29,524,521.167,
varying_F2_m50_C60_a15_30.txt,varying,50,60,2,15,30,662,340.367,
varying_F2_m50_C60_a15_31.txt,varying,50,60,2,15,31,452,359.008,
varying_F2_m50_C60_a15_32.txt,varying,50,60,2,15,32,606,126.261,
varying_F2_m50_C60_a15_33.txt,varying,50,60,2,15,33,656,188.792,
varying_F2_m50_C60_a15_34.txt,varying,50,60,2,15,34,550,244.81,
varying_F2_m50_C60_a15_35.txt,varying,50,60,2,15,35,566,328.676,
varying_F2_m50_C60_a15_36.txt,varying,50,60,2,15,36,546,348.467,
varying_F2_m50_C60_a15_37.txt,varying,50,60,2,15,37,528,602.666,
varying_F2_m50_C60_a15_38.txt,varying,50,60,2,15,38,542,641.56,
varying_F2_m50_C60_a15_39.txt,varying,50,60,2,15,39,548,334.633,
varying_F2_m50_C60_a15_40.txt,varying,50,60,2,15,40,488,293.432,
varying_F2_m50_C60_a15_41.txt,varying,50,60,2,15,41,590,289.542,
varying_F2_m50_C60_a15_42.txt,varying,50,60,2,15,42,630,806.483,
varying_F2_m50_C60_a15_43.txt,varying,50,60,2,15,43,540,617.793,
varying_F2_m50_C60_a15_44.txt,varying,50,60,2,15,44,578,385.692,
varying_F2_m50_C60_a15_45.txt,varying,50,60,2,15,45,658,1.166.57,
varying_F2_m50_C60_a15_46.txt,varying,50,60,2,15,46,536,503.049,
varying_F2_m50_C60_a15_47.txt,varying,50,60,2,15,47,604,237.856,
varying_F2_m50_C60_a15_48.txt,varying,50,60,2,15,48,500,996.477,
varying_F2_m50_C60_a15_49.txt,varying,50,60,2,15,49,562,602.193,
varying_F2_m50_C60_a30_0.txt,varying,50,60,2,30,0,826,1.046.82,
varying_F2_m50_C60_a30_1.txt,varying,50,60,2,30,1,868,2.082.72,
varying_F2_m50_C60_a30_2.txt,varying,50,60,2,30,2,804,459.832,
varying_F2_m50_C60_a30_3.txt,varying,50,60,2,30,3,816,1.794.98,
varying_F2_m50_C60_a30_4.txt,varying,50,60,2,30,4,732,1.153.56,
varying_F2_m50_C60_a30_5.txt,varying,50,60,2,30,5,766,928.033,
varying_F2_m50_C60_a30_6.txt,varying,50,60,2,30,6,906,351,
varying_F2_m50_C60_a30_7.txt,varying,50,60,2,30,7,818,1.058.79,
varying_F2_m50_C60_a30_8.txt,varying,50,60,2,30,8,720,572.347,
varying_F2_m50_C60_a30_9.txt,varying,50,60,2,30,9,814,1.545.17,
varying_F2_m50_C60_a30_10.txt,varying,50,60,2,30,10,822,655.222,
varying_F2_m50_C60_a30_11.txt,varying,50,60,2,30,11,738,1.319.79,
varying_F2_m50_C60_a30_12.txt,varying,50,60,2,30,12,762,311.15,
varying_F2_m50_C60_a30_13.txt,varying,50,60,2,30,13,792,741.145,
varying_F2_m50_C60_a30_14.txt,varying,50,60,2,30,14,644,784.606,
varying_F2_m50_C60_a30_15.txt,varying,50,60,2,30,15,844,768.261,
varying_F2_m50_C60_a30_16.txt,varying,50,60,2,30,16,720,569.314,
varying_F2_m50_C60_a30_17.txt,varying,50,60,2,30,17,772,974.535,
varying_F2_m50_C60_a30_18.txt,varying,50,60,2,30,18,798,635.813,
varying_F2_m50_C60_a30_19.txt,varying,50,60,2,30,19,740,1.034.95,
varying_F2_m50_C60_a30_20.txt,varying,50,60,2,30,20,724,723.932,
varying_F2_m50_C60_a30_21.txt,varying,50,60,2,30,21,868,625.436,
varying_F2_m50_C60_a30_22.txt,varying,50,60,2,30,22,884,330.099,
varying_F2_m50_C60_a30_23.txt,varying,50,60,2,30,23,914,1.931.20,
varying_F2_m50_C60_a30_24.txt,varying,50,60,2,30,24,800,911.108,
varying_F2_m50_C60_a30_25.txt,varying,50,60,2,30,25,878,597.351,
varying_F2_m50_C60_a30_26.txt,varying,50,60,2,30,26,742,410.065,
varying_F2_m50_C60_a30_27.txt,varying,50,60,2,30,27,736,1.345.42,
varying_F2_m50_C60_a30_28.txt,varying,50,60,2,30,28,828,982.769,
varying_F2_m50_C60_a30_29.txt,varying,50,60,2,30,29,776,872.203,
varying_F2_m50_C60_a30_30.txt,varying,50,60,2,30,30,918,5.248.52,
varying_F2_m50_C60_a30_31.txt,varying,50,60,2,30,31,750,396.886,
varying_F2_m50_C60_a30_32.txt,varying,50,60,2,30,32,766,627.434,
varying_F2_m50_C60_a30_33.txt,varying,50,60,2,30,33,992,346.026,
varying_F2_m50_C60_a30_34.txt,varying,50,60,2,30,34,866,624.178,
varying_F2_m50_C60_a30_35.txt,varying,50,60,2,30,35,796,5.454.07,
varying_F2_m50_C60_a30_36.txt,varying,50,60,2,30,36,896,713.072,
varying_F2_m50_C60_a30_37.txt,varying,50,60,2,30,37,798,4.129.64,
varying_F2_m50_C60_a30_38.txt,varying,50,60,2,30,38,780,591.958,
varying_F2_m50_C60_a30_39.txt,varying,50,60,2,30,39,740,770.244,
varying_F2_m50_C60_a30_40.txt,varying,50,60,2,30,40,752,457.622,
varying_F2_m50_C60_a30_41.txt,varying,50,60,2,30,41,828,993.716,
varying_F2_m50_C60_a30_42.txt,varying,50,60,2,30,42,830,2.046.38,
varying_F2_m50_C60_a30_43.txt,varying,50,60,2,30,43,776,921.637,
varying_F2_m50_C60_a30_44.txt,varying,50,60,2,30,44,770,652.486,
varying_F2_m50_C60_a30_45.txt,varying,50,60,2,30,45,840,976.309,
varying_F2_m50_C60_a30_46.txt,varying,50,60,2,30,46,788,322.206,
varying_F2_m50_C60_a30_47.txt,varying,50,60,2,30,47,838,874.503,
varying_F2_m50_C60_a30_48.txt,varying,50,60,2,30,48,728,7.215.09,
varying_F2_m50_C60_a30_49.txt,varying,50,60,2,30,49,870,2.570.01,
varying_F5_m50_C60_a3_0.txt,varying,50,60,5,3,0,364,439.6,
varying_F5_m50_C60_a3_1.txt,varying,50,60,5,3,1,194,2.098.54,
varying_F5_m50_C60_a3_2.txt,varying,50,60,5,3,2,174,4.884.69,
varying_F5_m50_C60_a3_3.txt,varying,50,60,5,3,3,172,4.799.70,
varying_F5_m50_C60_a3_4.txt,varying,50,60,5,3,4,146,17.433.70,
varying_F5_m50_C60_a3_5.txt,varying,50,60,5,3,5,68,742.192,
varying_F5_m50_C60_a3_6.txt,varying,50,60,5,3,6,178,2.843.10,
varying_F5_m50_C60_a3_7.txt,varying,50,60,5,3,7,232,2.161.53,
varying_F5_m50_C60_a3_8.txt,varying,50,60,5,3,8,210,6.655.53,
varying_F5_m50_C60_a3_9.txt,varying,50,60,5,3,9,246,768.974,
varying_F5_m50_C60_a3_10.txt,varying,50,60,5,3,10,288,597.538,
varying_F5_m50_C60_a3_11.txt,varying,50,60,5,3,11,200,7.495.03,
varying_F5_m50_C60_a3_12.txt,varying,50,60,5,3,12,142,4.767.71,
varying_F5_m50_C60_a3_13.txt,varying,50,60,5,3,13,158,6.888.03,
varying_F5_m50_C60_a3_14.txt,varying,50,60,5,3,14,178,592.012,
varying_F5_m50_C60_a3_15.txt,varying,50,60,5,3,15,130,8.191.60,
varying_F5_m50_C60_a3_16.txt,varying,50,60,5,3,16,150,3.225.75,
varying_F5_m50_C60_a3_17.txt,varying,50,60,5,3,17,114,1.750.64,
varying_F5_m50_C60_a3_18.txt,varying,50,60,5,3,18,172,5.817.11,
varying_F5_m50_C60_a3_19.txt,varying,50,60,5,3,19,148,663.2,
varying_F5_m50_C60_a3_20.txt,varying,50,60,5,3,20,108,6.211.13,
varying_F5_m50_C60_a3_21.txt,varying,50,60,5,3,21,272,570.405,
varying_F5_m50_C60_a3_22.txt,varying,50,60,5,3,22,266,1.982.62,
varying_F5_m50_C60_a3_23.txt,varying,50,60,5,3,23,262,314.961,
varying_F5_m50_C60_a3_24.txt,varying,50,60,5,3,24,288,342.87,
varying_F5_m50_C60_a3_25.txt,varying,50,60,5,3,25,322,468.701,
varying_F5_m50_C60_a3_26.txt,varying,50,60,5,3,26,352,3.064.53,
varying_F5_m50_C60_a3_27.txt,varying,50,60,5,3,27,246,544.019,
varying_F5_m50_C60_a3_28.txt,varying,50,60,5,3,28,302,2.516.09,
varying_F5_m50_C60_a3_29.txt,varying,50,60,5,3,29,100,2.861.77,
varying_F5_m50_C60_a3_30.txt,varying,50,60,5,3,30,166,9.566.46,
varying_F5_m50_C60_a3_31.txt,varying,50,60,5,3,31,104,4.845.68,
varying_F5_m50_C60_a3_32.txt,varying,50,60,5,3,32,116,2.875.28,
varying_F5_m50_C60_a3_33.txt,varying,50,60,5,3,33,330,682.152,
varying_F5_m50_C60_a3_34.txt,varying,50,60,5,3,34,192,816.087,
varying_F5_m50_C60_a3_35.txt,varying,50,60,5,3,35,278,3.096.46,
varying_F5_m50_C60_a3_36.txt,varying,50,60,5,3,36,212,8.841.65,
varying_F5_m50_C60_a3_37.txt,varying,50,60,5,3,37,204,429.275,
varying_F5_m50_C60_a3_38.txt,varying,50,60,5,3,38,346,1.462.88,
varying_F5_m50_C60_a3_39.txt,varying,50,60,5,3,39,240,2.212.94,
varying_F5_m50_C60_a3_40.txt,varying,50,60,5,3,40,220,2.134.06,
varying_F5_m50_C60_a3_41.txt,varying,50,60,5,3,41,132,4.934.66,
varying_F5_m50_C60_a3_42.txt,varying,50,60,5,3,42,174,3.504.43,
varying_F5_m50_C60_a3_43.txt,varying,50,60,5,3,43,324,920.695,
varying_F5_m50_C60_a3_44.txt,varying,50,60,5,3,44,262,2.698.52,
varying_F5_m50_C60_a3_45.txt,varying,50,60,5,3,45,132,4.025.01,
varying_F5_m50_C60_a3_46.txt,varying,50,60,5,3,46,150,1.322.52,
varying_F5_m50_C60_a3_47.txt,varying,50,60,5,3,47,388,328.134,
varying_F5_m50_C60_a3_48.txt,varying,50,60,5,3,48,156,8.081.42,
varying_F5_m50_C60_a3_49.txt,varying,50,60,5,3,49,152,4.331.53,
varying_F5_m50_C60_a7_0.txt,varying,50,60,5,7,0,394,998.714,
varying_F5_m50_C60_a7_1.txt,varying,50,60,5,7,1,302,8.750.32,
varying_F5_m50_C60_a7_2.txt,varying,50,60,5,7,2,362,1.091.56,
varying_F5_m50_C60_a7_3.txt,varying,50,60,5,7,3,198,5.547.54,
varying_F5_m50_C60_a7_4.txt,varying,50,60,5,7,4,188,15.244.60,
varying_F5_m50_C60_a7_5.txt,varying,50,60,5,7,5,378,1.120.51,
varying_F5_m50_C60_a7_6.txt,varying,50,60,5,7,6,224,1.756.42,
varying_F5_m50_C60_a7_7.txt,varying,50,60,5,7,7,424,2.790.73,
varying_F5_m50_C60_a7_8.txt,varying,50,60,5,7,8,228,19.478,
varying_F5_m50_C60_a7_9.txt,varying,50,60,5,7,9,402,2.845.27,
varying_F5_m50_C60_a7_10.txt,varying,50,60,5,7,10,322,816.727,
varying_F5_m50_C60_a7_11.txt,varying,50,60,5,7,11,224,2.175.78,
varying_F5_m50_C60_a7_12.txt,varying,50,60,5,7,12,274,1.676.32,
varying_F5_m50_C60_a7_13.txt,varying,50,60,5,7,13,424,2.525.47,
varying_F5_m50_C60_a7_14.txt,varying,50,60,5,7,14,222,5.570.11,
varying_F5_m50_C60_a7_15.txt,varying,50,60,5,7,15,252,1.318.29,
varying_F5_m50_C60_a7_16.txt,varying,50,60,5,7,16,306,2.486.50,
varying_F5_m50_C60_a7_17.txt,varying,50,60,5,7,17,202,1.860.57,
varying_F5_m50_C60_a7_18.txt,varying,50,60,5,7,18,262,1.782.12,
varying_F5_m50_C60_a7_19.txt,varying,50,60,5,7,19,274,5.358.43,
varying_F5_m50_C60_a7_20.txt,varying,50,60,5,7,20,158,6.041.61,
varying_F5_m50_C60_a7_21.txt,varying,50,60,5,7,21,306,1.223.78,
varying_F5_m50_C60_a7_22.txt,varying,50,60,5,7,22,368,1.024.89,
varying_F5_m50_C60_a7_23.txt,varying,50,60,5,7,23,298,3.112.50,
varying_F5_m50_C60_a7_24.txt,varying,50,60,5,7,24,360,815.619,
varying_F5_m50_C60_a7_25.txt,varying,50,60,5,7,25,340,1.204.28,
varying_F5_m50_C60_a7_26.txt,varying,50,60,5,7,26,372,2.655.37,
varying_F5_m50_C60_a7_27.txt,varying,50,60,5,7,27,360,3.276.49,
varying_F5_m50_C60_a7_28.txt,varying,50,60,5,7,28,326,2.803.97,
varying_F5_m50_C60_a7_29.txt,varying,50,60,5,7,29,362,1.764.87,
varying_F5_m50_C60_a7_30.txt,varying,50,60,5,7,30,188,7.461.34,
varying_F5_m50_C60_a7_31.txt,varying,50,60,5,7,31,250,7.378.85,
varying_F5_m50_C60_a7_32.txt,varying,50,60,5,7,32,268,3.487.45,
varying_F5_m50_C60_a7_33.txt,varying,50,60,5,7,33,372,1.722.88,
varying_F5_m50_C60_a7_34.txt,varying,50,60,5,7,34,276,3.837.13,
varying_F5_m50_C60_a7_35.txt,varying,50,60,5,7,35,282,3.750.62,
varying_F5_m50_C60_a7_36.txt,varying,50,60,5,7,36,234,10.979.30,
varying_F5_m50_C60_a7_37.txt,varying,50,60,5,7,37,232,1.219.51,
varying_F5_m50_C60_a7_38.txt,varying,50,60,5,7,38,440,597.708,
varying_F5_m50_C60_a7_39.txt,varying,50,60,5,7,39,282,3.496.44,
varying_F5_m50_C60_a7_40.txt,varying,50,60,5,7,40,234,1.920.22,
varying_F5_m50_C60_a7_41.txt,varying,50,60,5,7,41,190,4.987.01,
varying_F5_m50_C60_a7_42.txt,varying,50,60,5,7,42,204,5.501.50,
varying_F5_m50_C60_a7_43.txt,varying,50,60,5,7,43,340,3.054.05,
varying_F5_m50_C60_a7_44.txt,varying,50,60,5,7,44,310,969.212,
varying_F5_m50_C60_a7_45.txt,varying,50,60,5,7,45,330,1.374.02,
varying_F5_m50_C60_a7_46.txt,varying,50,60,5,7,46,252,1.745.17,
varying_F5_m50_C60_a7_47.txt,varying,50,60,5,7,47,446,1.054.27,
varying_F5_m50_C60_a7_48.txt,varying,50,60,5,7,48,208,17.283.40,
varying_F5_m50_C60_a7_49.txt,varying,50,60,5,7,49,208,9.430.11,
varying_F5_m50_C60_a15_0.txt,varying,50,60,5,15,0,444,4.636.39,
varying_F5_m50_C60_a15_1.txt,varying,50,60,5,15,1,374,6.879.19,
varying_F5_m50_C60_a15_2.txt,varying,50,60,5,15,2,478,2.943.73,
varying_F5_m50_C60_a15_3.txt,varying,50,60,5,15,3,336,14.970.60,
varying_F5_m50_C60_a15_4.txt,varying,50,60,5,15,4,326,31.635,
varying_F5_m50_C60_a15_5.txt,varying,50,60,5,15,5,414,3.849.97,
varying_F5_m50_C60_a15_6.txt,varying,50,60,5,15,6,346,6.124.03,
varying_F5_m50_C60_a15_7.txt,varying,50,60,5,15,7,506,4.932.20,
varying_F5_m50_C60_a15_8.txt,varying,50,60,5,15,8,410,4.396.40,
varying_F5_m50_C60_a15_9.txt,varying,50,60,5,15,9,444,7.830.20,
varying_F5_m50_C60_a15_10.txt,varying,50,60,5,15,10,396,5.550.92,
varying_F5_m50_C60_a15_11.txt,varying,50,60,5,15,11,320,89.683.20,
varying_F5_m50_C60_a15_12.txt,varying,50,60,5,15,12,388,7.166.86,
varying_F5_m50_C60_a15_13.txt,varying,50,60,5,15,13,468,5.195.14,
varying_F5_m50_C60_a15_14.txt,varying,50,60,5,15,14,346,5.174.95,
varying_F5_m50_C60_a15_15.txt,varying,50,60,5,15,15,422,7.085.55,
varying_F5_m50_C60_a15_16.txt,varying,50,60,5,15,16,348,10.773,
varying_F5_m50_C60_a15_17.txt,varying,50,60,5,15,17,374,19.675.40,
varying_F5_m50_C60_a15_18.txt,varying,50,60,5,15,18,346,6.722.90,
varying_F5_m50_C60_a15_19.txt,varying,50,60,5,15,19,426,3.015.93,
varying_F5_m50_C60_a15_20.txt,varying,50,60,5,15,20,312,87.400.70,
varying_F5_m50_C60_a15_21.txt,varying,50,60,5,15,21,362,7.376.68,
varying_F5_m50_C60_a15_22.txt,varying,50,60,5,15,22,466,2.708.79,
varying_F5_m50_C60_a15_23.txt,varying,50,60,5,15,23,386,5.322.28,
varying_F5_m50_C60_a15_24.txt,varying,50,60,5,15,24,528,5.854.28,
varying_F5_m50_C60_a15_25.txt,varying,50,60,5,15,25,440,2.325.19,
varying_F5_m50_C60_a15_26.txt,varying,50,60,5,15,26,430,11.924,
varying_F5_m50_C60_a15_27.txt,varying,50,60,5,15,27,486,2.788.82,
varying_F5_m50_C60_a15_28.txt,varying,50,60,5,15,28,428,9.770.01,
varying_F5_m50_C60_a15_29.txt,varying,50,60,5,15,29,422,7.057.08,
varying_F5_m50_C60_a15_30.txt,varying,50,60,5,15,30,340,102.198,
varying_F5_m50_C60_a15_31.txt,varying,50,60,5,15,31,306,6.027,
varying_F5_m50_C60_a15_32.txt,varying,50,60,5,15,32,340,5.256.87,
varying_F5_m50_C60_a15_33.txt,varying,50,60,5,15,33,448,5.433.40,
varying_F5_m50_C60_a15_34.txt,varying,50,60,5,15,34,464,6.318.91,
varying_F5_m50_C60_a15_35.txt,varying,50,60,5,15,35,426,5.837.68,
varying_F5_m50_C60_a15_36.txt,varying,50,60,5,15,36,308,12.563.80,
varying_F5_m50_C60_a15_37.txt,varying,50,60,5,15,37,374,8.850.61,
varying_F5_m50_C60_a15_38.txt,varying,50,60,5,15,38,528,4.486.47,
varying_F5_m50_C60_a15_39.txt,varying,50,60,5,15,39,454,4.881.86,
varying_F5_m50_C60_a15_40.txt,varying,50,60,5,15,40,314,5.353.72,
varying_F5_m50_C60_a15_41.txt,varying,50,60,5,15,41,422,7.492.40,
varying_F5_m50_C60_a15_42.txt,varying,50,60,5,15,42,364,4.740.51,
varying_F5_m50_C60_a15_43.txt,varying,50,60,5,15,43,512,2.295.08,
varying_F5_m50_C60_a15_44.txt,varying,50,60,5,15,44,474,3.886.61,
varying_F5_m50_C60_a15_45.txt,varying,50,60,5,15,45,446,5.934.79,
varying_F5_m50_C60_a15_46.txt,varying,50,60,5,15,46,496,2.925.75,
varying_F5_m50_C60_a15_47.txt,varying,50,60,5,15,47,486,6.433.83,
varying_F5_m50_C60_a15_48.txt,varying,50,60,5,15,48,318,6.892.70,
varying_F5_m50_C60_a15_49.txt,varying,50,60,5,15,49,378,8.246.71,
varying_F5_m50_C60_a30_0.txt,varying,50,60,5,30,0,552,13.956,
varying_F5_m50_C60_a30_1.txt,varying,50,60,5,30,1,612,13.801.30,
varying_F5_m50_C60_a30_2.txt,varying,50,60,5,30,2,618,5.040.07,
varying_F5_m50_C60_a30_3.txt,varying,50,60,5,30,3,510,659.321,
varying_F5_m50_C60_a30_4.txt,varying,50,60,5,30,4,548,47.570.90,
varying_F5_m50_C60_a30_5.txt,varying,50,60,5,30,5,548,3.978.15,
varying_F5_m50_C60_a30_6.txt,varying,50,60,5,30,6,540,179.909,
varying_F5_m50_C60_a30_7.txt,varying,50,60,5,30,7,614,10.865.70,
varying_F5_m50_C60_a30_8.txt,varying,50,60,5,30,8,562,6.752.43,
varying_F5_m50_C60_a30_9.txt,varying,50,60,5,30,9,618,21.456.20,
varying_F5_m50_C60_a30_10.txt,varying,50,60,5,30,10,616,7.999.72,
varying_F5_m50_C60_a30_11.txt,varying,50,60,5,30,11,520,409.768,
varying_F5_m50_C60_a30_12.txt,varying,50,60,5,30,12,604,7.096.26,
varying_F5_m50_C60_a30_13.txt,varying,50,60,5,30,13,542,11.276.80,
varying_F5_m50_C60_a30_14.txt,varying,50,60,5,30,14,618,10.089.30,
varying_F5_m50_C60_a30_15.txt,varying,50,60,5,30,15,528,13.881.20,
varying_F5_m50_C60_a30_16.txt,varying,50,60,5,30,16,500,115.114,
varying_F5_m50_C60_a30_17.txt,varying,50,60,5,30,17,542,11.425.80,
varying_F5_m50_C60_a30_18.txt,varying,50,60,5,30,18,462,18.907.80,
varying_F5_m50_C60_a30_19.txt,varying,50,60,5,30,19,564,147.690,
varying_F5_m50_C60_a30_20.txt,varying,50,60,5,30,20,516,38.332.50,
varying_F5_m50_C60_a30_21.txt,varying,50,60,5,30,21,494,58.258.10,
varying_F5_m50_C60_a30_22.txt,varying,50,60,5,30,22,674,15.016.60,
varying_F5_m50_C60_a30_23.txt,varying,50,60,5,30,23,556,48.109.60,
varying_F5_m50_C60_a30_24.txt,varying,50,60,5,30,24,652,11.845.50,
varying_F5_m50_C60_a30_25.txt,varying,50,60,5,30,25,536,9.875.28,
varying_F5_m50_C60_a30_26.txt,varying,50,60,5,30,26,574,159.749,
varying_F5_m50_C60_a30_27.txt,varying,50,60,5,30,27,576,8.599.22,
varying_F5_m50_C60_a30_28.txt,varying,50,60,5,30,28,662,9.131.09,
varying_F5_m50_C60_a30_29.txt,varying,50,60,5,30,29,596,60.706.30,
varying_F5_m50_C60_a30_30.txt,varying,50,60,5,30,30,562,11.722.90,
varying_F5_m50_C60_a30_31.txt,varying,50,60,5,30,31,522,53.133.30,
varying_F5_m50_C60_a30_32.txt,varying,50,60,5,30,32,534,14.830.90,
varying_F5_m50_C60_a30_33.txt,varying,50,60,5,30,33,606,7.159.94,
varying_F5_m50_C60_a30_34.txt,varying,50,60,5,30,34,590,18.244.40,
varying_F5_m50_C60_a30_35.txt,varying,50,60,5,30,35,592,15.124.30,
varying_F5_m50_C60_a30_36.txt,varying,50,60,5,30,36,536,9.125.77,
varying_F5_m50_C60_a30_37.txt,varying,50,60,5,30,37,626,19.966.30,
varying_F5_m50_C60_a30_38.txt,varying,50,60,5,30,38,700,11.681.50,
varying_F5_m50_C60_a30_39.txt,varying,50,60,5,30,39,698,12.240.40,
varying_F5_m50_C60_a30_40.txt,varying,50,60,5,30,40,592,25.297.50,
varying_F5_m50_C60_a30_41.txt,varying,50,60,5,30,41,536,76.370.20,
varying_F5_m50_C60_a30_42.txt,varying,50,60,5,30,42,506,370.814,
varying_F5_m50_C60_a30_43.txt,varying,50,60,5,30,43,634,4.634.97,
varying_F5_m50_C60_a30_44.txt,varying,50,60,5,30,44,568,10.356.40,
varying_F5_m50_C60_a30_45.txt,varying,50,60,5,30,45,620,8.086.77,
varying_F5_m50_C60_a30_46.txt,varying,50,60,5,30,46,698,9.989.32,
varying_F5_m50_C60_a30_47.txt,varying,50,60,5,30,47,588,17.247.30,
varying_F5_m50_C60_a30_48.txt,varying,50,60,5,30,48,464,12.595.10,
varying_F5_m50_C60_a30_49.txt,varying,50,60,5,30,49,482,187.064,
varying_F10_m50_C60_a3_0.txt,varying,50,60,10,3,0,134,18.841.60,
varying_F10_m50_C60_a3_1.txt,varying,50,60,10,3,1,82,10.364.40,
varying_F10_m50_C60_a3_2.txt,varying,50,60,10,3,2,86,10.918.70,
varying_F10_m50_C60_a3_3.txt,varying,50,60,10,3,3,106,9.387.88,
varying_F10_m50_C60_a3_4.txt,varying,50,60,10,3,4,100,34.831,
varying_F10_m50_C60_a3_5.txt,varying,50,60,10,3,5,218,6.508.79,
varying_F10_m50_C60_a3_6.txt,varying,50,60,10,3,6,130,2.105.28,
varying_F10_m50_C60_a3_7.txt,varying,50,60,10,3,7,162,11.856,
varying_F10_m50_C60_a3_8.txt,varying,50,60,10,3,8,74,16.339.10,
varying_F10_m50_C60_a3_9.txt,varying,50,60,10,3,9,284,2.975.97,
varying_F10_m50_C60_a3_10.txt,varying,50,60,10,3,10,92,8.330.10,
varying_F10_m50_C60_a3_11.txt,varying,50,60,10,3,11,284,1.855.57,
varying_F10_m50_C60_a3_12.txt,varying,50,60,10,3,12,88,22.960.80,
varying_F10_m50_C60_a3_13.txt,varying,50,60,10,3,13,90,19.056.40,
varying_F10_m50_C60_a3_14.txt,varying,50,60,10,3,14,94,82.694,
varying_F10_m50_C60_a3_15.txt,varying,50,60,10,3,15,104,89.034.20,
varying_F10_m50_C60_a3_16.txt,varying,50,60,10,3,16,252,2.566.20,
varying_F10_m50_C60_a3_17.txt,varying,50,60,10,3,17,102,212.053,
varying_F10_m50_C60_a3_18.txt,varying,50,60,10,3,18,100,25.853,
varying_F10_m50_C60_a3_19.txt,varying,50,60,10,3,19,124,12.791.10,
varying_F10_m50_C60_a3_20.txt,varying,50,60,10,3,20,74,25.723.60,
varying_F10_m50_C60_a3_21.txt,varying,50,60,10,3,21,260,103.933,
varying_F10_m50_C60_a3_22.txt,varying,50,60,10,3,22,224,7.317.99,
varying_F10_m50_C60_a3_23.txt,varying,50,60,10,3,23,82,12.502,
varying_F10_m50_C60_a3_24.txt,varying,50,60,10,3,24,108,22.256.20,
varying_F10_m50_C60_a3_25.txt,varying,50,60,10,3,25,56,10.617.60,
varying_F10_m50_C60_a3_26.txt,varying,50,60,10,3,26,298,3.430.98,
varying_F10_m50_C60_a3_27.txt,varying,50,60,10,3,27,100,16.700.70,
varying_F10_m50_C60_a3_28.txt,varying,50,60,10,3,28,120,32.417.40,
varying_F10_m50_C60_a3_29.txt,varying,50,60,10,3,29,322,1.545.10,
varying_F10_m50_C60_a3_30.txt,varying,50,60,10,3,30,186,32.971.40,
varying_F10_m50_C60_a3_31.txt,varying,50,60,10,3,31,76,37.876.60,
varying_F10_m50_C60_a3_32.txt,varying,50,60,10,3,32,88,10.759.50,
varying_F10_m50_C60_a3_33.txt,varying,50,60,10,3,33,106,2.828.38,
varying_F10_m50_C60_a3_34.txt,varying,50,60,10,3,34,298,1.966.15,
varying_F10_m50_C60_a3_35.txt,varying,50,60,10,3,35,60,21.416.70,
varying_F10_m50_C60_a3_36.txt,varying,50,60,10,3,36,122,84.802.80,
varying_F10_m50_C60_a3_37.txt,varying,50,60,10,3,37,122,46.548.30,
varying_F10_m50_C60_a3_38.txt,varying,50,60,10,3,38,210,2.074.39,
varying_F10_m50_C60_a3_39.txt,varying,50,60,10,3,39,230,9.357.28,
varying_F10_m50_C60_a3_40.txt,varying,50,60,10,3,40,124,37.733.10,
varying_F10_m50_C60_a3_41.txt,varying,50,60,10,3,41,100,18.262.70,
varying_F10_m50_C60_a3_42.txt,varying,50,60,10,3,42,274,5.438.25,
varying_F10_m50_C60_a3_43.txt,varying,50,60,10,3,43,276,1.547.03,
varying_F10_m50_C60_a3_44.txt,varying,50,60,10,3,44,82,20.499.80,
varying_F10_m50_C60_a3_45.txt,varying,50,60,10,3,45,104,24.696.10,
varying_F10_m50_C60_a3_46.txt,varying,50,60,10,3,46,152,10.994.60,
varying_F10_m50_C60_a3_47.txt,varying,50,60,10,3,47,114,26.819.80,
varying_F10_m50_C60_a3_48.txt,varying,50,60,10,3,48,242,3.374.28,
varying_F10_m50_C60_a3_49.txt,varying,50,60,10,3,49,128,21.471.60,
varying_F10_m50_C60_a7_0.txt,varying,50,60,10,7,0,144,40.014.20,
varying_F10_m50_C60_a7_1.txt,varying,50,60,10,7,1,144,59.723.60,
varying_F10_m50_C60_a7_2.txt,varying,50,60,10,7,2,188,6.088.15,
varying_F10_m50_C60_a7_3.txt,varying,50,60,10,7,3,158,48.357,
varying_F10_m50_C60_a7_4.txt,varying,50,60,10,7,4,122,274.708,
varying_F10_m50_C60_a7_5.txt,varying,50,60,10,7,5,234,14.231.40,
varying_F10_m50_C60_a7_6.txt,varying,50,60,10,7,6,170,12.352,
varying_F10_m50_C60_a7_7.txt,varying,50,60,10,7,7,206,19.203.80,
varying_F10_m50_C60_a7_8.txt,varying,50,60,10,7,8,170,14.575.30,
varying_F10_m50_C60_a7_9.txt,varying,50,60,10,7,9,288,8.941.02,
varying_F10_m50_C60_a7_10.txt,varying,50,60,10,7,10,118,12.305.80,
varying_F10_m50_C60_a7_11.txt,varying,50,60,10,7,11,286,5.101.81,
varying_F10_m50_C60_a7_12.txt,varying,50,60,10,7,12,130,55.371.20,
varying_F10_m50_C60_a7_13.txt,varying,50,60,10,7,13,144,727.309,
varying_F10_m50_C60_a7_14.txt,varying,50,60,10,7,14,160,10.867.30,
varying_F10_m50_C60_a7_15.txt,varying,50,60,10,7,15,148,16.191.80,
varying_F10_m50_C60_a7_16.txt,varying,50,60,10,7,16,270,9.039.21,
varying_F10_m50_C60_a7_17.txt,varying,50,60,10,7,17,148,48.496.10,
varying_F10_m50_C60_a7_18.txt,varying,50,60,10,7,18,224,3.631.72,
varying_F10_m50_C60_a7_19.txt,varying,50,60,10,7,19,142,16.671.40,
varying_F10_m50_C60_a7_20.txt,varying,50,60,10,7,20,232,9.005.38,
varying_F10_m50_C60_a7_21.txt,varying,50,60,10,7,21,274,242.379,
varying_F10_m50_C60_a7_22.txt,varying,50,60,10,7,22,300,11.976.50,
varying_F10_m50_C60_a7_23.txt,varying,50,60,10,7,23,280,221.755,
varying_F10_m50_C60_a7_24.txt,varying,50,60,10,7,24,282,10.845.80,
varying_F10_m50_C60_a7_25.txt,varying,50,60,10,7,25,114,130.401,
varying_F10_m50_C60_a7_26.txt,varying,50,60,10,7,26,298,4.738.09,
varying_F10_m50_C60_a7_27.txt,varying,50,60,10,7,27,150,18.860.60,
varying_F10_m50_C60_a7_28.txt,varying,50,60,10,7,28,166,21.574.90,
varying_F10_m50_C60_a7_29.txt,varying,50,60,10,7,29,356,4.750.41,
varying_F10_m50_C60_a7_30.txt,varying,50,60,10,7,30,336,4.488.28,
varying_F10_m50_C60_a7_31.txt,varying,50,60,10,7,31,126,33.309.30,
varying_F10_m50_C60_a7_32.txt,varying,50,60,10,7,32,168,13.949.90,
varying_F10_m50_C60_a7_33.txt,varying,50,60,10,7,33,196,5.827.98,
varying_F10_m50_C60_a7_34.txt,varying,50,60,10,7,34,422,9.119.27,
varying_F10_m50_C60_a7_35.txt,varying,50,60,10,7,35,210,12.880.40,
varying_F10_m50_C60_a7_36.txt,varying,50,60,10,7,36,170,18.425.10,
varying_F10_m50_C60_a7_37.txt,varying,50,60,10,7,37,192,18.666.30,
varying_F10_m50_C60_a7_38.txt,varying,50,60,10,7,38,214,8.538.17,
varying_F10_m50_C60_a7_39.txt,varying,50,60,10,7,39,236,34.429.70,
varying_F10_m50_C60_a7_40.txt,varying,50,60,10,7,40,156,18.936.10,
varying_F10_m50_C60_a7_41.txt,varying,50,60,10,7,41,318,7.081.83,
varying_F10_m50_C60_a7_42.txt,varying,50,60,10,7,42,336,13.272.90,
varying_F10_m50_C60_a7_43.txt,varying,50,60,10,7,43,338,4.200.56,
varying_F10_m50_C60_a7_44.txt,varying,50,60,10,7,44,266,7.048.59,
varying_F10_m50_C60_a7_45.txt,varying,50,60,10,7,45,336,30.507.90,
varying_F10_m50_C60_a7_46.txt,varying,50,60,10,7,46,254,5.034.81,
varying_F10_m50_C60_a7_47.txt,varying,50,60,10,7,47,140,479.360,
varying_F10_m50_C60_a7_48.txt,varying,50,60,10,7,48,260,5.019.68,
varying_F10_m50_C60_a7_49.txt,varying,50,60,10,7,49,216,53.432.10,
varying_F10_m50_C60_a15_0.txt,varying,50,60,10,15,0,316,174.979,
varying_F10_m50_C60_a15_1.txt,varying,50,60,10,15,1,250,28.268.30,
varying_F10_m50_C60_a15_2.txt,varying,50,60,10,15,2,412,156.401,
varying_F10_m50_C60_a15_3.txt,varying,50,60,10,15,3,288,240.267,
varying_F10_m50_C60_a15_4.txt,varying,50,60,10,15,4,280,17.509.20,
varying_F10_m50_C60_a15_5.txt,varying,50,60,10,15,5,368,18.882.80,
varying_F10_m50_C60_a15_6.txt,varying,50,60,10,15,6,278,23.291.90,
varying_F10_m50_C60_a15_7.txt,varying,50,60,10,15,7,260,37.971.10,
varying_F10_m50_C60_a15_8.txt,varying,50,60,10,15,8,200,12.989.60,
varying_F10_m50_C60_a15_9.txt,varying,50,60,10,15,9,434,13.485.50,
varying_F10_m50_C60_a15_10.txt,varying,50,60,10,15,10,256,34.527.70,
varying_F10_m50_C60_a15_11.txt,varying,50,60,10,15,11,306,16.414,
varying_F10_m50_C60_a15_12.txt,varying,50,60,10,15,12,254,30.912.50,
varying_F10_m50_C60_a15_13.txt,varying,50,60,10,15,13,188,61.157.40,
varying_F10_m50_C60_a15_14.txt,varying,50,60,10,15,14,272,23.319.70,
varying_F10_m50_C60_a15_15.txt,varying,50,60,10,15,15,340,13.723.40,
varying_F10_m50_C60_a15_16.txt,varying,50,60,10,15,16,426,9.829.06,
varying_F10_m50_C60_a15_17.txt,varying,50,60,10,15,17,318,19.760.90,
varying_F10_m50_C60_a15_18.txt,varying,50,60,10,15,18,256,9.939.26,
varying_F10_m50_C60_a15_19.txt,varying,50,60,10,15,19,338,12.011.80,
varying_F10_m50_C60_a15_20.txt,varying,50,60,10,15,20,332,13.736.30,
varying_F10_m50_C60_a15_21.txt,varying,50,60,10,15,21,432,25.379.90,
varying_F10_m50_C60_a15_22.txt,varying,50,60,10,15,22,364,20.779.70,
varying_F10_m50_C60_a15_23.txt,varying,50,60,10,15,23,340,199.721,
varying_F10_m50_C60_a15_24.txt,varying,50,60,10,15,24,312,16.475.10,
varying_F10_m50_C60_a15_25.txt,varying,50,60,10,15,25,240,31.362.60,
varying_F10_m50_C60_a15_26.txt,varying,50,60,10,15,26,330,9.946.17,
varying_F10_m50_C60_a15_27.txt,varying,50,60,10,15,27,198,104.155,
varying_F10_m50_C60_a15_28.txt,varying,50,60,10,15,28,218,791.106,
varying_F10_m50_C60_a15_29.txt,varying,50,60,10,15,29,414,9.542.57,
varying_F10_m50_C60_a15_30.txt,varying,50,60,10,15,30,436,10.577.90,
varying_F10_m50_C60_a15_31.txt,varying,50,60,10,15,31,332,21.102.10,
varying_F10_m50_C60_a15_32.txt,varying,50,60,10,15,32,214,30.845.30,
varying_F10_m50_C60_a15_33.txt,varying,50,60,10,15,33,324,16.902.90,
varying_F10_m50_C60_a15_34.txt,varying,50,60,10,15,34,440,10.824,
varying_F10_m50_C60_a15_35.txt,varying,50,60,10,15,35,314,11.385,
varying_F10_m50_C60_a15_36.txt,varying,50,60,10,15,36,202,161.426,
varying_F10_m50_C60_a15_37.txt,varying,50,60,10,15,37,396,100.034,
varying_F10_m50_C60_a15_38.txt,varying,50,60,10,15,38,272,22.378.50,
varying_F10_m50_C60_a15_39.txt,varying,50,60,10,15,39,274,1.05E+06,
varying_F10_m50_C60_a15_40.txt,varying,50,60,10,15,40,194,29.160.20,
varying_F10_m50_C60_a15_41.txt,varying,50,60,10,15,41,354,25.143.70,
varying_F10_m50_C60_a15_42.txt,varying,50,60,10,15,42,350,22.407,
varying_F10_m50_C60_a15_43.txt,varying,50,60,10,15,43,422,13.903.40,
varying_F10_m50_C60_a15_44.txt,varying,50,60,10,15,44,356,13.900.80,
varying_F10_m50_C60_a15_45.txt,varying,50,60,10,15,45,394,141.383,
varying_F10_m50_C60_a15_46.txt,varying,50,60,10,15,46,328,19.645.40,
varying_F10_m50_C60_a15_47.txt,varying,50,60,10,15,47,256,18.329.40,
varying_F10_m50_C60_a15_48.txt,varying,50,60,10,15,48,380,13.286.40,
varying_F10_m50_C60_a15_49.txt,varying,50,60,10,15,49,288,20.538.60,
varying_F10_m50_C60_a30_0.txt,varying,50,60,10,30,0,382,1.29E+06,
varying_F10_m50_C60_a30_1.txt,varying,50,60,10,30,1,500,460.782,
varying_F10_m50_C60_a30_2.txt,varying,50,60,10,30,2,532,187.023,
varying_F10_m50_C60_a30_3.txt,varying,50,60,10,30,3,520,79.453.30,
varying_F10_m50_C60_a30_4.txt,varying,50,60,10,30,4,378,27.081.50,
varying_F10_m50_C60_a30_5.txt,varying,50,60,10,30,5,458,31.073.90,
varying_F10_m50_C60_a30_6.txt,varying,50,60,10,30,6,426,114.847,
varying_F10_m50_C60_a30_7.txt,varying,50,60,10,30,7,488,32.563.20,
varying_F10_m50_C60_a30_8.txt,varying,50,60,10,30,8,404,463.096,
varying_F10_m50_C60_a30_9.txt,varying,50,60,10,30,9,522,23.800.90,
varying_F10_m50_C60_a30_10.txt,varying,50,60,10,30,10,394,31.482.80,
varying_F10_m50_C60_a30_11.txt,varying,50,60,10,30,11,454,45.361.80,
varying_F10_m50_C60_a30_12.txt,varying,50,60,10,30,12,494,19.117.10,
varying_F10_m50_C60_a30_13.txt,varying,50,60,10,30,13,354,96.855.90,
varying_F10_m50_C60_a30_14.txt,varying,50,60,10,30,14,410,556.266,
varying_F10_m50_C60_a30_15.txt,varying,50,60,10,30,15,450,21.738.10,
varying_F10_m50_C60_a30_16.txt,varying,50,60,10,30,16,516,11.142.90,
varying_F10_m50_C60_a30_17.txt,varying,50,60,10,30,17,492,355.116,
varying_F10_m50_C60_a30_18.txt,varying,50,60,10,30,18,412,19.785.70,
varying_F10_m50_C60_a30_19.txt,varying,50,60,10,30,19,442,52.067.50,
varying_F10_m50_C60_a30_20.txt,varying,50,60,10,30,20,420,44.224.30,
varying_F10_m50_C60_a30_21.txt,varying,50,60,10,30,21,554,47.048.30,
varying_F10_m50_C60_a30_22.txt,varying,50,60,10,30,22,492,37.521.20,
varying_F10_m50_C60_a30_23.txt,varying,50,60,10,30,23,472,11.311,
varying_F10_m50_C60_a30_24.txt,varying,50,60,10,30,24,514,15.337.70,
varying_F10_m50_C60_a30_25.txt,varying,50,60,10,30,25,406,23.509.20,
varying_F10_m50_C60_a30_26.txt,varying,50,60,10,30,26,468,37.197.20,
varying_F10_m50_C60_a30_27.txt,varying,50,60,10,30,27,414,56.527.30,
varying_F10_m50_C60_a30_28.txt,varying,50,60,10,30,28,258,1.42E+07,
varying_F10_m50_C60_a30_29.txt,varying,50,60,10,30,29,502,21.724.30,
varying_F10_m50_C60_a30_30.txt,varying,50,60,10,30,30,560,14.580.10,
varying_F10_m50_C60_a30_31.txt,varying,50,60,10,30,31,448,234.025,
varying_F10_m50_C60_a30_32.txt,varying,50,60,10,30,32,362,779.617,
varying_F10_m50_C60_a30_33.txt,varying,50,60,10,30,33,582,16.745.10,
varying_F10_m50_C60_a30_34.txt,varying,50,60,10,30,34,548,24.232.30,
varying_F10_m50_C60_a30_35.txt,varying,50,60,10,30,35,382,20.601.10,
varying_F10_m50_C60_a30_36.txt,varying,50,60,10,30,36,336,482.055,
varying_F10_m50_C60_a30_37.txt,varying,50,60,10,30,37,520,113.372,
varying_F10_m50_C60_a30_38.txt,varying,50,60,10,30,38,374,85.074,
varying_F10_m50_C60_a30_39.txt,varying,50,60,10,30,39,558,18.727.60,
varying_F10_m50_C60_a30_40.txt,varying,50,60,10,30,40,412,500.415,
varying_F10_m50_C60_a30_41.txt,varying,50,60,10,30,41,430,183.166,
varying_F10_m50_C60_a30_42.txt,varying,50,60,10,30,42,504,53.994,
varying_F10_m50_C60_a30_43.txt,varying,50,60,10,30,43,558,33.698.40,
varying_F10_m50_C60_a30_44.txt,varying,50,60,10,30,44,448,363.034,
varying_F10_m50_C60_a30_45.txt,varying,50,60,10,30,45,528,31.852.40,
varying_F10_m50_C60_a30_46.txt,varying,50,60,10,30,46,388,167.657,
varying_F10_m50_C60_a30_47.txt,varying,50,60,10,30,47,426,223.199,
varying_F10_m50_C60_a30_48.txt,varying,50,60,10,30,48,458,19.548,
varying_F10_m50_C60_a30_49.txt,varying,50,60,10,30,49,474,104.641,
varying_F2_m50_C180_a3_0.txt,varying,50,180,2,3,0,522,133.577,
varying_F2_m50_C180_a3_1.txt,varying,50,180,2,3,1,444,74.5449,
varying_F2_m50_C180_a3_2.txt,varying,50,180,2,3,2,552,96.8008,
varying_F2_m50_C180_a3_3.txt,varying,50,180,2,3,3,390,35.6027,
varying_F2_m50_C180_a3_4.txt,varying,50,180,2,3,4,574,57.4703,
varying_F2_m50_C180_a3_5.txt,varying,50,180,2,3,5,390,86.7384,
varying_F2_m50_C180_a3_6.txt,varying,50,180,2,3,6,482,12.6014,
varying_F2_m50_C180_a3_7.txt,varying,50,180,2,3,7,372,136.217,
varying_F2_m50_C180_a3_8.txt,varying,50,180,2,3,8,318,198.143,
varying_F2_m50_C180_a3_9.txt,varying,50,180,2,3,9,278,282.617,
varying_F2_m50_C180_a3_10.txt,varying,50,180,2,3,10,502,67.6737,
varying_F2_m50_C180_a3_11.txt,varying,50,180,2,3,11,562,66.1315,
varying_F2_m50_C180_a3_12.txt,varying,50,180,2,3,12,588,551.836,
varying_F2_m50_C180_a3_13.txt,varying,50,180,2,3,13,664,38.5178,
varying_F2_m50_C180_a3_14.txt,varying,50,180,2,3,14,556,82.4412,
varying_F2_m50_C180_a3_15.txt,varying,50,180,2,3,15,446,122.008,
varying_F2_m50_C180_a3_16.txt,varying,50,180,2,3,16,400,262.802,
varying_F2_m50_C180_a3_17.txt,varying,50,180,2,3,17,596,27.5322,
varying_F2_m50_C180_a3_18.txt,varying,50,180,2,3,18,496,502.494,
varying_F2_m50_C180_a3_19.txt,varying,50,180,2,3,19,610,205.718,
varying_F2_m50_C180_a3_20.txt,varying,50,180,2,3,20,606,138.514,
varying_F2_m50_C180_a3_21.txt,varying,50,180,2,3,21,524,172.949,
varying_F2_m50_C180_a3_22.txt,varying,50,180,2,3,22,438,96.2176,
varying_F2_m50_C180_a3_23.txt,varying,50,180,2,3,23,300,88.8392,
varying_F2_m50_C180_a3_24.txt,varying,50,180,2,3,24,358,1.022.67,
varying_F2_m50_C180_a3_25.txt,varying,50,180,2,3,25,632,19.1267,
varying_F2_m50_C180_a3_26.txt,varying,50,180,2,3,26,516,71.99,
varying_F2_m50_C180_a3_27.txt,varying,50,180,2,3,27,562,35.294,
varying_F2_m50_C180_a3_28.txt,varying,50,180,2,3,28,328,624.76,
varying_F2_m50_C180_a3_29.txt,varying,50,180,2,3,29,616,90.0214,
varying_F2_m50_C180_a3_30.txt,varying,50,180,2,3,30,546,86.1742,
varying_F2_m50_C180_a3_31.txt,varying,50,180,2,3,31,340,61.7168,
varying_F2_m50_C180_a3_32.txt,varying,50,180,2,3,32,344,62.1391,
varying_F2_m50_C180_a3_33.txt,varying,50,180,2,3,33,252,534.066,
varying_F2_m50_C180_a3_34.txt,varying,50,180,2,3,34,474,93.8597,
varying_F2_m50_C180_a3_35.txt,varying,50,180,2,3,35,372,2.150.46,
varying_F2_m50_C180_a3_36.txt,varying,50,180,2,3,36,652,268.982,
varying_F2_m50_C180_a3_37.txt,varying,50,180,2,3,37,424,82.1738,
varying_F2_m50_C180_a3_38.txt,varying,50,180,2,3,38,346,57.2634,
varying_F2_m50_C180_a3_39.txt,varying,50,180,2,3,39,354,474.313,
varying_F2_m50_C180_a3_40.txt,varying,50,180,2,3,40,334,274.476,
varying_F2_m50_C180_a3_41.txt,varying,50,180,2,3,41,362,27.9152,
varying_F2_m50_C180_a3_42.txt,varying,50,180,2,3,42,464,90.6687,
varying_F2_m50_C180_a3_43.txt,varying,50,180,2,3,43,298,76.1657,
varying_F2_m50_C180_a3_44.txt,varying,50,180,2,3,44,408,76.155,
varying_F2_m50_C180_a3_45.txt,varying,50,180,2,3,45,342,414.699,
varying_F2_m50_C180_a3_46.txt,varying,50,180,2,3,46,508,108.847,
varying_F2_m50_C180_a3_47.txt,varying,50,180,2,3,47,362,123.677,
varying_F2_m50_C180_a3_48.txt,varying,50,180,2,3,48,382,16.3991,
varying_F2_m50_C180_a3_49.txt,varying,50,180,2,3,49,410,99.825,
varying_F2_m50_C180_a7_0.txt,varying,50,180,2,7,0,682,154.424,
varying_F2_m50_C180_a7_1.txt,varying,50,180,2,7,1,770,125.493,
varying_F2_m50_C180_a7_2.txt,varying,50,180,2,7,2,912,112.407,
varying_F2_m50_C180_a7_3.txt,varying,50,180,2,7,3,632,117.147,
varying_F2_m50_C180_a7_4.txt,varying,50,180,2,7,4,726,246.692,
varying_F2_m50_C180_a7_5.txt,varying,50,180,2,7,5,706,295.424,
varying_F2_m50_C180_a7_6.txt,varying,50,180,2,7,6,918,162.032,
varying_F2_m50_C180_a7_7.txt,varying,50,180,2,7,7,522,145.326,
varying_F2_m50_C180_a7_8.txt,varying,50,180,2,7,8,552,306.045,
varying_F2_m50_C180_a7_9.txt,varying,50,180,2,7,9,610,140.358,
varying_F2_m50_C180_a7_10.txt,varying,50,180,2,7,10,814,182.436,
varying_F2_m50_C180_a7_11.txt,varying,50,180,2,7,11,656,104.379,
varying_F2_m50_C180_a7_12.txt,varying,50,180,2,7,12,672,794.123,
varying_F2_m50_C180_a7_13.txt,varying,50,180,2,7,13,972,112.231,
varying_F2_m50_C180_a7_14.txt,varying,50,180,2,7,14,736,368.63,
varying_F2_m50_C180_a7_15.txt,varying,50,180,2,7,15,834,320.43,
varying_F2_m50_C180_a7_16.txt,varying,50,180,2,7,16,592,101.728,
varying_F2_m50_C180_a7_17.txt,varying,50,180,2,7,17,932,77.9995,
varying_F2_m50_C180_a7_18.txt,varying,50,180,2,7,18,676,131.239,
varying_F2_m50_C180_a7_19.txt,varying,50,180,2,7,19,690,110.562,
varying_F2_m50_C180_a7_20.txt,varying,50,180,2,7,20,696,175.59,
varying_F2_m50_C180_a7_21.txt,varying,50,180,2,7,21,852,388.389,
varying_F2_m50_C180_a7_22.txt,varying,50,180,2,7,22,594,89.1907,
varying_F2_m50_C180_a7_23.txt,varying,50,180,2,7,23,666,103.643,
varying_F2_m50_C180_a7_24.txt,varying,50,180,2,7,24,730,345.254,
varying_F2_m50_C180_a7_25.txt,varying,50,180,2,7,25,778,72.313,
varying_F2_m50_C180_a7_26.txt,varying,50,180,2,7,26,716,137.526,
varying_F2_m50_C180_a7_27.txt,varying,50,180,2,7,27,800,72.5895,
varying_F2_m50_C180_a7_28.txt,varying,50,180,2,7,28,540,278.217,
varying_F2_m50_C180_a7_29.txt,varying,50,180,2,7,29,718,151.539,
varying_F2_m50_C180_a7_30.txt,varying,50,180,2,7,30,618,296.701,
varying_F2_m50_C180_a7_31.txt,varying,50,180,2,7,31,716,108.032,
varying_F2_m50_C180_a7_32.txt,varying,50,180,2,7,32,884,76.9936,
varying_F2_m50_C180_a7_33.txt,varying,50,180,2,7,33,502,835.303,
varying_F2_m50_C180_a7_34.txt,varying,50,180,2,7,34,608,182.893,
varying_F2_m50_C180_a7_35.txt,varying,50,180,2,7,35,522,222.472,
varying_F2_m50_C180_a7_36.txt,varying,50,180,2,7,36,802,174.571,
varying_F2_m50_C180_a7_37.txt,varying,50,180,2,7,37,808,236.083,
varying_F2_m50_C180_a7_38.txt,varying,50,180,2,7,38,622,74.5379,
varying_F2_m50_C180_a7_39.txt,varying,50,180,2,7,39,594,120.597,
varying_F2_m50_C180_a7_40.txt,varying,50,180,2,7,40,486,603.76,
varying_F2_m50_C180_a7_41.txt,varying,50,180,2,7,41,698,138.689,
varying_F2_m50_C180_a7_42.txt,varying,50,180,2,7,42,680,88.2507,
varying_F2_m50_C180_a7_43.txt,varying,50,180,2,7,43,510,465.853,
varying_F2_m50_C180_a7_44.txt,varying,50,180,2,7,44,662,84.0771,
varying_F2_m50_C180_a7_45.txt,varying,50,180,2,7,45,528,163.908,
varying_F2_m50_C180_a7_46.txt,varying,50,180,2,7,46,766,511.449,
varying_F2_m50_C180_a7_47.txt,varying,50,180,2,7,47,708,205.701,
varying_F2_m50_C180_a7_48.txt,varying,50,180,2,7,48,666,91.8631,
varying_F2_m50_C180_a7_49.txt,varying,50,180,2,7,49,636,156.268,
varying_F2_m50_C180_a15_0.txt,varying,50,180,2,15,0,946,291.034,
varying_F2_m50_C180_a15_1.txt,varying,50,180,2,15,1,974,347.695,
varying_F2_m50_C180_a15_2.txt,varying,50,180,2,15,2,1192,414.001,
varying_F2_m50_C180_a15_3.txt,varying,50,180,2,15,3,972,648.964,
varying_F2_m50_C180_a15_4.txt,varying,50,180,2,15,4,1094,281.188,
varying_F2_m50_C180_a15_5.txt,varying,50,180,2,15,5,1026,239.767,
varying_F2_m50_C180_a15_6.txt,varying,50,180,2,15,6,1362,294.892,
varying_F2_m50_C180_a15_7.txt,varying,50,180,2,15,7,906,243.458,
varying_F2_m50_C180_a15_8.txt,varying,50,180,2,15,8,908,525.307,
varying_F2_m50_C180_a15_9.txt,varying,50,180,2,15,9,1054,200.431,
varying_F2_m50_C180_a15_10.txt,varying,50,180,2,15,10,1244,142.628,
varying_F2_m50_C180_a15_11.txt,varying,50,180,2,15,11,1046,485.116,
varying_F2_m50_C180_a15_12.txt,varying,50,180,2,15,12,970,954.341,
varying_F2_m50_C180_a15_13.txt,varying,50,180,2,15,13,1322,605.928,
varying_F2_m50_C180_a15_14.txt,varying,50,180,2,15,14,1154,1.360.75,
varying_F2_m50_C180_a15_15.txt,varying,50,180,2,15,15,1090,867.564,
varying_F2_m50_C180_a15_16.txt,varying,50,180,2,15,16,920,284.321,
varying_F2_m50_C180_a15_17.txt,varying,50,180,2,15,17,1116,229.152,
varying_F2_m50_C180_a15_18.txt,varying,50,180,2,15,18,1100,426.843,
varying_F2_m50_C180_a15_19.txt,varying,50,180,2,15,19,962,675.872,
varying_F2_m50_C180_a15_20.txt,varying,50,180,2,15,20,1100,860.5,
varying_F2_m50_C180_a15_21.txt,varying,50,180,2,15,21,1478,513.38,
varying_F2_m50_C180_a15_22.txt,varying,50,180,2,15,22,1116,191.073,
varying_F2_m50_C180_a15_23.txt,varying,50,180,2,15,23,936,423.45,
varying_F2_m50_C180_a15_24.txt,varying,50,180,2,15,24,1112,238.433,
varying_F2_m50_C180_a15_25.txt,varying,50,180,2,15,25,1094,347.896,
varying_F2_m50_C180_a15_26.txt,varying,50,180,2,15,26,962,216.131,
varying_F2_m50_C180_a15_27.txt,varying,50,180,2,15,27,1070,134.392,
varying_F2_m50_C180_a15_28.txt,varying,50,180,2,15,28,976,837.842,
varying_F2_m50_C180_a15_29.txt,varying,50,180,2,15,29,1102,494.767,
varying_F2_m50_C180_a15_30.txt,varying,50,180,2,15,30,966,665.167,
varying_F2_m50_C180_a15_31.txt,varying,50,180,2,15,31,1184,565.862,
varying_F2_m50_C180_a15_32.txt,varying,50,180,2,15,32,1376,237.381,
varying_F2_m50_C180_a15_33.txt,varying,50,180,2,15,33,940,236.262,
varying_F2_m50_C180_a15_34.txt,varying,50,180,2,15,34,1056,555.174,
varying_F2_m50_C180_a15_35.txt,varying,50,180,2,15,35,988,315.895,
varying_F2_m50_C180_a15_36.txt,varying,50,180,2,15,36,1036,433.504,
varying_F2_m50_C180_a15_37.txt,varying,50,180,2,15,37,1254,2.040.77,
varying_F2_m50_C180_a15_38.txt,varying,50,180,2,15,38,1202,156.774,
varying_F2_m50_C180_a15_39.txt,varying,50,180,2,15,39,1290,371.427,
varying_F2_m50_C180_a15_40.txt,varying,50,180,2,15,40,894,526.41,
varying_F2_m50_C180_a15_41.txt,varying,50,180,2,15,41,1044,190.285,
varying_F2_m50_C180_a15_42.txt,varying,50,180,2,15,42,1096,196.149,
varying_F2_m50_C180_a15_43.txt,varying,50,180,2,15,43,1002,587.596,
varying_F2_m50_C180_a15_44.txt,varying,50,180,2,15,44,896,308.036,
varying_F2_m50_C180_a15_45.txt,varying,50,180,2,15,45,972,338.771,
varying_F2_m50_C180_a15_46.txt,varying,50,180,2,15,46,1244,1.115.08,
varying_F2_m50_C180_a15_47.txt,varying,50,180,2,15,47,1140,408.668,
varying_F2_m50_C180_a15_48.txt,varying,50,180,2,15,48,1152,303.173,
varying_F2_m50_C180_a15_49.txt,varying,50,180,2,15,49,1102,670.915,
varying_F2_m50_C180_a30_0.txt,varying,50,180,2,30,0,1386,427.765,
varying_F2_m50_C180_a30_1.txt,varying,50,180,2,30,1,1528,459.965,
varying_F2_m50_C180_a30_2.txt,varying,50,180,2,30,2,1728,962.856,
varying_F2_m50_C180_a30_3.txt,varying,50,180,2,30,3,1448,861.702,
varying_F2_m50_C180_a30_4.txt,varying,50,180,2,30,4,1636,711.215,
varying_F2_m50_C180_a30_5.txt,varying,50,180,2,30,5,1624,630.613,
varying_F2_m50_C180_a30_6.txt,varying,50,180,2,30,6,2024,1.597.08,
varying_F2_m50_C180_a30_7.txt,varying,50,180,2,30,7,1476,760.229,
varying_F2_m50_C180_a30_8.txt,varying,50,180,2,30,8,1532,7.115.39,
varying_F2_m50_C180_a30_9.txt,varying,50,180,2,30,9,1576,374.877,
varying_F2_m50_C180_a30_10.txt,varying,50,180,2,30,10,1962,839.154,
varying_F2_m50_C180_a30_11.txt,varying,50,180,2,30,11,1554,1.310.14,
varying_F2_m50_C180_a30_12.txt,varying,50,180,2,30,12,1516,1.511.99,
varying_F2_m50_C180_a30_13.txt,varying,50,180,2,30,13,1784,1.440.33,
varying_F2_m50_C180_a30_14.txt,varying,50,180,2,30,14,2084,5.633.64,
varying_F2_m50_C180_a30_15.txt,varying,50,180,2,30,15,1646,901.41,
varying_F2_m50_C180_a30_16.txt,varying,50,180,2,30,16,1558,622.819,
varying_F2_m50_C180_a30_17.txt,varying,50,180,2,30,17,1542,712.565,
varying_F2_m50_C180_a30_18.txt,varying,50,180,2,30,18,1586,1.934.65,
varying_F2_m50_C180_a30_19.txt,varying,50,180,2,30,19,1456,1.610.97,
varying_F2_m50_C180_a30_20.txt,varying,50,180,2,30,20,1708,255.173,
varying_F2_m50_C180_a30_21.txt,varying,50,180,2,30,21,2164,972.694,
varying_F2_m50_C180_a30_22.txt,varying,50,180,2,30,22,1698,1.712.56,
varying_F2_m50_C180_a30_23.txt,varying,50,180,2,30,23,1476,568.406,
varying_F2_m50_C180_a30_24.txt,varying,50,180,2,30,24,1468,1.111.17,
varying_F2_m50_C180_a30_25.txt,varying,50,180,2,30,25,1634,392.368,
varying_F2_m50_C180_a30_26.txt,varying,50,180,2,30,26,1542,1.467.64,
varying_F2_m50_C180_a30_27.txt,varying,50,180,2,30,27,1678,1.011.72,
varying_F2_m50_C180_a30_28.txt,varying,50,180,2,30,28,1540,1.080.72,
varying_F2_m50_C180_a30_29.txt,varying,50,180,2,30,29,1690,7.926.17,
varying_F2_m50_C180_a30_30.txt,varying,50,180,2,30,30,1516,1.783.58,
varying_F2_m50_C180_a30_31.txt,varying,50,180,2,30,31,1598,789.212,
varying_F2_m50_C180_a30_32.txt,varying,50,180,2,30,32,1950,613.658,
varying_F2_m50_C180_a30_33.txt,varying,50,180,2,30,33,1544,2.632.89,
varying_F2_m50_C180_a30_34.txt,varying,50,180,2,30,34,1536,1.717.75,
varying_F2_m50_C180_a30_35.txt,varying,50,180,2,30,35,1498,641.66,
varying_F2_m50_C180_a30_36.txt,varying,50,180,2,30,36,1580,430.394,
varying_F2_m50_C180_a30_37.txt,varying,50,180,2,30,37,1864,8.341.55,
varying_F2_m50_C180_a30_38.txt,varying,50,180,2,30,38,1854,20.323.80,
varying_F2_m50_C180_a30_39.txt,varying,50,180,2,30,39,1686,733.482,
varying_F2_m50_C180_a30_40.txt,varying,50,180,2,30,40,1344,927.931,
varying_F2_m50_C180_a30_41.txt,varying,50,180,2,30,41,1672,1.234.78,
varying_F2_m50_C180_a30_42.txt,varying,50,180,2,30,42,1694,1.490.83,
varying_F2_m50_C180_a30_43.txt,varying,50,180,2,30,43,1602,736.87,
varying_F2_m50_C180_a30_44.txt,varying,50,180,2,30,44,1258,466.444,
varying_F2_m50_C180_a30_45.txt,varying,50,180,2,30,45,1814,597.083,
varying_F2_m50_C180_a30_46.txt,varying,50,180,2,30,46,1802,21.098.90,
varying_F2_m50_C180_a30_47.txt,varying,50,180,2,30,47,1610,700.196,
varying_F2_m50_C180_a30_48.txt,varying,50,180,2,30,48,1714,1.428.04,
varying_F2_m50_C180_a30_49.txt,varying,50,180,2,30,49,1842,1.146.66,
varying_F5_m50_C180_a3_0.txt,varying,50,180,5,3,0,328,5.480.46,
varying_F5_m50_C180_a3_1.txt,varying,50,180,5,3,1,518,551.213,
varying_F5_m50_C180_a3_2.txt,varying,50,180,5,3,2,336,2.448.79,
varying_F5_m50_C180_a3_3.txt,varying,50,180,5,3,3,482,326.902,
varying_F5_m50_C180_a3_4.txt,varying,50,180,5,3,4,382,1.011.35,
varying_F5_m50_C180_a3_5.txt,varying,50,180,5,3,5,340,1.197.46,
varying_F5_m50_C180_a3_6.txt,varying,50,180,5,3,6,290,5.207.47,
varying_F5_m50_C180_a3_7.txt,varying,50,180,5,3,7,200,1.900.54,
varying_F5_m50_C180_a3_8.txt,varying,50,180,5,3,8,154,1.171.83,
varying_F5_m50_C180_a3_9.txt,varying,50,180,5,3,9,246,671.13,
varying_F5_m50_C180_a3_10.txt,varying,50,180,5,3,10,522,1.224.51,
varying_F5_m50_C180_a3_11.txt,varying,50,180,5,3,11,230,5.571.53,
varying_F5_m50_C180_a3_12.txt,varying,50,180,5,3,12,292,6.211.14,
varying_F5_m50_C180_a3_13.txt,varying,50,180,5,3,13,294,2.255.60,
varying_F5_m50_C180_a3_14.txt,varying,50,180,5,3,14,232,2.279.28,
varying_F5_m50_C180_a3_15.txt,varying,50,180,5,3,15,266,6.702.79,
varying_F5_m50_C180_a3_16.txt,varying,50,180,5,3,16,260,4.198.02,
varying_F5_m50_C180_a3_17.txt,varying,50,180,5,3,17,436,3.544.56,
varying_F5_m50_C180_a3_18.txt,varying,50,180,5,3,18,218,10.121.20,
varying_F5_m50_C180_a3_19.txt,varying,50,180,5,3,19,442,3.578.84,
varying_F5_m50_C180_a3_20.txt,varying,50,180,5,3,20,288,6.789.09,
varying_F5_m50_C180_a3_21.txt,varying,50,180,5,3,21,582,770.137,
varying_F5_m50_C180_a3_22.txt,varying,50,180,5,3,22,304,5.666.35,
varying_F5_m50_C180_a3_23.txt,varying,50,180,5,3,23,462,432.6,
varying_F5_m50_C180_a3_24.txt,varying,50,180,5,3,24,352,615.76,
varying_F5_m50_C180_a3_25.txt,varying,50,180,5,3,25,350,688.879,
varying_F5_m50_C180_a3_26.txt,varying,50,180,5,3,26,264,7.917.62,
varying_F5_m50_C180_a3_27.txt,varying,50,180,5,3,27,182,5.930.55,
varying_F5_m50_C180_a3_28.txt,varying,50,180,5,3,28,152,3.424.17,
varying_F5_m50_C180_a3_29.txt,varying,50,180,5,3,29,300,4.894.68,
varying_F5_m50_C180_a3_30.txt,varying,50,180,5,3,30,332,6.030.98,
varying_F5_m50_C180_a3_31.txt,varying,50,180,5,3,31,296,731.987,
varying_F5_m50_C180_a3_32.txt,varying,50,180,5,3,32,474,357.298,
varying_F5_m50_C180_a3_33.txt,varying,50,180,5,3,33,364,358.974,
varying_F5_m50_C180_a3_34.txt,varying,50,180,5,3,34,572,533.344,
varying_F5_m50_C180_a3_35.txt,varying,50,180,5,3,35,234,1.119.62,
varying_F5_m50_C180_a3_36.txt,varying,50,180,5,3,36,428,6.878.67,
varying_F5_m50_C180_a3_37.txt,varying,50,180,5,3,37,334,2.819.25,
varying_F5_m50_C180_a3_38.txt,varying,50,180,5,3,38,132,831.14,
varying_F5_m50_C180_a3_39.txt,varying,50,180,5,3,39,336,748.572,
varying_F5_m50_C180_a3_40.txt,varying,50,180,5,3,40,332,6.103.82,
varying_F5_m50_C180_a3_41.txt,varying,50,180,5,3,41,354,1.563.51,
varying_F5_m50_C180_a3_42.txt,varying,50,180,5,3,42,284,19.952.50,
varying_F5_m50_C180_a3_43.txt,varying,50,180,5,3,43,246,7.626.87,
varying_F5_m50_C180_a3_44.txt,varying,50,180,5,3,44,202,838.94,
varying_F5_m50_C180_a3_45.txt,varying,50,180,5,3,45,364,405.203,
varying_F5_m50_C180_a3_46.txt,varying,50,180,5,3,46,320,6.121.73,
varying_F5_m50_C180_a3_47.txt,varying,50,180,5,3,47,308,535.249,
varying_F5_m50_C180_a3_48.txt,varying,50,180,5,3,48,464,501.992,
varying_F5_m50_C180_a3_49.txt,varying,50,180,5,3,49,132,667.387,
varying_F5_m50_C180_a7_0.txt,varying,50,180,5,7,0,454,28.115,
varying_F5_m50_C180_a7_1.txt,varying,50,180,5,7,1,634,2.598.23,
varying_F5_m50_C180_a7_2.txt,varying,50,180,5,7,2,470,2.731.80,
varying_F5_m50_C180_a7_3.txt,varying,50,180,5,7,3,736,645.28,
varying_F5_m50_C180_a7_4.txt,varying,50,180,5,7,4,454,1.371.17,
varying_F5_m50_C180_a7_5.txt,varying,50,180,5,7,5,486,1.476.29,
varying_F5_m50_C180_a7_6.txt,varying,50,180,5,7,6,340,7.479.37,
varying_F5_m50_C180_a7_7.txt,varying,50,180,5,7,7,474,2.608.19,
varying_F5_m50_C180_a7_8.txt,varying,50,180,5,7,8,578,4.256.17,
varying_F5_m50_C180_a7_9.txt,varying,50,180,5,7,9,410,8.814.74,
varying_F5_m50_C180_a7_10.txt,varying,50,180,5,7,10,530,1.540.15,
varying_F5_m50_C180_a7_11.txt,varying,50,180,5,7,11,558,2.338.84,
varying_F5_m50_C180_a7_12.txt,varying,50,180,5,7,12,328,9.661.92,
varying_F5_m50_C180_a7_13.txt,varying,50,180,5,7,13,480,3.316.07,
varying_F5_m50_C180_a7_14.txt,varying,50,180,5,7,14,424,3.983.26,
varying_F5_m50_C180_a7_15.txt,varying,50,180,5,7,15,364,9.219.47,
varying_F5_m50_C180_a7_16.txt,varying,50,180,5,7,16,372,15.377.20,
varying_F5_m50_C180_a7_17.txt,varying,50,180,5,7,17,486,5.760.92,
varying_F5_m50_C180_a7_18.txt,varying,50,180,5,7,18,434,41.238,
varying_F5_m50_C180_a7_19.txt,varying,50,180,5,7,19,494,1.427.09,
varying_F5_m50_C180_a7_20.txt,varying,50,180,5,7,20,366,8.344.11,
varying_F5_m50_C180_a7_21.txt,varying,50,180,5,7,21,744,2.528.22,
varying_F5_m50_C180_a7_22.txt,varying,50,180,5,7,22,402,16.854,
varying_F5_m50_C180_a7_23.txt,varying,50,180,5,7,23,632,2.739.72,
varying_F5_m50_C180_a7_24.txt,varying,50,180,5,7,24,544,1.130.68,
varying_F5_m50_C180_a7_25.txt,varying,50,180,5,7,25,468,1.716.19,
varying_F5_m50_C180_a7_26.txt,varying,50,180,5,7,26,712,1.190.08,
varying_F5_m50_C180_a7_27.txt,varying,50,180,5,7,27,328,72.659.40,
varying_F5_m50_C180_a7_28.txt,varying,50,180,5,7,28,302,2.104.70,
varying_F5_m50_C180_a7_29.txt,varying,50,180,5,7,29,378,5.194.11,
varying_F5_m50_C180_a7_30.txt,varying,50,180,5,7,30,596,952.331,
varying_F5_m50_C180_a7_31.txt,varying,50,180,5,7,31,654,2.801.16,
varying_F5_m50_C180_a7_32.txt,varying,50,180,5,7,32,584,3.621.42,
varying_F5_m50_C180_a7_33.txt,varying,50,180,5,7,33,458,2.238.46,
varying_F5_m50_C180_a7_34.txt,varying,50,180,5,7,34,686,2.914.42,
varying_F5_m50_C180_a7_35.txt,varying,50,180,5,7,35,382,13.598.20,
varying_F5_m50_C180_a7_36.txt,varying,50,180,5,7,36,534,4.057.13,
varying_F5_m50_C180_a7_37.txt,varying,50,180,5,7,37,738,3.753.53,
varying_F5_m50_C180_a7_38.txt,varying,50,180,5,7,38,306,4.194.56,
varying_F5_m50_C180_a7_39.txt,varying,50,180,5,7,39,482,4.700.53,
varying_F5_m50_C180_a7_40.txt,varying,50,180,5,7,40,368,17.957,
varying_F5_m50_C180_a7_41.txt,varying,50,180,5,7,41,384,3.433.57,
varying_F5_m50_C180_a7_42.txt,varying,50,180,5,7,42,326,10.559.40,
varying_F5_m50_C180_a7_43.txt,varying,50,180,5,7,43,510,28.488.10,
varying_F5_m50_C180_a7_44.txt,varying,50,180,5,7,44,410,4.934.02,
varying_F5_m50_C180_a7_45.txt,varying,50,180,5,7,45,466,2.406.85,
varying_F5_m50_C180_a7_46.txt,varying,50,180,5,7,46,438,4.802.56,
varying_F5_m50_C180_a7_47.txt,varying,50,180,5,7,47,482,7.524.62,
varying_F5_m50_C180_a7_48.txt,varying,50,180,5,7,48,504,1.312.27,
varying_F5_m50_C180_a7_49.txt,varying,50,180,5,7,49,446,3.162.22,
varying_F5_m50_C180_a15_0.txt,varying,50,180,5,15,0,738,10.135.40,
varying_F5_m50_C180_a15_1.txt,varying,50,180,5,15,1,700,7.097.37,
varying_F5_m50_C180_a15_2.txt,varying,50,180,5,15,2,836,6.245.32,
varying_F5_m50_C180_a15_3.txt,varying,50,180,5,15,3,1122,1.574.85,
varying_F5_m50_C180_a15_4.txt,varying,50,180,5,15,4,698,6.571.86,
varying_F5_m50_C180_a15_5.txt,varying,50,180,5,15,5,632,4.743.04,
varying_F5_m50_C180_a15_6.txt,varying,50,180,5,15,6,672,17.026.50,
varying_F5_m50_C180_a15_7.txt,varying,50,180,5,15,7,768,2.052.65,
varying_F5_m50_C180_a15_8.txt,varying,50,180,5,15,8,772,2.993.95,
varying_F5_m50_C180_a15_9.txt,varying,50,180,5,15,9,778,19.085.20,
varying_F5_m50_C180_a15_10.txt,varying,50,180,5,15,10,690,9.707.51,
varying_F5_m50_C180_a15_11.txt,varying,50,180,5,15,11,682,5.777.62,
varying_F5_m50_C180_a15_12.txt,varying,50,180,5,15,12,558,489.895,
varying_F5_m50_C180_a15_13.txt,varying,50,180,5,15,13,674,36.970.10,
varying_F5_m50_C180_a15_14.txt,varying,50,180,5,15,14,630,59.787.90,
varying_F5_m50_C180_a15_15.txt,varying,50,180,5,15,15,578,81.223.80,
varying_F5_m50_C180_a15_16.txt,varying,50,180,5,15,16,522,9.301.46,
varying_F5_m50_C180_a15_17.txt,varying,50,180,5,15,17,578,14.932.50,
varying_F5_m50_C180_a15_18.txt,varying,50,180,5,15,18,674,206.843,
varying_F5_m50_C180_a15_19.txt,varying,50,180,5,15,19,978,7.297.15,
varying_F5_m50_C180_a15_20.txt,varying,50,180,5,15,20,594,248.808,
varying_F5_m50_C180_a15_21.txt,varying,50,180,5,15,21,1110,4.358.94,
varying_F5_m50_C180_a15_22.txt,varying,50,180,5,15,22,766,5.879.55,
varying_F5_m50_C180_a15_23.txt,varying,50,180,5,15,23,764,2.240.68,
varying_F5_m50_C180_a15_24.txt,varying,50,180,5,15,24,864,3.189.37,
varying_F5_m50_C180_a15_25.txt,varying,50,180,5,15,25,624,8.232.54,
varying_F5_m50_C180_a15_26.txt,varying,50,180,5,15,26,814,2.224.34,
varying_F5_m50_C180_a15_27.txt,varying,50,180,5,15,27,596,6.267.77,
varying_F5_m50_C180_a15_28.txt,varying,50,180,5,15,28,608,13.123,
varying_F5_m50_C180_a15_29.txt,varying,50,180,5,15,29,736,6.163.75,
varying_F5_m50_C180_a15_30.txt,varying,50,180,5,15,30,866,3.191.47,
varying_F5_m50_C180_a15_31.txt,varying,50,180,5,15,31,756,2.831.61,
varying_F5_m50_C180_a15_32.txt,varying,50,180,5,15,32,972,2.305.04,
varying_F5_m50_C180_a15_33.txt,varying,50,180,5,15,33,794,6.388.83,
varying_F5_m50_C180_a15_34.txt,varying,50,180,5,15,34,766,7.112.53,
varying_F5_m50_C180_a15_35.txt,varying,50,180,5,15,35,748,5.894.53,
varying_F5_m50_C180_a15_36.txt,varying,50,180,5,15,36,838,4.842.66,
varying_F5_m50_C180_a15_37.txt,varying,50,180,5,15,37,946,7.587.84,
varying_F5_m50_C180_a15_38.txt,varying,50,180,5,15,38,588,5.943.75,
varying_F5_m50_C180_a15_39.txt,varying,50,180,5,15,39,722,7.686.92,
varying_F5_m50_C180_a15_40.txt,varying,50,180,5,15,40,880,6.354.36,
varying_F5_m50_C180_a15_41.txt,varying,50,180,5,15,41,656,4.675.22,
varying_F5_m50_C180_a15_42.txt,varying,50,180,5,15,42,512,8.172.76,
varying_F5_m50_C180_a15_43.txt,varying,50,180,5,15,43,580,12.138.30,
varying_F5_m50_C180_a15_44.txt,varying,50,180,5,15,44,710,6.652.62,
varying_F5_m50_C180_a15_45.txt,varying,50,180,5,15,45,898,1.811.40,
varying_F5_m50_C180_a15_46.txt,varying,50,180,5,15,46,616,9.176.14,
varying_F5_m50_C180_a15_47.txt,varying,50,180,5,15,47,868,6.379.28,
varying_F5_m50_C180_a15_48.txt,varying,50,180,5,15,48,878,8.467.24,
varying_F5_m50_C180_a15_49.txt,varying,50,180,5,15,49,658,10.653.10,
varying_F5_m50_C180_a30_0.txt,varying,50,180,5,30,0,870,18.846.70,
varying_F5_m50_C180_a30_1.txt,varying,50,180,5,30,1,1088,35.607.40,
varying_F5_m50_C180_a30_2.txt,varying,50,180,5,30,2,1240,9.377.06,
varying_F5_m50_C180_a30_3.txt,varying,50,180,5,30,3,1478,7.115.60,
varying_F5_m50_C180_a30_4.txt,varying,50,180,5,30,4,1060,12.462,
varying_F5_m50_C180_a30_5.txt,varying,50,180,5,30,5,978,88.140.70,
varying_F5_m50_C180_a30_6.txt,varying,50,180,5,30,6,974,21.512.90,
varying_F5_m50_C180_a30_7.txt,varying,50,180,5,30,7,1052,24.092.10,
varying_F5_m50_C180_a30_8.txt,varying,50,180,5,30,8,1144,11.659.80,
varying_F5_m50_C180_a30_9.txt,varying,50,180,5,30,9,1390,6.709.90,
varying_F5_m50_C180_a30_10.txt,varying,50,180,5,30,10,1010,16.194.50,
varying_F5_m50_C180_a30_11.txt,varying,50,180,5,30,11,1016,14.243.90,
varying_F5_m50_C180_a30_12.txt,varying,50,180,5,30,12,698,626.270,
varying_F5_m50_C180_a30_13.txt,varying,50,180,5,30,13,1032,122.245,
varying_F5_m50_C180_a30_14.txt,varying,50,180,5,30,14,996,31.972.60,
varying_F5_m50_C180_a30_15.txt,varying,50,180,5,30,15,1174,49.605.10,
varying_F5_m50_C180_a30_16.txt,varying,50,180,5,30,16,974,730.673,
varying_F5_m50_C180_a30_17.txt,varying,50,180,5,30,17,996,31.879.70,
varying_F5_m50_C180_a30_18.txt,varying,50,180,5,30,18,1020,14.999.40,
varying_F5_m50_C180_a30_19.txt,varying,50,180,5,30,19,1196,69.394.90,
varying_F5_m50_C180_a30_20.txt,varying,50,180,5,30,20,1070,17.445.60,
varying_F5_m50_C180_a30_21.txt,varying,50,180,5,30,21,1426,11.520.30,
varying_F5_m50_C180_a30_22.txt,varying,50,180,5,30,22,1034,23.804.50,
varying_F5_m50_C180_a30_23.txt,varying,50,180,5,30,23,1230,10.161.40,
varying_F5_m50_C180_a30_24.txt,varying,50,180,5,30,24,1108,8.157.88,
varying_F5_m50_C180_a30_25.txt,varying,50,180,5,30,25,948,29.959.50,
varying_F5_m50_C180_a30_26.txt,varying,50,180,5,30,26,1278,11.246.40,
varying_F5_m50_C180_a30_27.txt,varying,50,180,5,30,27,1210,12.937.80,
varying_F5_m50_C180_a30_28.txt,varying,50,180,5,30,28,1078,34.714.50,
varying_F5_m50_C180_a30_29.txt,varying,50,180,5,30,29,1098,74.470.80,
varying_F5_m50_C180_a30_30.txt,varying,50,180,5,30,30,1054,9.286.83,
varying_F5_m50_C180_a30_31.txt,varying,50,180,5,30,31,1192,14.919.80,
varying_F5_m50_C180_a30_32.txt,varying,50,180,5,30,32,1174,18.292.40,
varying_F5_m50_C180_a30_33.txt,varying,50,180,5,30,33,1100,9.251.42,
varying_F5_m50_C180_a30_34.txt,varying,50,180,5,30,34,1160,292.751,
varying_F5_m50_C180_a30_35.txt,varying,50,180,5,30,35,1446,9.755.90,
varying_F5_m50_C180_a30_36.txt,varying,50,180,5,30,36,1356,9.349.38,
varying_F5_m50_C180_a30_37.txt,varying,50,180,5,30,37,1262,204.818,
varying_F5_m50_C180_a30_38.txt,varying,50,180,5,30,38,1382,9.203.71,
varying_F5_m50_C180_a30_39.txt,varying,50,180,5,30,39,1096,8.544.93,
varying_F5_m50_C180_a30_40.txt,varying,50,180,5,30,40,1256,17.035.10,
varying_F5_m50_C180_a30_41.txt,varying,50,180,5,30,41,1040,14.589.80,
varying_F5_m50_C180_a30_42.txt,varying,50,180,5,30,42,922,17.238,
varying_F5_m50_C180_a30_43.txt,varying,50,180,5,30,43,884,603.545,
varying_F5_m50_C180_a30_44.txt,varying,50,180,5,30,44,1118,19.554.40,
varying_F5_m50_C180_a30_45.txt,varying,50,180,5,30,45,1032,12.678.20,
varying_F5_m50_C180_a30_46.txt,varying,50,180,5,30,46,1010,80.286,
varying_F5_m50_C180_a30_47.txt,varying,50,180,5,30,47,1130,141.899,
varying_F5_m50_C180_a30_48.txt,varying,50,180,5,30,48,1224,213.618,
varying_F5_m50_C180_a30_49.txt,varying,50,180,5,30,49,1164,11.867.20,
varying_F10_m50_C180_a3_0.txt,varying,50,180,10,3,0,242,17.879.90,
varying_F10_m50_C180_a3_1.txt,varying,50,180,10,3,1,414,11.355.50,
varying_F10_m50_C180_a3_2.txt,varying,50,180,10,3,2,206,14.390.50,
varying_F10_m50_C180_a3_3.txt,varying,50,180,10,3,3,126,22.803.20,
varying_F10_m50_C180_a3_4.txt,varying,50,180,10,3,4,180,22.216.80,
varying_F10_m50_C180_a3_5.txt,varying,50,180,10,3,5,110,10.818.20,
varying_F10_m50_C180_a3_6.txt,varying,50,180,10,3,6,402,7.454.20,
varying_F10_m50_C180_a3_7.txt,varying,50,180,10,3,7,126,12.701.70,
varying_F10_m50_C180_a3_8.txt,varying,50,180,10,3,8,164,61.552.70,
varying_F10_m50_C180_a3_9.txt,varying,50,180,10,3,9,420,4.834.46,
varying_F10_m50_C180_a3_10.txt,varying,50,180,10,3,10,290,12.698.40,
varying_F10_m50_C180_a3_11.txt,varying,50,180,10,3,11,136,4.390.08,
varying_F10_m50_C180_a3_12.txt,varying,50,180,10,3,12,258,40.143.10,
varying_F10_m50_C180_a3_13.txt,varying,50,180,10,3,13,256,13.037.90,
varying_F10_m50_C180_a3_14.txt,varying,50,180,10,3,14,298,8.137.65,
varying_F10_m50_C180_a3_15.txt,varying,50,180,10,3,15,200,83.875.20,
varying_F10_m50_C180_a3_16.txt,varying,50,180,10,3,16,402,1.401.94,
varying_F10_m50_C180_a3_17.txt,varying,50,180,10,3,17,358,2.887.99,
varying_F10_m50_C180_a3_18.txt,varying,50,180,10,3,18,218,20.950.20,
varying_F10_m50_C180_a3_19.txt,varying,50,180,10,3,19,256,8.616.48,
varying_F10_m50_C180_a3_20.txt,varying,50,180,10,3,20,244,27.293.80,
varying_F10_m50_C180_a3_21.txt,varying,50,180,10,3,21,334,11.277.60,
varying_F10_m50_C180_a3_22.txt,varying,50,180,10,3,22,240,3.011.40,
varying_F10_m50_C180_a3_23.txt,varying,50,180,10,3,23,220,19.745.50,
varying_F10_m50_C180_a3_24.txt,varying,50,180,10,3,24,414,2.979.64,
varying_F10_m50_C180_a3_25.txt,varying,50,180,10,3,25,194,16.811.90,
varying_F10_m50_C180_a3_26.txt,varying,50,180,10,3,26,306,39.388.70,
varying_F10_m50_C180_a3_27.txt,varying,50,180,10,3,27,188,17.579.70,
varying_F10_m50_C180_a3_28.txt,varying,50,180,10,3,28,502,2.620.91,
varying_F10_m50_C180_a3_29.txt,varying,50,180,10,3,29,324,2.824.73,
varying_F10_m50_C180_a3_30.txt,varying,50,180,10,3,30,474,8.982.56,
varying_F10_m50_C180_a3_31.txt,varying,50,180,10,3,31,156,15.469.10,
varying_F10_m50_C180_a3_32.txt,varying,50,180,10,3,32,224,14.336.90,
varying_F10_m50_C180_a3_33.txt,varying,50,180,10,3,33,332,1.849.04,
varying_F10_m50_C180_a3_34.txt,varying,50,180,10,3,34,330,3.326.69,
varying_F10_m50_C180_a3_35.txt,varying,50,180,10,3,35,156,145.420,
varying_F10_m50_C180_a3_36.txt,varying,50,180,10,3,36,322,7.223.72,
varying_F10_m50_C180_a3_37.txt,varying,50,180,10,3,37,396,2.943.73,
varying_F10_m50_C180_a3_38.txt,varying,50,180,10,3,38,162,17.682.60,
varying_F10_m50_C180_a3_39.txt,varying,50,180,10,3,39,224,5.928.42,
varying_F10_m50_C180_a3_40.txt,varying,50,180,10,3,40,206,23.300.50,
varying_F10_m50_C180_a3_41.txt,varying,50,180,10,3,41,434,12.650,
varying_F10_m50_C180_a3_42.txt,varying,50,180,10,3,42,194,13.317.60,
varying_F10_m50_C180_a3_43.txt,varying,50,180,10,3,43,398,3.998.50,
varying_F10_m50_C180_a3_44.txt,varying,50,180,10,3,44,146,39.254.40,
varying_F10_m50_C180_a3_45.txt,varying,50,180,10,3,45,356,3.592.04,
varying_F10_m50_C180_a3_46.txt,varying,50,180,10,3,46,360,16.760.50,
varying_F10_m50_C180_a3_47.txt,varying,50,180,10,3,47,146,6.591.25,
varying_F10_m50_C180_a3_48.txt,varying,50,180,10,3,48,132,14.703.30,
varying_F10_m50_C180_a3_49.txt,varying,50,180,10,3,49,220,21.489.90,
varying_F10_m50_C180_a7_0.txt,varying,50,180,10,7,0,324,8.410.16,
varying_F10_m50_C180_a7_1.txt,varying,50,180,10,7,1,534,23.664.90,
varying_F10_m50_C180_a7_2.txt,varying,50,180,10,7,2,320,102.438,
varying_F10_m50_C180_a7_3.txt,varying,50,180,10,7,3,282,95.035,
varying_F10_m50_C180_a7_4.txt,varying,50,180,10,7,4,408,13.476.90,
varying_F10_m50_C180_a7_5.txt,varying,50,180,10,7,5,370,4.508.35,
varying_F10_m50_C180_a7_6.txt,varying,50,180,10,7,6,546,12.460.90,
varying_F10_m50_C180_a7_7.txt,varying,50,180,10,7,7,232,29.339.80,
varying_F10_m50_C180_a7_8.txt,varying,50,180,10,7,8,228,72.980.50,
varying_F10_m50_C180_a7_9.txt,varying,50,180,10,7,9,484,10.949.50,
varying_F10_m50_C180_a7_10.txt,varying,50,180,10,7,10,356,14.912.60,
varying_F10_m50_C180_a7_11.txt,varying,50,180,10,7,11,272,27.027.60,
varying_F10_m50_C180_a7_12.txt,varying,50,180,10,7,12,306,231.789,
varying_F10_m50_C180_a7_13.txt,varying,50,180,10,7,13,370,13.830.70,
varying_F10_m50_C180_a7_14.txt,varying,50,180,10,7,14,372,16.927,
varying_F10_m50_C180_a7_15.txt,varying,50,180,10,7,15,304,443.042,
varying_F10_m50_C180_a7_16.txt,varying,50,180,10,7,16,588,10.366.90,
varying_F10_m50_C180_a7_17.txt,varying,50,180,10,7,17,540,13.750.50,
varying_F10_m50_C180_a7_18.txt,varying,50,180,10,7,18,266,34.528.90,
varying_F10_m50_C180_a7_19.txt,varying,50,180,10,7,19,304,17.870.10,
varying_F10_m50_C180_a7_20.txt,varying,50,180,10,7,20,294,225.820,
varying_F10_m50_C180_a7_21.txt,varying,50,180,10,7,21,380,19.019.40,
varying_F10_m50_C180_a7_22.txt,varying,50,180,10,7,22,414,16.962.40,
varying_F10_m50_C180_a7_23.txt,varying,50,180,10,7,23,462,12.988.80,
varying_F10_m50_C180_a7_24.txt,varying,50,180,10,7,24,434,5.993.68,
varying_F10_m50_C180_a7_25.txt,varying,50,180,10,7,25,224,13.724,
varying_F10_m50_C180_a7_26.txt,varying,50,180,10,7,26,568,22.345.40,
varying_F10_m50_C180_a7_27.txt,varying,50,180,10,7,27,292,24.973,
varying_F10_m50_C180_a7_28.txt,varying,50,180,10,7,28,502,3.801.68,
varying_F10_m50_C180_a7_29.txt,varying,50,180,10,7,29,342,15.790.80,
varying_F10_m50_C180_a7_30.txt,varying,50,180,10,7,30,490,14.880.10,
varying_F10_m50_C180_a7_31.txt,varying,50,180,10,7,31,446,9.087.23,
varying_F10_m50_C180_a7_32.txt,varying,50,180,10,7,32,576,5.963.69,
varying_F10_m50_C180_a7_33.txt,varying,50,180,10,7,33,514,4.766.84,
varying_F10_m50_C180_a7_34.txt,varying,50,180,10,7,34,446,12.093,
varying_F10_m50_C180_a7_35.txt,varying,50,180,10,7,35,380,37.038.20,
varying_F10_m50_C180_a7_36.txt,varying,50,180,10,7,36,428,19.962.50,
varying_F10_m50_C180_a7_37.txt,varying,50,180,10,7,37,440,14.069.60,
varying_F10_m50_C180_a7_38.txt,varying,50,180,10,7,38,256,70.655.10,
varying_F10_m50_C180_a7_39.txt,varying,50,180,10,7,39,298,19.822.10,
varying_F10_m50_C180_a7_40.txt,varying,50,180,10,7,40,254,45.243,
varying_F10_m50_C180_a7_41.txt,varying,50,180,10,7,41,436,12.448.10,
varying_F10_m50_C180_a7_42.txt,varying,50,180,10,7,42,340,12.728.30,
varying_F10_m50_C180_a7_43.txt,varying,50,180,10,7,43,438,14.120,
varying_F10_m50_C180_a7_44.txt,varying,50,180,10,7,44,322,17.265.60,
varying_F10_m50_C180_a7_45.txt,varying,50,180,10,7,45,360,16.018.30,
varying_F10_m50_C180_a7_46.txt,varying,50,180,10,7,46,534,23.339.30,
varying_F10_m50_C180_a7_47.txt,varying,50,180,10,7,47,396,14.481.10,
varying_F10_m50_C180_a7_48.txt,varying,50,180,10,7,48,420,5.422.56,
varying_F10_m50_C180_a7_49.txt,varying,50,180,10,7,49,264,48.029.30,
varying_F10_m50_C180_a15_0.txt,varying,50,180,10,15,0,398,17.075.20,
varying_F10_m50_C180_a15_1.txt,varying,50,180,10,15,1,732,5.942.03,
varying_F10_m50_C180_a15_2.txt,varying,50,180,10,15,2,376,2.71E+06,
varying_F10_m50_C180_a15_3.txt,varying,50,180,10,15,3,450,48.205.40,
varying_F10_m50_C180_a15_4.txt,varying,50,180,10,15,4,494,120.482,
varying_F10_m50_C180_a15_5.txt,varying,50,180,10,15,5,642,5.554.41,
varying_F10_m50_C180_a15_6.txt,varying,50,180,10,15,6,568,43.700.40,
varying_F10_m50_C180_a15_7.txt,varying,50,180,10,15,7,318,56.510.30,
varying_F10_m50_C180_a15_8.txt,varying,50,180,10,15,8,324,405.195,
varying_F10_m50_C180_a15_9.txt,varying,50,180,10,15,9,680,16.781.20,
varying_F10_m50_C180_a15_10.txt,varying,50,180,10,15,10,442,41.680.50,
varying_F10_m50_C180_a15_11.txt,varying,50,180,10,15,11,378,22.543.50,
varying_F10_m50_C180_a15_12.txt,varying,50,180,10,15,12,404,42.286.70,
varying_F10_m50_C180_a15_13.txt,varying,50,180,10,15,13,536,130.911,
varying_F10_m50_C180_a15_14.txt,varying,50,180,10,15,14,476,30.001.20,
varying_F10_m50_C180_a15_15.txt,varying,50,180,10,15,15,430,73.621.40,
varying_F10_m50_C180_a15_16.txt,varying,50,180,10,15,16,768,12.291.60,
varying_F10_m50_C180_a15_17.txt,varying,50,180,10,15,17,640,19.194.60,
varying_F10_m50_C180_a15_18.txt,varying,50,180,10,15,18,560,993.728,
varying_F10_m50_C180_a15_19.txt,varying,50,180,10,15,19,680,18.647.20,
varying_F10_m50_C180_a15_20.txt,varying,50,180,10,15,20,390,1.03E+06,
varying_F10_m50_C180_a15_21.txt,varying,50,180,10,15,21,514,95.392.10,
varying_F10_m50_C180_a15_22.txt,varying,50,180,10,15,22,632,61.938.70,
varying_F10_m50_C180_a15_23.txt,varying,50,180,10,15,23,534,36.362.30,
varying_F10_m50_C180_a15_24.txt,varying,50,180,10,15,24,764,10.898.10,
varying_F10_m50_C180_a15_25.txt,varying,50,180,10,15,25,462,36.859,
varying_F10_m50_C180_a15_26.txt,varying,50,180,10,15,26,612,13.342.30,
varying_F10_m50_C180_a15_27.txt,varying,50,180,10,15,27,432,393.063,
varying_F10_m50_C180_a15_28.txt,varying,50,180,10,15,28,718,15.971.50,
varying_F10_m50_C180_a15_29.txt,varying,50,180,10,15,29,802,9.793.79,
varying_F10_m50_C180_a15_30.txt,varying,50,180,10,15,30,616,27.417.20,
varying_F10_m50_C180_a15_31.txt,varying,50,180,10,15,31,546,22.816,
varying_F10_m50_C180_a15_32.txt,varying,50,180,10,15,32,792,15.411.90,
varying_F10_m50_C180_a15_33.txt,varying,50,180,10,15,33,718,7.978.39,
varying_F10_m50_C180_a15_34.txt,varying,50,180,10,15,34,766,7.522.30,
varying_F10_m50_C180_a15_35.txt,varying,50,180,10,15,35,484,263.212,
varying_F10_m50_C180_a15_36.txt,varying,50,180,10,15,36,590,8.968.27,
varying_F10_m50_C180_a15_37.txt,varying,50,180,10,15,37,652,20.941.30,
varying_F10_m50_C180_a15_38.txt,varying,50,180,10,15,38,506,14.402.20,
varying_F10_m50_C180_a15_39.txt,varying,50,180,10,15,39,536,174.850,
varying_F10_m50_C180_a15_40.txt,varying,50,180,10,15,40,458,55.838.20,
varying_F10_m50_C180_a15_41.txt,varying,50,180,10,15,41,662,26.276.40,
varying_F10_m50_C180_a15_42.txt,varying,50,180,10,15,42,422,26.283.80,
varying_F10_m50_C180_a15_43.txt,varying,50,180,10,15,43,616,7.441.64,
varying_F10_m50_C180_a15_44.txt,varying,50,180,10,15,44,580,23.238.20,
varying_F10_m50_C180_a15_45.txt,varying,50,180,10,15,45,682,17.472.60,
varying_F10_m50_C180_a15_46.txt,varying,50,180,10,15,46,626,68.348.20,
varying_F10_m50_C180_a15_47.txt,varying,50,180,10,15,47,590,20.744.10,
varying_F10_m50_C180_a15_48.txt,varying,50,180,10,15,48,574,18.065.90,
varying_F10_m50_C180_a15_49.txt,varying,50,180,10,15,49,688,26.032.40,
varying_F10_m50_C180_a30_0.txt,varying,50,180,10,30,0,700,149.641,
varying_F10_m50_C180_a30_1.txt,varying,50,180,10,30,1,882,47.398.60,
varying_F10_m50_C180_a30_2.txt,varying,50,180,10,30,2,530,1.01E+07,
varying_F10_m50_C180_a30_3.txt,varying,50,180,10,30,3,692,49.920.10,
varying_F10_m50_C180_a30_4.txt,varying,50,180,10,30,4,1092,28.064.30,
varying_F10_m50_C180_a30_5.txt,varying,50,180,10,30,5,844,23.652.10,
varying_F10_m50_C180_a30_6.txt,varying,50,180,10,30,6,850,88.460.60,
varying_F10_m50_C180_a30_7.txt,varying,50,180,10,30,7,744,36.082.30,
varying_F10_m50_C180_a30_8.txt,varying,50,180,10,30,8,614,19.462.70,
varying_F10_m50_C180_a30_9.txt,varying,50,180,10,30,9,814,24.878.30,
varying_F10_m50_C180_a30_10.txt,varying,50,180,10,30,10,778,654.864,
varying_F10_m50_C180_a30_11.txt,varying,50,180,10,30,11,740,306.038,
varying_F10_m50_C180_a30_12.txt,varying,50,180,10,30,12,490,384.727,
varying_F10_m50_C180_a30_13.txt,varying,50,180,10,30,13,622,972.896,
varying_F10_m50_C180_a30_14.txt,varying,50,180,10,30,14,562,100.862,
varying_F10_m50_C180_a30_15.txt,varying,50,180,10,30,15,738,75.025.40,
varying_F10_m50_C180_a30_16.txt,varying,50,180,10,30,16,904,17.510.70,
varying_F10_m50_C180_a30_17.txt,varying,50,180,10,30,17,874,476.878,
varying_F10_m50_C180_a30_18.txt,varying,50,180,10,30,18,778,1.35E+06,
varying_F10_m50_C180_a30_19.txt,varying,50,180,10,30,19,872,40.053.70,
varying_F10_m50_C180_a30_20.txt,varying,50,180,10,30,20,754,153.259,
varying_F10_m50_C180_a30_21.txt,varying,50,180,10,30,21,692,66.627.10,
varying_F10_m50_C180_a30_22.txt,varying,50,180,10,30,22,894,120.860,
varying_F10_m50_C180_a30_23.txt,varying,50,180,10,30,23,720,41.528.30,
varying_F10_m50_C180_a30_24.txt,varying,50,180,10,30,24,1034,20.498.50,
varying_F10_m50_C180_a30_25.txt,varying,50,180,10,30,25,824,19.228,
varying_F10_m50_C180_a30_26.txt,varying,50,180,10,30,26,714,44.401.70,
varying_F10_m50_C180_a30_27.txt,varying,50,180,10,30,27,660,465.187,
varying_F10_m50_C180_a30_28.txt,varying,50,180,10,30,28,822,60.744.30,
varying_F10_m50_C180_a30_29.txt,varying,50,180,10,30,29,956,35.141.80,
varying_F10_m50_C180_a30_30.txt,varying,50,180,10,30,30,958,49.953.50,
varying_F10_m50_C180_a30_31.txt,varying,50,180,10,30,31,904,80.383.70,
varying_F10_m50_C180_a30_32.txt,varying,50,180,10,30,32,964,27.548.10,
varying_F10_m50_C180_a30_33.txt,varying,50,180,10,30,33,892,21.217.70,
varying_F10_m50_C180_a30_34.txt,varying,50,180,10,30,34,888,20.092.90,
varying_F10_m50_C180_a30_35.txt,varying,50,180,10,30,35,816,96.433.90,
varying_F10_m50_C180_a30_36.txt,varying,50,180,10,30,36,946,48.533.90,
varying_F10_m50_C180_a30_37.txt,varying,50,180,10,30,37,826,54.956.10,
varying_F10_m50_C180_a30_38.txt,varying,50,180,10,30,38,668,52.682,
varying_F10_m50_C180_a30_39.txt,varying,50,180,10,30,39,796,329.122,
varying_F10_m50_C180_a30_40.txt,varying,50,180,10,30,40,698,185.695,
varying_F10_m50_C180_a30_41.txt,varying,50,180,10,30,41,928,35.450.80,
varying_F10_m50_C180_a30_42.txt,varying,50,180,10,30,42,660,243.335,
varying_F10_m50_C180_a30_43.txt,varying,50,180,10,30,43,792,34.316.70,
varying_F10_m50_C180_a30_44.txt,varying,50,180,10,30,44,892,42.007.20,
varying_F10_m50_C180_a30_45.txt,varying,50,180,10,30,45,882,31.213.90,
varying_F10_m50_C180_a30_46.txt,varying,50,180,10,30,46,920,69.885.40,
varying_F10_m50_C180_a30_47.txt,varying,50,180,10,30,47,838,32.844.40,
varying_F10_m50_C180_a30_48.txt,varying,50,180,10,30,48,654,59.232.80,
varying_F10_m50_C180_a30_49.txt,varying,50,180,10,30,49,1174,25.737,
